32768 32768 32768 32768 32768 32768 32768 32768 32768 32768 32768 32768 32768 32768 32768 32768 320 320 320 320 320 320 32768 32768 32768 32768 32768 32768 32768 32768 32768 32768 32768 32768 32768 32768 32768 32768 32768 32768 32768 32768 32768 32768 32768 32768 32768 32768 32768 32768 32768 32768 32768 32768 32768 32768 32768 32768 32768 32768 32768 32768 32768 32768 32768 32768 32768 32768 32768 32768 32768 32768 32768 32768 32768 32768 32768 32768 32768 32768 32768 32768 32768 32768 32768 32768 32768 32768 32768 32768 32768 32768 32768 32768 32768 32768 32768 32768 32768 32768 32768 32768 32768 32768 32768 32768 32768 32768 32768 32768 32768 32768 32768 32768 32768 32768 32768 32768 32768 32768 32768 32768 32768 32768 32768 32768 32768 32768 32768 32768 32768 32768 32768 32768 32768 32768 320 320 320 320 320 320 320 320 320 320 320 320 320 320 320 320 320 320 320 320 320 320 320 320 344 344 344 344 32768 32768 32768 32768 32768 32768 320 320 320 32768 32768 32768 32768 32768 32768 32768 32768 32768 320 320 320 320 320 320 320 320 32768 32768 32768 32768 32768 32768 32768 32768 32768 32768
32768 32768 32768 32768 32768 32768 32768 32768 32768 32768 32768 32768 32768 32768 32768 320 320 320 320 320 320 320 320 32768 32768 32768 32768 32768 32768 32768 32768 32768 32768 32768 32768 32768 32768 32768 32768 32768 32768 32768 32768 32768 32768 32768 32768 32768 32768 32768 32768 32768 32768 32768 32768 32768 32768 32768 32768 32768 32768 32768 32768 32768 32768 32768 32768 32768 32768 32768 32768 32768 32768 32768 32768 32768 32768 32768 32768 32768 32768 32768 32768 32768 32768 32768 32768 32768 32768 32768 32768 32768 32768 32768 32768 32768 32768 32768 32768 32768 32768 32768 32768 32768 32768 32768 32768 32768 32768 32768 32768 32768 32768 32768 32768 32768 32768 32768 32768 32768 32768 32768 32768 32768 32768 32768 32768 32768 32768 32768 32768 32768 32768 32768 32768 320 320 320 320 320 320 320 320 320 320 320 320 320 320 320 320 320 4416 4416 4416 320 320 320 320 320 320 344 344 32768 32768 32768 32768 32768 32768 32768 320 320 320 320 320 32768 32768 32768 32768 32768 32768 32768 32768 320 320 320 320 320 320 320 32768 32768 32768 32768 32768 32768 32768 32768 32768 32768
32768 32768 32768 32768 32768 32768 32768 32768 32768 32768 32768 32768 32768 320 320 320 320 320 320 320 320 32768 32768 32768 32768 32768 32768 32768 32768 32768 32768 32768 32768 32768 32768 32768 32768 32768 32768 32768 32768 32768 32768 32768 32768 32768 32768 32768 32768 32768 32768 32768 32768 32768 32768 32768 32768 32768 32768 32768 32768 32768 32768 32768 32768 32768 32768 32768 32768 32768 32768 32768 32768 32768 32768 32768 32768 32768 32768 32768 32768 32768 32768 32768 32768 32768 32768 32768 32768 32768 32768 32768 32768 32768 32768 32768 32768 32768 32768 32768 32768 32768 32768 32768 32768 32768 32768 32768 32768 32768 32768 32768 32768 32768 32768 32768 32768 32768 32768 32768 32768 32768 32768 32768 32768 32768 32768 32768 32768 32768 32768 32768 32768 32768 32768 32768 320 320 320 320 320 320 320 320 320 320 320 320 320 320 320 320 4416 4416 4416 4416 4416 320 320 320 320 320 344 32768 32768 32768 32768 32768 32768 32768 32768 320 320 320 320 320 32768 32768 32768 32768 32768 32768 32768 32768 320 320 320 320 320 320 320 32768 32768 32768 32768 32768 32768 32768 32768 32768
32768 32768 32768 32768 32768 32768 32768 32768 32768 32768 32768 32768 320 320 320 320 320 320 320 320 32768 32768 32768 32768 32768 32768 32768 32768 32768 32768 32768 32768 32768 32768 32768 32768 32768 32768 32768 32768 32768 32768 32768 32768 32768 32768 32768 32768 32768 32768 32768 32768 32768 32768 32768 32768 32768 32768 32768 32768 32768 32768 32768 32768 32768 32768 32768 32768 32768 32768 32768 32768 32768 32768 32768 32768 32768 32768 32768 32768 32768 32768 32768 32768 32768 32768 32768 32768 32768 32768 32768 32768 32768 32768 32768 32768 32768 32768 32768 32768 32768 32768 32768 32768 32768 32768 32768 32768 32768 32768 32768 32768 32768 32768 32768 32768 32768 32768 32768 32768 32768 32768 32768 32768 32768 32768 32768 32768 32768 32768 32768 32768 32768 32768 32768 32768 32768 32768 32768 32768 32768 32768 32768 32768 32768 32768 32768 32768 32768 32768 32768 320 4416 4416 4416 4416 4416 4416 4416 320 336 336 32768 32768 32768 32768 32768 32768 32768 32768 32768 320 320 320 320 32768 32768 32768 32768 32768 32768 32768 32768 320 320 320 320 320 320 320 32768 32768 32768 32768 32768 32768 32768 32768 32768 32768
32768 32768 32768 32768 32768 32768 32768 32768 32768 32768 32768 32768 320 320 320 320 320 320 320 32768 32768 32768 32768 32768 32768 32768 32768 32768 32768 32768 32768 32768 32768 32768 32768 32768 32768 32768 32768 32768 32768 32768 32768 32768 32768 32768 32768 32768 32768 32768 32768 32768 32768 32768 32768 32768 32768 32768 32768 32768 32768 32768 32768 32768 32768 32768 32768 32768 32768 32768 32768 32768 32768 32768 32768 32768 32768 32768 32768 32768 32768 32768 32768 32768 32768 32768 32768 32768 32768 32768 32768 32768 32768 32768 32768 32768 32768 32768 32768 32768 32768 32768 32768 32768 32768 32768 32768 32768 32768 32768 32768 32768 32768 32768 32768 32768 32768 32768 32768 32768 32768 32768 32768 32768 32768 32768 32768 32768 32768 32768 32768 32768 32768 32768 32768 32768 32768 32768 32768 32768 32768 32768 32768 32768 32768 32768 32768 32768 32768 32768 32768 32768 4416 4416 4416 20824 20824 344 320 336 320 32768 32768 32768 32768 32768 32768 32768 32768 32768 32768 32768 32768 32768 32768 32768 32768 32768 32768 32768 32768 32768 32768 320 320 320 320 320 320 320 32768 32768 32768 32768 32768 32768 32768 32768 32768 32768
32768 32768 32768 32768 32768 32768 32768 32768 32768 32768 32768 32768 32768 320 32768 320 320 320 320 32768 32768 32768 32768 32768 32768 32768 32768 32768 32768 32768 32768 32768 32768 32768 32768 32768 32768 32768 32768 32768 32768 32768 32768 32768 32768 32768 32768 32768 32768 32768 32768 32768 32768 32768 32768 32768 32768 32768 32768 32768 32768 32768 32768 32768 32768 32768 32768 32768 32768 32768 32768 32768 32768 32768 32768 32768 32768 32768 32768 32768 32768 32768 32768 32768 32768 32768 32768 32768 32768 32768 32768 32768 32768 32768 32768 32768 32768 32768 32768 32768 32768 32768 32768 32768 32768 32768 32768 32768 32768 32768 32768 32768 32768 32768 32768 32768 32768 32768 32768 32768 32768 32768 32768 32768 32768 32768 32768 32768 32768 32768 32768 32768 32768 32768 32768 32768 32768 32768 32768 32768 32768 32768 32768 32768 32768 32768 32768 32768 32768 32768 32768 32768 32768 320 344 344 344 344 344 320 320 32768 32768 32768 32768 32768 32768 32768 32768 32768 32768 32768 32768 32768 32768 32768 32768 32768 32768 32768 32768 32768 32768 32768 320 320 320 32768 320 32768 32768 32768 32768 32768 32768 32768 32768 32768 32768 32768
32768 32768 32768 32768 32768 32768 32768 32768 32768 32768 32768 32768 32768 32768 32768 32768 320 320 32768 32768 32768 32768 32768 32768 32768 32768 32768 32768 32768 32768 32768 32768 32768 32768 32768 32768 32768 32768 32768 32768 32768 32768 32768 32768 32768 32768 32768 32768 32768 32768 32768 32768 32768 32768 32768 32768 32768 32768 32768 32768 32768 32768 32768 32768 32768 32768 32768 32768 32768 32768 32768 32768 32768 32768 32768 32768 32768 32768 32768 32768 32768 32768 32768 32768 32768 32768 32768 32768 32768 32768 32768 32768 32768 32768 32768 32768 32768 32768 32768 32768 32768 32768 32768 32768 32768 32768 32768 32768 32768 192 32768 32768 32768 32768 32768 32768 32768 32768 32768 32768 32768 32768 32768 32768 32768 32768 32768 32768 32768 32768 32768 32768 32768 32768 32768 32768 32768 32768 32768 32768 32768 32768 32768 32768 32768 32768 32768 32768 32768 32768 32768 32768 32768 32768 32768 32784 32768 32768 32768 32768 32768 32768 32768 32768 32768 32768 32768 32768 32768 32768 32768 32768 32768 32768 32768 32768 32768 32768 32768 32768 32768 32768 32768 32768 32768 32768 32768 32768 32768 32768 32768 32768 32768 32768 32768 32768 32768 32768 32768 32768
32768 32768 32768 32768 32768 32768 32768 32768 32768 32768 32768 32768 32768 32768 32768 32768 32768 32768 32768 32768 32768 32768 32768 32768 32768 32768 32768 32768 32768 32768 32768 32768 32768 32768 32768 32768 32768 32768 32768 32768 32768 32768 32768 32768 32768 32768 32768 32768 32768 32768 32768 32768 32768 32768 32768 32768 32768 32768 32768 32768 32768 32768 32768 32768 32768 32768 32768 32768 32768 32768 32768 32768 32768 32768 32768 32768 32768 32768 32768 32768 32768 32768 32768 32768 32768 32768 32768 32768 32768 32768 32768 32768 32768 32768 32768 32768 32768 32768 32768 32768 32768 32768 32768 32768 32768 32768 32768 32768 32768 32768 192 192 32768 32768 32768 32768 32768 32768 32768 32768 32768 32768 32768 32768 32768 32768 32768 32768 32768 32768 32768 32768 32768 32768 32768 32768 32768 192 192 32768 32784 32784 208 32768 32768 32768 32768 192 192 32768 32768 32768 32768 32768 32768 32784 32768 32768 32768 32768 32768 32768 32768 32768 32768 32768 32768 32768 32768 32768 32768 32768 32768 32768 32768 32768 32768 32768 32768 32768 32768 32768 32768 32768 32768 32768 32768 32768 32768 32768 32768 32768 32768 32768 32768 32768 32768 32768 32768 32768
32768 32768 32768 32768 32768 32768 32768 32768 32768 32768 32768 32768 32768 32768 32768 32768 32768 32768 32768 32768 32768 32768 32768 32768 32768 32768 32768 32768 32768 32768 32768 32768 32768 32768 32768 32768 32768 32768 32768 32768 32768 32768 32768 32768 32768 32768 32768 32768 32768 32768 32768 32768 32768 32768 32768 32768 32768 32768 32768 32768 32768 32768 32768 32768 32768 32768 32768 32768 32768 32768 32768 32768 32768 32768 32768 32768 32768 32768 32768 32768 32768 32768 32768 32768 32768 32768 32768 32768 32768 32768 32768 32768 32768 32768 32768 32768 32768 32768 32768 32768 32768 32768 32768 32768 32768 32768 32768 32768 32768 32768 192 192 32768 32768 32768 32768 192 192 32768 32768 32768 32768 32768 32768 32768 32768 32768 32768 32768 32768 32768 32768 32768 32768 32768 32768 32768 192 208 208 208 210 32784 32784 32768 32768 32768 32768 192 192 32768 32768 32768 32768 32784 32768 32768 32768 32768 32768 32768 32768 32768 32768 32768 32768 32768 32768 32768 32768 32768 32768 32768 192 192 192 32768 32768 32768 32768 32768 32768 32768 32768 32768 32768 32768 32768 32768 32768 32768 32768 32768 32768 32768 32768 32768 32768 32768 32768
32768 32768 32768 32768 32768 32768 32768 32768 32768 32768 32768 32768 32768 32768 32768 32768 32768 32768 32768 32768 32768 32768 32768 32768 32768 32768 32768 32768 32768 32768 32768 32768 32768 32768 32768 32768 32768 32768 32768 32768 32768 32768 32768 32768 32768 32768 32768 32768 32768 32768 32768 32768 32768 32768 32768 32768 32768 32768 32768 32768 32768 32768 32768 32768 32768 32768 32768 32768 32768 32768 32768 32768 32768 32768 32768 32768 32768 32768 32768 32768 32768 32768 32768 32768 32768 32768 32768 32768 32768 32768 32768 32768 32768 32768 32768 32768 32768 32768 32768 32768 32768 32768 32768 32768 32768 32768 32768 32768 32768 192 192 32768 32768 32768 32768 32768 192 192 192 32768 32768 32768 32768 32768 32768 32768 32768 32768 32768 32768 32768 32768 32768 32768 32768 32768 32784 208 208 210 210 210 210 32784 32784 32784 32768 32768 32768 192 32768 32768 32768 32768 32784 32768 32768 32768 32768 32768 32768 32768 32768 32768 32768 32768 32768 32768 32768 32768 32768 32768 32768 32768 192 192 192 32768 32768 192 32768 32768 32768 32768 32768 32768 32768 32768 32768 32768 32768 32768 32768 32768 32768 32768 32768 32768 32768 32768
32768 32768 32768 32768 32768 32768 32768 32768 32768 32768 32768 32768 32768 32768 32768 32768 32768 32768 32768 32768 32768 32768 32768 32768 32768 32768 32768 32768 32768 32768 32768 32768 32768 32768 32768 32768 32768 32768 32768 32768 32768 32768 32768 32768 32768 32768 32768 32768 32768 32768 32768 32768 32768 32768 32768 32768 32768 32768 32768 32768 32768 32768 32768 32768 32768 32768 32768 32768 32768 32768 32768 32768 32768 32768 32768 32768 32768 32768 32768 32768 32768 32768 32768 32768 32768 32768 32768 32768 32768 32768 32768 32768 32768 32768 32768 32768 32768 32768 32768 32768 32768 32768 32768 32768 32768 32768 32768 32768 32768 32768 32768 192 32768 32768 32768 192 192 192 32768 32768 32768 2176 32768 32768 32768 32768 32768 32768 32768 32768 32768 32768 32768 32768 32768 32768 32784 210 210 210 210 210 210 210 210 32784 32784 32768 32768 192 32768 32768 192 192 208 192 32768 192 192 192 192 32768 192 32768 32768 32768 32768 32768 32768 32768 4288 192 32768 32768 32768 192 192 192 192 32768 32768 32768 32768 32768 32768 32768 32768 32768 32768 32768 32768 32768 32768 32768 32768 32768 32768 32768 32768 32768
32768 32768 32768 32768 32768 32768 32768 32768 32768 32768 32768 32768 32768 32768 32768 32768 32768 32768 32768 32768 32768 32768 32768 32768 32768 32768 32768 32768 32768 32768 32768 32768 32768 32768 32768 32768 32768 32768 32768 32768 32768 32768 32768 32768 32768 32768 32768 32768 32768 32768 32768 32768 32768 32768 32768 32768 32768 32768 32768 32768 32768 32768 32768 32768 32768 32768 32768 32768 32768 32768 32768 32768 32768 32768 32768 32768 32768 32768 32768 32768 32768 32768 32768 32768 32768 32768 32768 32768 32768 32768 32768 32768 32768 32768 32768 32768 32768 32768 32768 32768 32768 32768 32768 32768 32768 32768 32768 32768 32768 32768 192 32768 192 192 192 192 192 192 2176 2176 2176 3200 3200 32768 32768 32768 32768 32768 32768 32768 32768 32768 32768 32768 32768 192 208 32784 210 210 210 210 210 210 210 210 32784 32784 32768 32768 192 192 192 192 208 32768 192 192 192 192 32768 32768 192 32768 32768 32768 32768 32768 32768 4288 4288 192 192 32768 32768 32768 32768 32768 192 32768 32768 32768 32768 32768 32768 32768 32768 32768 32768 32768 32768 32768 32768 32768 32768 32768 32768 32768 32768 32768
32768 32768 32768 32768 32768 32768 32768 32768 32768 32768 32768 32768 32768 32768 32768 32768 32768 32768 32768 32768 32768 32768 32768 32768 32768 32768 32768 32768 32768 32768 32768 32768 32768 32768 32768 32768 32768 32768 32768 32768 32768 32768 32768 32768 32768 32768 32768 32768 32768 32768 32768 32768 32768 32768 32768 32768 32768 32768 32768 32768 32768 192 32768 32768 32768 32768 32768 32768 32768 32768 32768 32768 32768 32768 32768 32768 2176 2176 32768 32768 32768 32768 32768 32768 32768 32768 32768 32768 32768 32768 32768 32768 32768 32768 32768 32768 32768 32768 32768 32768 32768 32768 32768 32768 32768 192 32768 192 32768 32768 192 192 192 192 192 192 192 2176 3200 2176 2176 3200 3200 32768 3200 3200 3200 32768 32768 32768 32768 32768 32768 192 32768 32784 192 208 208 208 210 210 210 210 210 210 210 208 32784 32784 192 192 192 32784 32768 32768 32768 192 192 192 32768 192 192 192 192 32768 32768 4288 4288 4288 4288 192 192 192 32768 32768 192 192 192 192 32768 192 32768 32768 32768 32768 32768 32768 32768 32768 32768 32768 32768 32768 32768 32768 32768 32768 32768 32768
32768 32768 32768 32768 32768 32768 32768 32768 32768 32768 32768 32768 32768 32768 32768 32768 32768 32768 32768 32768 32768 32768 32768 32768 32768 32768 32768 32768 32768 32768 32768 32768 32768 32768 32768 32768 32768 32768 32768 32768 32768 32768 32768 32768 32768 32768 32768 32768 32768 32768 32768 32768 32768 32768 32768 32768 192 192 32768 192 192 192 32768 32768 192 192 192 192 32768 32768 32768 32768 2176 32768 2176 6272 6272 32768 32768 32768 32768 32768 32768 32768 32768 32768 32768 32768 32768 32768 32768 32768 32768 32768 32768 32768 32768 32768 32768 32768 32768 32768 32768 32768 32768 32768 192 192 192 192 192 192 192 192 192 192 192 3200 3200 3200 2176 3200 3200 3200 3200 3200 3200 3200 32768 32768 1152 1152 5248 32768 32784 32768 32768 32768 192 21648 20688 20690 20690 20690 210 210 210 208 32784 32784 208 208 32784 208 192 192 192 32768 192 192 192 192 192 192 192 192 32768 32768 4288 4288 192 192 192 192 32768 32768 192 192 192 192 192 192 32768 192 192 32768 32768 32768 32768 32768 32768 32768 32768 32768 32768 32768 32768 32768 32768 32768
32768 32768 32768 32768 32768 32768 32768 32768 32768 32768 32768 32768 32768 32768 32768 32768 32768 32768 32768 32768 32768 32768 32768 32768 32768 32768 32768 32768 32768 32768 32768 32768 32768 32768 32768 32768 32768 32768 32768 32768 32768 32768 32768 32768 32768 32768 32768 32768 32768 32768 32768 32768 32768 32768 32768 32768 192 192 32768 192 192 192 192 192 192 192 192 192 192 4288 32768 6272 2176 2176 6272 6272 6272 6272 32768 6272 32768 32768 32768 32768 4288 32768 32768 32768 32768 32768 32768 32768 32768 32768 32768 32768 32768 32768 32768 32768 32768 32768 32768 32768 32768 32768 192 192 192 192 192 192 192 192 192 640 3200 3200 3200 3200 7296 7296 7296 7296 7296 7296 7296 7296 5248 32768 32768 21652 5248 21648 5248 5248 32768 5248 5248 5248 21648 20688 20690 20690 20690 20690 20688 20688 20688 20688 20688 20688 20688 32784 208 32784 32784 208 208 192 192 192 192 192 192 4288 32768 4288 4288 4288 192 192 192 208 208 208 208 192 192 192 192 192 192 32768 192 192 32768 32768 32768 32768 32768 32768 32768 32768 32768 32768 32768 32768 32768 32768
32768 32768 32768 32768 32768 32768 32768 32768 32768 32768 32768 32768 32768 32768 32768 32768 32768 32768 32768 32768 32768 32768 32768 32768 32768 32768 32768 32768 32768 32768 32768 32768 32768 32768 32768 32768 32768 32768 32768 32768 32768 32768 32768 32768 32768 32768 32768 32768 32768 32768 32768 32768 32768 32768 32768 32768 192 192 192 192 192 192 192 192 192 192 192 192 4288 4288 4288 32768 6272 6272 6272 6272 6272 6272 6272 6272 6272 32768 4288 4288 32768 32768 32768 32768 32768 32768 32768 32768 32768 32768 32768 32768 32768 32768 32768 32768 32768 32768 192 32768 32768 32768 32768 32768 32768 192 192 192 640 640 640 3712 3712 7808 7808 7296 7808 7296 7296 7296 7296 7296 7296 5248 5248 5248 21652 21652 21652 21648 5248 5248 5248 5248 5248 5248 5248 21648 21648 20688 20690 20688 20688 4288 20688 20688 20688 20688 20688 32784 208 208 208 208 208 208 208 208 208 208 4288 4288 4288 32768 4288 192 192 208 208 208 209 209 208 208 192 192 192 192 192 192 192 192 32768 32768 32768 32768 32768 32768 32768 32768 32768 32768 32768 32768 32768 32768
32768 32768 32768 32768 32768 32768 32768 32768 32768 32768 32768 32768 32768 32768 32768 32768 32768 32768 32768 32768 32768 32768 32768 32768 32768 32768 32768 32768 32768 32768 32768 32768 32768 32768 32768 32768 32768 32768 32768 32768 32768 32768 32768 32768 32768 32768 32768 32768 32768 32768 32768 32768 32768 32768 192 192 192 192 192 192 192 192 192 192 4288 4288 4288 4288 4288 4288 4288 32768 32768 6272 6272 6272 6272 6272 6272 6272 6272 6272 4288 4288 4288 192 32768 32768 32768 32768 32768 32768 32768 32768 32768 32768 32768 32768 32768 32768 32768 32768 192 192 192 32768 192 32768 192 192 192 640 640 640 1664 1664 7808 7808 7808 7808 7808 7808 7296 7296 7296 7296 7296 7296 5248 5248 21652 21652 21652 21652 5248 5248 5248 5248 5248 5248 5248 5248 21648 21648 20688 20688 4288 4288 4288 4288 4288 4288 20688 20688 208 208 208 208 208 208 208 208 208 20688 20688 20688 20688 20688 192 208 208 208 209 209 209 209 209 208 192 192 192 192 192 192 192 32768 32768 32768 32768 32768 32768 32768 32768 32768 32768 32768 32768 32768 32768 32768
32768 32768 32768 32768 32768 32768 32768 32768 32768 32768 32768 32768 32768 32768 32768 32768 32768 32768 32768 32768 32768 32768 32768 32768 32768 32768 32768 32768 32768 32768 32768 32768 32768 32768 32768 32768 32768 32768 32768 32768 32768 32768 32768 32768 32768 32768 32768 32768 32768 32768 32768 32768 32768 192 192 192 640 640 192 192 192 192 192 192 4288 4288 4288 4288 4288 4288 4288 4288 6272 6272 6272 6272 6272 6272 6272 6272 6272 4288 4288 192 192 192 192 32768 32768 32768 32768 32768 32768 32768 32768 32768 32768 32768 32768 32768 32768 32768 32768 192 192 192 192 32768 32768 192 640 640 640 640 640 5760 5760 5760 7808 7808 7808 7808 7808 3200 3200 3200 7296 5248 5248 1152 1172 1172 1172 1172 1172 1152 1152 1152 1152 5248 1152 1152 1168 1168 1168 208 192 192 192 192 192 192 192 192 192 192 192 208 208 208 208 20688 20688 20688 20688 20688 20688 208 208 208 209 209 209 209 209 209 209 208 208 192 192 192 192 192 32768 32768 32768 32768 32768 32768 32768 32768 32768 32768 32768 32768 32768 32768 32768 32768
32768 32768 32768 32768 32768 32768 32768 32768 32768 32768 32768 32768 32768 32768 32768 32768 32768 32768 32768 32768 32768 32768 32768 32768 32768 32768 32768 32768 32768 32768 32768 32768 32768 32768 32768 32768 32768 32768 32768 32768 32768 32768 32768 32768 32768 32768 32768 32768 32768 32768 32768 32768 192 192 192 640 640 640 640 192 192 192 2688 2176 4288 4288 4288 4288 4736 4288 4288 4288 4288 6272 6272 6272 2176 2176 2176 192 192 192 192 192 192 192 192 192 192 4288 32768 32768 32768 32768 32768 32768 32768 32768 32768 32768 32768 32768 192 192 192 192 192 192 192 640 640 640 640 640 4736 5760 5760 5760 7808 7808 3712 3712 3200 3200 3200 3200 1152 1152 1152 1152 1152 1172 1172 1172 1152 1152 1152 1152 5248 1152 1152 1152 1168 1168 1168 1152 192 192 192 192 192 192 192 192 192 192 192 192 192 192 4288 4288 20688 20688 20688 20688 208 208 208 209 209 209 209 209 209 209 209 209 208 208 192 192 192 192 32768 32768 32768 32768 32768 32768 32768 32768 32768 32768 32768 32768 32768 32768 32768 32768
32768 32768 32768 32768 32768 32768 32768 32768 32768 32768 32768 32768 32768 32768 32768 32768 32768 32768 32768 32768 32768 32768 32768 32768 32768 32768 32768 32768 32768 32768 32768 32768 32768 32768 32768 32768 32768 32768 32768 32768 32768 32768 32768 32768 32768 32768 32768 32768 32768 192 192 32768 192 192 192 192 640 640 640 640 4288 6784 6784 6784 6272 4288 4288 4736 4736 4736 4736 4288 6272 6272 6272 6272 6272 4288 4288 4288 4288 4288 4288 4288 20696 20696 4288 4288 4288 4288 4288 32768 4288 32768 32768 32768 32768 32768 32768 32768 32768 32768 32768 192 192 192 192 208 656 656 640 4736 4736 4736 5760 5760 5760 5760 5760 3712 1664 3712 3712 3200 3200 7296 1152 1152 1152 1152 1152 1152 1172 1152 1152 1152 1152 5248 1152 1152 192 1152 1168 1168 1168 192 192 192 192 192 192 192 192 192 192 192 192 192 192 4288 4288 4288 4288 4288 4288 192 208 208 208 208 209 209 209 209 209 209 209 209 209 208 192 192 192 192 32768 32768 32768 32768 32768 32768 32768 32768 32768 32768 32768 32768 32768 32768 32768 32768
32768 32768 32768 32768 32768 32768 32768 32768 32768 32768 32768 32768 32768 32768 32768 32768 32768 32768 32768 32768 32768 32768 32768 32768 32768 32768 32768 32768 32768 32768 32768 32768 32768 32768 32768 32768 32768 32768 32768 32768 32768 32768 32768 32768 32768 32768 32768 32768 192 192 192 192 192 192 192 640 640 4736 4736 4736 6784 6784 6784 6784 6784 4736 4736 21140 21140 21140 4736 4736 4288 6272 6272 4288 4288 4288 4288 4288 4288 4288 4288 20696 20696 20696 20696 4288 4288 4288 4288 4288 32768 32768 32768 32768 32768 32768 32768 32768 32768 32768 4288 4288 4288 4288 4288 21136 21138 21136 21136 4736 4736 4736 4736 5760 5760 5760 5760 5760 5760 5760 7808 7808 7296 5248 5248 5248 5248 5248 5248 5248 1152 1152 1152 1152 5248 1152 192 192 192 208 208 208 208 192 192 192 192 192 192 192 192 192 192 192 192 192 4288 4288 4288 4288 4288 4288 192 192 192 192 208 209 209 209 209 209 209 209 209 209 208 208 192 192 192 32768 32768 32768 32768 32768 32768 32768 32768 32768 32768 32768 32768 32768 32768 32768 32768 32768
32768 32768 32768 32768 32768 32768 32768 32768 32768 32768 32768 32768 32768 32768 32768 32768 32768 32768 32768 32768 32768 32768 32768 32768 32768 32768 32768 32768 32768 32768 32768 32768 32768 32768 32768 32768 32768 32768 32768 32768 32768 32768 32768 32768 32784 32784 32784 32784 192 192 192 192 192 192 192 192 640 640 640 4736 4736 6784 6784 4736 4736 4736 21140 21140 21140 21140 21140 4288 4736 4736 4288 4288 4288 4288 4288 4288 4288 4288 4288 20696 20696 20696 4288 4288 4288 4288 4288 4288 4288 4288 32768 32768 32768 32768 32768 32768 32768 32768 4288 192 192 192 208 21136 658 21138 21136 4736 4736 4736 4736 4736 640 640 5760 1664 1664 1664 1664 1664 1152 1152 1152 1152 1152 1152 1152 1152 5248 1152 1152 5248 1152 1152 1152 192 192 208 208 208 208 192 192 192 192 192 192 192 192 192 192 192 192 4288 4288 4288 4288 4288 192 192 192 192 192 192 208 208 209 209 209 209 209 209 209 208 208 192 192 192 192 192 32768 32768 32768 32768 32768 32768 32768 32768 32768 32768 32768 32768 32768 32768 32768 32768
32768 32768 32768 32768 320 32768 32768 32768 32768 32768 32768 32768 32768 32768 32768 32768 32768 32768 32768 32768 32768 32768 32768 32768 32768 32768 32768 32768 32768 32768 32768 32768 32768 32768 32768 32768 32768 32768 32768 32768 32768 32768 32768 32768 32784 210 210 32784 32768 32768 192 192 192 192 192 192 640 640 4736 4736 4736 4736 4736 640 4736 4736 21140 660 660 660 192 640 640 640 640 192 192 192 192 192 192 192 4288 4288 20696 4288 192 192 192 192 4288 4288 4288 4288 4288 4288 32768 32768 32768 32768 32768 32768 4288 192 192 192 20688 20690 21138 21138 21136 4736 4736 4736 4736 640 640 640 4736 640 640 640 640 1664 1664 1664 1152 1152 1152 1152 1152 1152 5248 1152 5248 1152 1152 1152 1152 1152 192 208 208 208 192 192 192 192 192 192 192 192 192 192 192 192 4288 4288 4288 4288 4288 192 192 192 192 192 192 192 192 208 208 208 209 208 209 209 209 208 192 192 192 192 192 192 32768 32768 32768 32768 32768 32768 32768 32768 32768 32768 32768 32768 32768 32768 32768 32768
32768 32768 32768 320 344 320 320 32768 32768 32768 32768 32768 32768 32768 32768 32768 32768 32768 32768 32768 32768 32768 32768 32768 32768 32768 32768 32768 32768 32768 32768 32768 32768 32768 32768 32768 32768 32768 32768 32768 32768 32768 32768 32768 32784 32784 210 32784 32784 32784 192 192 192 192 640 640 640 4736 4736 4736 4736 4736 640 640 4736 4736 4736 660 640 640 640 640 640 640 192 192 192 192 192 192 192 192 192 192 208 4288 192 192 192 192 192 192 192 4288 4288 4288 32768 32768 32768 32768 32768 32768 4288 192 4288 4288 20688 20690 21138 21138 21136 21136 640 640 640 640 640 4736 640 640 640 640 640 640 640 640 1664 1152 1152 1152 1152 1152 1152 5248 1152 1152 1152 1152 1152 192 208 208 208 208 192 192 192 192 192 192 192 192 192 192 192 192 4288 4288 4288 4288 192 192 192 192 192 192 192 192 192 192 192 208 208 208 209 209 209 208 192 192 192 192 192 192 192 32768 32768 32768 32768 32768 32768 32768 32768 32768 32768 32768 32768 32768 32768 32768
32768 32768 32768 344 344 344 344 320 32768 32768 32768 32768 32768 32768 32768 32768 32768 32768 32768 32768 32768 32768 32768 32768 32768 32768 32768 32768 32768 32768 32768 32768 32768 32768 32768 32768 32768 32768 32768 32768 32768 32768 32768 32768 32768 32784 210 210 210 32784 32784 192 192 640 640 640 4736 4736 4736 4736 4736 1664 1664 1664 4736 4736 4736 656 640 640 640 640 640 640 192 192 192 192 192 192 192 192 192 192 20688 192 192 192 192 192 192 192 192 192 4288 4288 4288 4288 4288 32768 4288 32768 4288 4288 20688 20688 20688 21138 21138 21138 21138 656 656 640 640 640 4736 640 640 640 640 640 640 640 640 640 192 1152 1152 1152 1152 1152 5248 1152 5248 1152 1152 192 192 192 208 208 208 208 192 192 192 192 192 192 192 192 192 192 192 4288 4288 4288 4288 192 192 192 192 192 192 192 192 192 192 192 192 192 192 208 208 209 208 208 192 192 192 192 192 32768 32768 192 32768 32768 32768 32768 32768 32768 32768 32768 32768 32768 32768 32768 32768 32768
32768 32768 32768 32768 344 344 344 32768 32768 32768 32768 32768 32768 32768 32768 32768 32768 32768 32768 32768 32768 32768 32768 32768 32768 32768 32768 32768 32768 32768 32768 32768 32768 32768 32768 32768 32768 32768 32768 32768 32768 32768 32768 192 32784 32784 210 210 210 210 32784 32784 208 656 640 4736 4736 4736 4736 4736 1664 1664 1664 1664 5760 4736 4736 656 640 640 640 640 640 192 192 192 192 192 192 192 192 192 192 4288 192 208 192 192 192 192 192 192 192 4288 4288 4288 4288 4288 4288 4288 4288 4288 20688 20688 20688 20688 20688 21136 658 658 658 658 656 656 640 4736 640 640 640 640 640 640 640 640 640 640 640 192 192 1152 1152 5248 1152 1152 1152 5248 5248 192 192 192 208 208 208 192 192 192 192 192 192 192 192 192 192 192 4288 4288 4288 4288 4288 192 192 192 192 192 192 192 192 192 192 192 192 192 192 192 208 208 208 192 192 192 192 192 32768 32768 32768 32768 32768 32768 32768 32768 32768 32768 32768 32768 32768 32768 32768 32768 32768 32768
32768 32768 32768 32768 32768 32784 32768 32768 32768 32768 32768 32768 32768 32768 32768 32768 32768 32768 32768 32768 32768 32768 32768 32768 32768 32768 32768 32768 32768 32768 32768 32768 32768 32768 32768 32768 32768 32768 32768 32768 32768 32768 192 192 208 210 210 210 210 210 210 210 210 656 21136 4736 4736 4736 4736 1664 1664 1664 1664 1664 5760 5760 21136 640 640 640 640 640 640 192 192 640 192 192 192 192 192 192 4288 192 192 208 192 192 192 192 192 192 192 4288 4288 4288 4288 4288 4288 4288 20688 20688 20688 20688 20688 20688 208 656 658 658 658 658 658 656 4736 640 640 640 640 640 640 640 640 640 640 640 640 640 640 4288 5248 1152 1152 1152 1152 1152 192 4288 192 192 208 208 208 192 192 192 192 192 192 192 192 192 192 192 4288 4288 4288 4288 4288 192 192 192 192 192 192 192 192 192 192 192 192 192 192 192 208 192 192 192 192 192 32768 32768 32768 32768 32768 32768 32768 32768 32768 32768 32768 32768 32768 32768 32768 32768 32768 32768 32768 32768
32768 32768 32768 32768 32768 32784 32768 32768 32768 32768 32768 32768 32768 32768 32768 32768 32768 32768 32768 32768 32768 32768 32768 32768 32768 32768 32768 32768 32768 32768 32768 32768 32768 32768 32768 32768 32768 32768 32768 32768 32768 192 192 192 208 210 210 210 210 210 210 210 20690 20688 21136 21136 21136 21136 656 640 1664 1664 1664 1664 5760 5760 21136 640 640 640 640 640 640 640 640 640 640 640 192 192 192 4288 192 192 192 208 192 192 192 192 192 192 192 4288 4288 4288 4288 4288 20688 20688 20688 20688 20688 20688 20688 208 640 656 656 658 658 658 21138 21136 656 640 640 640 640 640 640 640 640 640 640 640 640 640 4736 4736 192 192 1152 1152 1152 1152 192 192 4288 208 208 208 208 192 192 192 192 192 192 192 192 192 192 4288 4288 4288 4288 4288 192 192 192 192 192 192 192 192 192 192 192 192 192 192 192 4288 208 192 192 192 192 192 32768 32768 32768 32768 32768 32768 32768 32768 32768 32768 32768 32768 32768 32768 32768 32768 32768 32768 32768 32768
32768 32768 32768 32768 32784 32768 32768 32768 32768 32768 32768 32768 32768 32768 32768 32768 32768 32768 32768 32768 32768 32768 32768 32768 32768 32768 32768 32768 32768 32768 32768 32768 32768 32768 32768 32768 32768 32768 192 192 192 192 192 192 208 208 210 210 210 210 210 20690 20688 20688 21136 21136 21136 21136 656 656 1680 1680 1680 1664 5760 22160 5760 640 640 640 640 640 640 640 640 640 640 640 192 640 4288 4288 192 192 192 208 208 208 192 192 192 192 192 4288 4288 4288 20688 20688 20688 208 20688 20688 20688 20688 192 640 640 640 656 658 658 21138 21138 656 656 656 656 640 640 640 640 640 640 640 640 640 640 4736 640 192 192 192 192 1152 1152 192 192 192 192 20688 20688 208 208 192 192 192 192 192 192 192 192 4288 4288 4288 4288 4288 4288 192 192 192 192 192 192 192 192 192 192 192 192 192 192 192 4288 192 208 192 192 192 192 192 192 32768 32768 32768 32768 32768 32768 32768 32768 32768 32768 32768 32768 32768 32768 32768 32768 32768 32768 32768
32768 32768 32768 32768 32784 32768 32768 32768 32768 32768 32768 32768 32768 32768 32768 32768 32768 32768 32768 32768 32768 32768 32768 32768 32768 32768 32768 32768 32768 32768 32768 32768 32768 32768 32768 32768 32768 32768 192 192 192 192 4288 192 192 208 208 210 210 210 20690 20688 20688 20688 21136 21136 656 656 656 1680 1680 1680 1680 1680 22160 22160 5760 640 640 640 640 640 640 640 640 640 640 640 640 4736 192 192 192 208 208 208 209 208 208 192 192 192 192 4288 20688 20688 20688 20688 208 208 208 208 192 192 640 640 640 640 656 656 21136 658 656 656 656 656 656 656 656 664 640 640 640 640 640 640 4736 640 192 192 192 192 192 192 192 192 192 192 192 208 20688 20688 4288 192 192 192 192 192 192 192 4288 4288 4288 4288 4288 4288 192 192 192 192 192 192 192 192 192 192 192 192 192 192 192 4288 192 216 216 216 192 192 192 192 192 192 32768 32768 32768 32768 32768 32768 32768 32768 32768 32768 32768 32768 32768 32768 32768 32768 32768 32768
320 344 344 344 32768 32768 32768 32768 32768 32768 32768 32768 32768 32768 32768 32768 32768 32768 32768 32768 32768 32768 32768 32768 32768 32768 32768 32768 32768 32768 32768 32768 32768 32768 32768 32768 32768 32768 32768 32768 192 192 192 4288 192 192 208 208 208 208 20688 20688 4288 4288 640 640 640 656 656 1680 1680 1680 1680 1680 22160 22160 22160 1680 1680 656 640 640 640 640 640 640 640 640 640 4736 192 192 208 208 209 209 209 209 208 192 192 192 20688 20688 20688 20688 20688 208 208 208 192 192 192 640 640 640 640 640 640 4736 656 656 656 656 656 656 656 656 664 664 664 656 640 640 640 4736 640 640 640 192 192 192 192 192 192 192 192 192 208 208 208 208 192 4288 192 192 192 192 192 4288 4288 4288 4288 4288 4288 192 192 192 192 192 192 192 192 192 192 192 192 192 192 192 4288 192 216 216 2200 216 216 192 192 192 192 192 192 32768 32768 32768 32768 32768 32768 32768 32768 32768 32768 32768 32768 32768 32768 32768 32768 32768
344 344 344 344 320 32768 32768 32768 32768 32768 32768 32768 32768 32768 32768 32768 32768 32768 32768 32768 32768 32768 32768 32768 32768 32768 32768 32768 32768 32768 32768 32768 32768 32768 32768 32768 32768 32768 32768 32768 192 192 192 192 4288 192 192 192 192 192 4288 4288 4288 640 640 640 640 640 1664 1688 1688 1680 1680 1680 22160 22160 22160 1680 1680 1680 656 656 656 640 640 640 640 640 4736 640 192 192 208 209 209 209 209 209 208 208 208 20688 20688 20688 20688 20688 20688 208 192 192 192 192 192 192 640 640 640 640 4736 640 640 640 640 640 640 656 656 664 664 664 664 656 656 656 4736 640 640 640 640 192 192 192 192 192 192 192 192 192 208 208 208 208 192 192 4288 192 192 192 192 4288 4288 4288 4288 4288 192 192 192 192 192 192 192 216 192 192 192 192 192 192 192 4288 192 192 192 2200 2200 2200 2176 2176 2176 192 2176 2176 192 192 32768 32768 32768 32768 32768 32768 32768 32768 32768 32768 32768 32768 32768 32768 32768 32768
320 344 344 344 320 32768 32768 32768 32768 32768 32768 32768 32768 32768 32768 32768 32768 32768 32768 32768 32768 32768 32768 32768 32768 32768 32768 32768 32768 32768 32768 32768 32768 32768 32768 192 192 192 192 192 192 192 192 192 192 4288 192 192 192 192 192 192 192 640 640 1664 1664 1664 1688 1688 1688 1688 1664 1664 22160 22160 22160 1680 1680 1680 656 656 656 656 656 656 656 4736 640 640 192 192 208 209 209 209 209 209 209 208 20688 20688 20688 20688 20688 20688 4288 192 192 192 192 192 192 640 640 640 640 4736 640 640 640 640 640 640 640 640 640 656 664 664 656 656 656 21136 656 656 640 640 192 192 192 192 192 192 192 192 192 192 208 208 208 192 192 192 192 4288 192 192 192 4288 4288 4288 192 192 192 192 192 192 192 192 1176 1176 192 192 192 192 192 192 192 4288 192 192 2176 2176 2176 2176 2176 2176 2176 2176 2176 2176 2176 192 192 32768 32768 32768 32768 32768 32768 32768 32768 32768 32768 32768 32768 32768 32768 32768
32768 320 32768 320 32784 32784 32768 32768 32768 32768 32768 32768 32768 32768 32768 32768 32768 32768 32768 32768 32768 32768 32768 32768 32768 32768 32768 32768 32768 32768 32768 32768 32768 192 192 192 192 192 192 192 192 192 192 192 192 192 4288 192 192 192 192 192 640 640 1664 1664 1664 1664 1664 1688 1688 1664 1664 1664 5760 5760 5760 1664 1680 1680 1680 656 656 1680 21136 21136 21136 656 656 656 208 208 208 208 209 209 209 209 20689 20689 20688 20688 20688 20688 4288 4288 4288 192 192 192 192 192 640 640 640 640 640 4736 640 640 640 640 640 640 640 640 640 640 640 640 656 656 21136 656 656 656 656 208 192 192 192 192 192 192 192 192 192 192 208 208 208 192 192 192 192 192 192 192 4288 4288 4288 4288 192 192 192 192 192 1152 1168 1176 1176 1176 1176 192 192 192 192 192 4288 192 192 2176 2176 2176 2176 2176 2176 2176 2176 2176 2176 2176 2176 32768 192 32768 32768 32768 32768 32768 32768 32768 32768 32768 32768 32768 32768 32768 32768 32768
32768 32768 32768 32768 32768 32768 32784 32784 32768 32768 32768 32768 32768 32768 32768 32768 32768 32768 32768 32768 32768 32768 32768 32768 32768 32768 32768 32768 32768 32768 32768 32768 32768 32768 192 192 192 192 192 192 192 192 192 192 192 192 192 4288 192 192 192 192 640 640 640 1664 1664 1664 1664 1664 1664 1664 1664 1664 5760 5760 5760 1664 1664 1664 1664 1680 1680 22160 22160 21136 21136 656 656 656 208 208 209 209 209 209 209 20689 20689 20689 20688 20688 4288 4288 4288 4288 4288 192 192 192 192 192 192 640 640 640 4736 640 640 640 640 640 640 640 640 640 640 640 640 640 656 4736 656 656 656 656 656 208 208 208 208 192 192 192 192 192 192 208 208 208 208 192 192 192 192 192 192 20696 4288 4288 4288 4288 192 192 208 208 1168 1168 1152 1152 1176 1176 1152 1168 1152 1152 192 4288 192 192 192 192 2176 2176 2176 2176 2176 2176 2176 2176 2176 2176 32768 2176 32768 32768 32768 32768 32768 32768 32768 32768 32768 32768 32768 32768 32768 32768 32768 32768
32768 32768 32768 32768 32768 32768 32768 32768 32784 32784 32784 32768 32768 32768 32768 32768 32768 32768 32768 32768 32768 32768 32768 32768 32768 32768 32768 32768 32768 32768 32768 32768 32768 192 192 192 192 192 192 192 192 192 192 192 192 192 192 192 4288 4288 192 192 192 1664 1664 1664 1664 1664 1664 1664 1664 1664 1664 1664 5760 5760 5760 1664 1664 1664 1664 1664 5760 5760 5760 22160 21136 656 656 656 208 209 209 209 209 209 209 20689 20689 20688 20688 4288 192 4288 4288 4288 4288 192 192 192 192 192 192 192 192 4288 640 640 640 640 640 640 640 640 640 640 640 640 640 656 4736 640 640 640 656 656 656 208 208 208 208 208 208 192 192 192 192 208 208 208 208 192 192 192 192 192 20696 20696 4288 4288 20688 208 208 208 1152 1152 1152 1152 1152 1152 1152 1152 1152 1152 1168 1168 5248 192 192 192 192 192 2176 2176 2176 2176 2176 2176 2176 2176 2176 2176 2176 2176 32768 2176 32768 32768 32768 32768 32768 32768 32768 32768 32768 32768 32768 32768 32768 32768
32768 32768 32768 32768 32768 32768 32768 32768 32768 32768 32768 32784 32784 32768 32768 32768 32768 32768 32768 32768 32768 32768 32768 32768 32768 32768 32768 32768 32768 32768 32768 32768 32768 32768 192 192 192 192 192 192 192 192 192 192 192 192 192 192 192 4288 4288 192 1664 1664 1664 1664 1664 1664 1664 1664 1664 1664 1664 1664 5760 5760 5760 1664 1664 1664 1664 5760 5760 5760 5760 5760 1664 640 640 656 208 208 209 209 209 209 20689 20689 20688 20688 4288 192 192 4288 4288 4288 192 192 192 192 192 192 192 192 4288 192 192 640 640 640 640 640 640 640 640 640 640 640 640 21136 192 640 640 640 640 640 208 208 208 208 208 208 208 208 208 208 208 208 209 208 208 192 192 192 192 4288 20696 20696 20696 20688 192 192 192 1152 1152 1152 1152 1152 1152 1152 1152 1152 1152 1152 1152 5248 208 216 192 192 192 192 2176 2176 2176 2176 2176 2176 2176 2176 2176 2176 2176 2176 2176 2176 32768 32768 32768 32768 32768 32768 32768 32768 32768 32768 32768 32768 32768 32768
32768 32768 32768 32768 32768 32768 32768 32768 32768 32768 32768 32768 32768 32784 32784 32768 32768 32768 32768 32768 32768 32768 32768 32768 32768 32768 32768 32768 32768 32768 32768 32768 32768 192 192 192 192 192 192 192 192 192 192 192 192 192 192 192 192 192 192 4288 192 1152 1152 1152 1152 1152 1152 1152 1152 1664 1664 1664 5760 5760 5760 1664 1664 1664 5760 5760 5760 5760 5760 1664 640 640 640 640 192 208 208 209 20689 20689 20689 20688 20688 4288 208 192 4288 4288 4288 4288 192 192 192 192 192 192 192 4288 192 192 640 640 640 640 640 640 640 640 640 640 640 640 656 4736 192 192 192 640 192 192 192 192 192 208 208 208 208 208 208 208 209 209 209 209 208 208 208 192 192 20688 20688 20696 20696 192 192 192 1152 1152 1152 1152 1152 1152 1152 1152 1152 1152 1152 1152 5248 1152 1176 216 216 2176 192 192 2176 2176 2176 2176 2176 2176 2176 2176 2176 2176 2176 2176 2176 32768 32768 32768 32768 32768 32768 32768 32768 32768 32768 32768 32768 32768 32768 32768
32768 32768 32768 32768 32768 320 32768 32768 32768 32768 32768 32768 32768 32768 32768 32784 32784 32784 32768 32768 32768 32768 32768 32768 32768 32768 32768 32768 32768 32768 32768 32768 32768 192 192 192 192 192 192 192 192 192 192 192 192 192 192 192 192 192 192 192 4288 1152 1152 1152 1152 1152 1152 1152 1152 1152 1152 1152 5760 5760 5760 1664 1664 5760 5760 5760 5760 5760 1664 1664 640 640 640 640 192 192 208 20688 20688 20689 20688 20688 4288 4288 192 20688 20688 4288 20696 4288 192 192 192 192 192 192 4288 192 192 192 192 640 640 640 640 640 640 640 640 640 640 216 656 4288 192 192 192 192 192 192 192 192 192 192 192 208 208 208 208 209 209 209 209 209 209 209 208 208 20688 4288 4288 20696 216 192 192 1152 1152 1152 1152 1152 1152 1152 1152 1152 1152 1152 1152 5248 1152 1152 216 216 2200 2176 2176 2176 2176 2176 2176 2176 2176 2176 2176 2176 2176 2176 2176 2176 2176 32768 32768 32768 32768 32768 32768 32768 32768 32768 32768 32768 32768 32768 32768 32768
32768 32768 32768 32768 32768 320 320 32768 32768 32768 32768 32768 32768 32768 32768 32768 32768 32768 32784 32784 32768 32768 32768 32768 32768 32768 32768 32768 32768 32768 32768 192 192 192 192 192 192 192 192 192 192 192 192 192 192 192 192 192 192 192 192 192 192 4288 1152 1152 1152 1152 1152 1152 1152 1152 1152 1152 5248 5248 5760 5760 5760 5760 5760 5760 5760 1664 1664 1664 640 640 640 640 192 192 4288 4288 20688 20688 20688 4288 192 192 4288 4288 4288 20696 20696 216 192 192 192 192 192 4288 192 192 192 192 192 1152 1664 640 640 640 640 640 640 640 216 1176 20696 192 192 192 192 192 192 192 192 192 192 192 192 192 192 208 208 209 209 209 209 209 209 209 209 20688 4288 4288 4288 20696 192 192 1152 1152 1152 1152 1152 1152 1152 1152 1152 1152 1152 1152 5248 1152 1152 192 192 216 2176 2176 2176 2176 2176 2176 2176 2176 2176 2176 2176 2176 2176 32768 32768 2176 2176 32768 32768 32768 32768 32768 32768 32768 32768 32768 32768 32768 32768 32768 32768 32768
32768 32768 320 32768 320 320 320 32768 32768 32768 32768 32768 32768 32768 32768 32768 32768 32768 32768 32768 32784 32784 32768 32768 32768 32768 32768 32768 32768 32768 32768 192 192 192 192 192 192 192 192 192 192 192 192 192 192 192 192 192 192 192 192 192 192 192 4288 192 1152 1152 1152 1152 1152 1152 1152 1152 5248 5248 5248 5760 5760 5760 5760 5760 1664 1664 1664 1664 1664 640 640 640 192 192 4288 4288 20688 20688 208 192 192 4288 4288 4288 4288 20696 216 216 192 192 192 192 4288 192 192 192 192 192 1152 1152 1152 1664 1664 1664 1664 1664 1664 640 1176 21656 1176 192 192 192 192 192 192 192 192 192 192 192 192 192 192 192 208 208 209 209 209 209 209 209 20688 20688 4288 4288 4288 192 192 1152 1152 1152 1152 1152 1152 1152 1152 1152 1152 1152 1152 5248 1152 1152 1152 192 192 192 192 2176 2176 2176 2176 2176 2176 2176 2176 2176 2176 2176 32768 32768 32768 32768 2176 192 32768 32768 32768 32768 32768 32768 32768 32768 32768 32768 32768 32768 32768 32768
32768 320 320 320 320 320 320 320 320 32768 32768 32768 32768 32768 32768 32768 32768 32768 32768 32768 32768 32768 32784 32784 32784 32768 32768 32768 32768 32768 32768 192 212 192 192 192 192 192 192 192 192 192 192 192 192 192 192 192 192 192 192 192 192 192 192 4288 1152 1152 1152 1152 1152 1152 1152 1152 5248 5248 5248 5248 5248 5760 5760 1664 1664 1664 1664 1664 1664 1664 640 192 192 192 4288 20688 20688 208 208 192 4288 4288 4288 4288 4288 192 216 192 192 192 192 192 4288 192 192 192 192 192 1152 1152 1152 1152 1664 1664 1664 1152 1664 1152 5248 1176 1152 5248 192 192 192 192 192 192 192 192 192 192 192 192 192 192 192 208 209 209 209 209 20689 20688 20688 4288 4288 4288 192 192 192 1152 1152 1152 1152 1152 1152 1152 1152 1152 1152 1152 5248 1152 1152 1152 1152 1152 192 192 192 2176 2176 2176 2176 2176 2176 2176 2176 2176 2176 2176 2176 32768 32768 32768 32768 32768 32768 32768 32768 32768 32768 32768 32768 32768 32768 32768 32768 32768 32768 32768
320 320 320 320 320 320 320 320 320 320 32768 32768 32768 32768 32768 32768 32768 32768 32768 32768 32768 32768 32768 32768 32768 32784 32784 32768 32768 32768 192 212 212 212 192 192 192 192 192 192 192 192 192 192 192 192 192 192 192 192 192 192 192 192 192 1152 5248 1152 1152 1152 1152 1152 1152 5248 5248 5248 5248 5248 5248 5248 1152 1152 1664 1664 1664 1664 1664 1664 1664 640 192 192 4288 20688 20688 208 208 4288 4288 4288 4288 4288 192 192 192 192 192 192 192 4288 192 192 192 192 192 1152 1152 1152 1152 1152 1152 1664 1152 1152 1152 5248 1152 1152 1168 4288 4288 192 192 192 192 192 192 192 192 192 192 192 192 192 192 208 208 209 209 20689 20689 20689 20688 4288 4288 192 192 192 192 1152 1152 1152 1152 1152 1152 1152 1152 1152 1152 1152 5248 1152 1152 1152 1152 1152 1152 192 192 2176 2176 2176 2176 2176 2176 2176 2176 2176 2176 2176 2176 32768 32768 32768 32768 32768 32768 32768 32768 32768 32768 32768 32768 32768 32768 32768 32768 32768 32768 32768
320 320 320 320 320 320 320 320 320 32768 32768 32768 32768 32768 32768 32768 32768 32768 32768 32768 32768 32768 32768 32768 32768 32768 32768 32784 32784 32768 32768 212 212 212 192 192 192 192 192 192 192 192 192 192 192 192 192 192 192 192 192 192 192 192 192 1152 1152 5248 1152 1152 1152 1152 5248 5248 5248 5248 5248 5248 5248 1152 1152 1152 1152 1152 1664 1664 1664 1664 640 640 192 192 192 208 208 208 4288 4288 4288 4288 4288 192 192 192 192 192 192 192 4288 192 192 192 192 192 192 1152 1152 1152 1152 1152 1152 1152 1152 1152 5248 1152 1152 1152 1152 20688 192 192 192 192 192 192 192 192 192 192 192 192 192 192 192 192 208 208 20689 20689 20689 20689 20688 4288 192 192 192 192 192 1152 1152 1152 1152 1152 1152 1152 1152 1152 1152 5248 1152 1152 1152 1152 1152 1152 192 192 192 192 2176 2176 2176 2176 2176 2176 2176 2176 2176 2176 2176 32768 32768 32768 32768 32768 32768 32768 32768 32768 32768 32768 32768 32768 32768 32768 32768 32768 32768 32768
320 320 320 320 320 320 320 32768 32768 32768 32768 32768 32768 32768 32768 32768 32768 32768 32768 32768 32768 32768 32768 32768 32768 32768 32768 32768 32768 32784 212 212 212 192 192 192 192 192 192 192 192 192 192 192 192 192 192 192 192 192 192 192 192 192 192 1152 1152 1152 5248 1152 5248 5248 5248 5248 5248 5248 5248 1152 1152 192 1152 192 192 192 192 1664 640 640 640 192 192 192 192 208 208 208 4288 4288 4288 4288 192 192 192 192 192 192 192 192 4288 192 192 192 192 192 192 1152 1152 5248 5248 5248 5248 5248 1152 5248 1152 1152 1152 1152 4288 192 208 216 216 216 192 192 192 192 192 192 192 192 192 192 192 208 208 20688 20688 20689 20689 20689 20688 192 192 192 192 192 1152 1152 1152 1152 1152 1152 1152 1152 1152 1152 5248 1152 1152 1152 1152 1152 1152 192 192 192 192 192 2176 2176 2176 2176 2176 2176 2176 2176 2176 2176 2176 32768 32768 32768 32768 32768 32768 32768 32768 32768 32768 32768 32768 32768 32768 32768 32768 32768 32768 32768
320 320 320 320 320 32768 32768 32768 32768 32768 32768 32768 32768 32768 32768 32768 32768 32768 32768 32768 32768 32768 32768 32768 32768 32768 32768 32768 32768 32768 212 212 192 192 192 192 192 192 192 192 192 192 192 192 192 192 192 192 192 192 192 192 192 192 192 1152 1152 1152 3200 7296 5248 5248 5248 5248 5248 5248 5248 1152 1152 192 192 192 192 192 192 192 192 640 192 192 192 192 192 208 208 208 4288 4288 4288 4288 192 2176 192 192 192 192 192 4288 192 192 192 192 192 192 192 192 5248 5248 5248 5248 5248 5248 5248 1152 1152 1152 192 4288 192 192 216 216 216 216 192 192 192 192 192 192 192 192 192 192 208 208 20688 20688 20688 20688 20689 208 208 192 192 192 192 192 192 1152 1152 1152 1152 1152 1152 1152 1152 5248 1152 1152 1152 1152 1152 192 192 192 192 192 192 192 2176 2176 2176 2176 2176 2176 2176 2176 2176 2176 2176 2176 32768 32768 32768 32768 32768 32768 32768 32768 32768 32768 32768 32768 32768 32768 32768 32768 32768 32768
320 320 320 320 32768 32768 32768 32768 32768 32768 32768 32768 32768 32768 32768 32768 32768 32768 32768 32768 32768 32768 32768 32768 32768 32768 32768 32768 32768 192 212 212 208 192 192 192 192 192 192 192 192 192 192 192 192 192 192 192 192 192 192 192 192 192 192 1152 1152 1152 3200 7296 7296 5248 5248 5248 5248 5248 5248 1152 192 192 192 192 192 192 192 192 192 192 192 192 192 192 192 208 208 208 4288 4288 4288 6272 2176 2176 2176 2176 192 192 4288 192 192 192 192 192 192 192 192 4288 5248 5248 5248 5248 5248 5248 5248 1152 1152 1152 5248 192 192 192 192 216 216 192 192 192 192 192 192 192 192 192 192 208 208 20688 20688 20688 4288 20688 208 208 192 192 192 192 192 192 192 192 1152 1152 1152 1152 1152 1152 5248 1152 1152 1152 1152 1152 1152 192 192 192 192 192 192 192 192 2176 192 192 192 2176 2176 2176 2176 2176 2176 2176 192 32768 32768 32768 32768 32768 32768 32768 32768 32768 32768 32768 32768 32768 32768 32768 32768 32768
32768 32768 320 32768 32768 32768 32768 32768 32768 32768 32768 32768 32768 32768 32768 32768 32768 32768 32768 32768 32768 32768 32768 32768 32768 32768 32768 32768 32768 192 192 192 208 192 192 192 192 192 192 192 192 192 192 192 192 192 192 192 192 192 192 192 192 192 192 192 1152 3200 7296 7296 7296 5248 1152 1152 4288 4288 20696 4288 192 192 192 192 192 192 192 192 192 192 192 192 192 192 192 208 208 208 4288 6272 6272 6272 2176 2176 2176 2176 2176 6272 192 192 192 192 192 192 192 192 4288 4288 4288 5248 5248 5248 5248 5248 5248 1152 1152 5248 1152 1152 192 192 192 192 192 192 192 192 192 192 192 192 192 192 208 208 20688 20688 20688 4288 4288 192 192 192 192 192 192 192 192 192 192 192 192 1152 1152 1152 1152 5248 1152 1152 1152 1152 1152 1152 1152 192 192 192 192 192 192 192 192 192 192 192 192 192 2176 192 192 2176 192 192 192 192 192 32768 32768 32768 32768 32768 32768 32768 32768 32768 32768 32768 32768 32768 32768 32768
32768 32768 32768 32768 32768 32768 32768 32768 32768 32768 32768 32768 32768 32768 32768 32768 32768 32768 32768 32768 32768 32768 32768 32768 32768 32768 32768 32768 32768 192 192 192 208 192 192 192 192 192 192 192 192 192 192 192 192 192 192 192 192 192 192 192 192 192 192 192 192 4288 7296 6272 7296 4288 5248 192 4288 20696 20696 20696 4288 192 192 192 192 192 192 192 192 192 192 192 192 192 192 208 208 208 22680 22680 6272 2176 2176 2176 2176 2176 6272 192 192 192 192 192 192 192 192 192 4288 4288 4288 4288 32768 5248 5248 5248 5248 5248 5248 5248 1152 192 192 192 192 192 192 192 192 192 192 192 192 192 192 208 208 20688 20688 20688 4288 4288 192 192 192 192 192 192 192 192 192 192 192 192 192 1152 1152 1152 5248 1152 1152 1152 1152 1152 1152 1152 192 192 192 192 192 192 192 192 192 192 192 192 192 192 192 192 192 192 192 192 192 192 192 32768 32768 32768 32768 32768 32768 32768 32768 32768 32768 32768 32768 32768 32768 32768
32768 32768 32768 32768 32768 32768 32768 32768 32768 32768 32768 32768 32768 32768 32768 32768 32768 32768 32768 32768 32768 32768 32768 32768 32768 32768 32768 32768 32768 192 192 192 192 208 192 192 192 192 192 192 192 192 192 192 192 192 192 192 192 192 192 192 192 192 192 192 192 6272 6272 6272 6272 6272 4288 4288 4288 20696 20696 20696 4288 4288 192 192 192 192 192 192 192 192 192 192 192 192 208 208 208 216 2200 2200 2200 2192 2176 2176 2176 6272 2176 2176 192 192 192 192 192 192 192 192 4288 4288 4288 4288 32768 32768 5248 5248 5248 5248 5248 5248 5248 4288 192 192 192 192 192 192 192 192 192 192 192 192 208 208 20688 20688 20688 4288 4288 192 192 192 192 192 192 192 192 640 192 192 192 192 192 4288 5248 5248 1152 1152 1152 1152 1152 1152 1152 192 192 192 192 192 192 192 192 192 192 192 192 192 192 192 192 192 192 192 192 192 192 192 192 32768 32768 32768 32768 32768 32768 32768 32768 32768 32768 32768 32768 32768 32768 32768
32768 32768 32768 32768 32768 32768 32768 32768 32768 32768 32768 32768 32768 32768 32768 32768 32768 32768 32768 32768 32768 32768 32768 32768 32768 32768 32768 32768 192 192 192 192 192 208 192 192 192 192 192 192 192 192 192 192 192 192 192 192 192 192 192 192 192 192 192 192 192 4288 6272 6272 6272 6272 4288 4288 4288 4288 20696 4288 4288 4288 192 192 192 192 192 192 192 192 192 192 192 192 208 208 208 216 2200 2200 2176 2176 2192 2192 22672 2192 2176 2176 2176 192 192 192 192 192 192 4288 4288 4288 4288 32768 5248 5248 5248 5248 5248 5248 5248 5248 4288 4288 4288 4288 4288 4288 192 192 192 192 192 192 192 192 208 20688 20688 20688 4288 4288 192 192 192 192 192 192 192 192 640 640 640 192 192 192 4288 4288 5248 5248 1152 1152 1152 1152 1152 1152 192 192 192 192 192 192 192 192 192 192 192 192 192 192 192 192 192 192 192 192 192 192 192 192 192 192 32768 32768 32768 32768 32768 32768 32768 32768 32768 32768 32768 32768 32768 32768
32768 32768 32768 32768 32768 32768 32768 32768 32768 32768 32768 32768 32768 32768 32768 32768 32768 32768 32768 32768 32768 32768 32768 32768 32768 32768 192 192 192 192 192 192 192 208 192 192 192 192 192 192 192 192 192 192 192 192 192 192 192 192 192 192 192 192 192 4288 4288 4288 4288 6272 6272 6272 4288 4288 4288 4288 20688 4288 4288 4288 4288 192 192 192 192 192 192 192 192 192 192 192 208 208 208 192 2200 2176 2176 2176 2176 6272 2176 2176 2192 2192 2192 2192 192 216 216 192 4288 192 4288 4288 4288 32768 5248 5248 5248 5248 5248 5248 5248 5248 4288 4288 4288 4288 4288 4288 4288 192 4288 4288 4288 4288 4288 20688 20688 20688 20688 4288 4288 192 192 192 192 192 192 192 192 640 640 640 640 192 192 4288 4288 4288 4288 5248 1152 1152 1152 1152 192 192 192 192 192 192 192 192 192 192 192 192 192 192 192 192 192 192 192 192 192 192 32768 192 192 192 192 192 192 192 32768 32768 32768 32768 32768 32768 32768 32768 32768 32768 32768 32768
32768 32768 32768 32768 32768 32768 32768 32768 32768 32768 32768 32768 32768 32768 32768 32768 32768 32768 32768 32768 32768 32768 32768 32768 32768 32768 32768 192 192 192 192 192 192 192 208 192 192 192 192 192 192 192 192 192 192 192 192 192 192 192 192 192 192 192 4288 192 192 4288 4288 4288 6272 4288 4288 192 4288 4288 4288 20688 4288 4288 4288 4288 4288 192 192 192 192 192 192 192 192 4288 20688 20688 20688 6272 6272 2176 2176 2176 6272 2176 2176 2176 2176 2176 2176 2176 2200 216 20696 20696 192 192 4288 4288 4288 32768 5248 5248 5248 5248 5248 5248 5248 4288 4288 4288 4288 4288 4288 4288 4288 4288 4288 4288 4288 4288 20688 20688 20688 20688 20688 4288 192 192 192 192 192 192 192 192 640 640 640 640 4736 4288 4288 4288 4288 4288 4288 192 1152 1152 1152 192 192 192 192 192 192 192 192 192 192 192 192 192 192 192 192 192 192 192 192 192 192 192 192 32768 192 192 192 192 192 192 192 32768 32768 32768 32768 32768 32768 32768 32768 32768 32768 32768
32768 32768 32768 32768 32768 32768 32768 32768 32768 32768 32768 32768 32768 32768 32768 32768 32768 32768 32768 32768 32768 32768 32768 32768 32768 32768 32768 192 32768 32768 192 192 192 192 208 192 192 192 192 192 192 4288 192 192 192 192 192 192 192 192 192 192 192 4288 192 192 192 4288 4288 4288 4288 4288 4288 192 192 4288 4288 20688 4288 4288 4288 4288 4288 192 192 192 192 192 192 192 192 4288 20688 20688 20688 6272 6272 6272 6272 6272 2176 2176 2176 2176 2176 2176 2176 2176 2176 22680 20696 192 192 192 4288 4288 32768 32768 32768 5248 5248 5248 5248 5248 5248 4288 4288 4288 4288 4288 4288 4288 4288 4288 4288 4288 4288 20688 20688 20688 20688 20688 4288 192 192 192 192 192 192 192 192 640 640 640 640 4736 4288 4288 4288 4288 4288 4288 192 192 4288 5248 4288 192 192 192 192 192 192 192 192 192 192 192 192 192 192 192 192 192 192 192 192 192 192 192 192 192 32768 192 32768 192 192 192 32768 32768 32768 32768 32768 32768 32768 32768 32768 32768 32768 32768
32768 32768 32768 32768 32768 32768 32768 32768 32768 32768 32768 32768 32768 32768 32768 32768 32768 32768 32768 32768 32768 32768 32768 32768 32768 32768 32768 32768 32768 32768 192 192 192 192 192 208 192 192 192 192 192 192 4288 192 192 192 192 192 192 192 192 192 4288 4288 192 192 192 4288 4288 4288 4288 4288 4288 192 192 192 4288 20688 4288 4288 4288 4288 4288 192 192 192 192 192 4288 4288 4288 4288 20688 20688 22672 6272 6272 2176 2176 2176 2176 2176 2176 2176 2176 2176 2176 2176 6272 2176 192 192 192 192 192 192 32768 32768 32768 5248 5248 5248 5248 5248 5248 4288 4288 4288 4288 4288 4288 4288 4288 4288 4288 4288 208 20688 20688 20688 20688 192 192 192 192 192 192 192 192 192 640 640 640 640 4736 4736 4288 4288 4288 4288 4288 192 192 4288 4288 4288 4288 192 192 192 192 192 192 192 192 192 192 192 192 192 192 192 192 192 192 192 192 192 192 192 192 192 192 32768 32768 32768 32768 32768 32768 32768 32768 32768 32768 32768 32768 32768 32768 32768 32768 32768
32768 32768 32768 32768 32768 32768 32768 32768 32768 32768 32768 32768 32768 32768 32768 32768 32768 32768 32768 32768 32768 32768 32768 32768 32768 32768 32768 32768 32768 32768 192 192 192 192 192 208 192 192 192 192 192 192 192 4288 192 192 192 192 192 192 192 192 192 4288 192 192 192 4288 4288 4288 4288 4288 4288 192 192 192 192 20688 4288 4288 4288 4288 4288 192 192 192 192 4288 4288 4288 4288 4288 20688 20688 2192 2176 2176 2176 2176 2176 2176 2176 2176 2176 2176 2176 6272 6272 6272 2176 2176 192 192 192 192 192 192 32768 4288 32768 32768 5248 5248 5248 4288 4288 4288 4288 4288 4288 4288 192 4288 4288 4288 208 208 208 1168 1168 192 192 192 192 192 192 1152 192 640 640 640 640 640 4736 4736 4736 4736 4288 4736 4288 192 192 4288 4288 4288 4288 4288 192 192 192 192 192 192 192 192 192 192 192 192 192 192 192 192 192 192 192 192 192 192 192 192 192 192 192 32768 32768 32768 32768 32768 32768 32768 32768 32768 32768 32768 32768 32768 32768 320 320
32768 32768 32768 32768 32768 32768 32768 32768 32768 32768 32768 32768 32768 32768 32768 32768 32768 32768 32768 32768 32768 32768 32768 32768 32768 32768 32768 32768 32768 32768 32768 192 192 192 192 208 192 192 192 192 192 192 192 192 4288 4288 192 192 192 192 192 192 4288 192 192 192 192 4288 4288 4288 4288 4288 4288 192 192 192 192 208 4288 4288 4288 4288 4288 4288 192 192 192 4288 4288 4288 4288 20688 20688 208 208 2176 2176 2176 2176 2176 2176 2176 2176 2176 2176 6272 6272 6272 6272 2176 2176 192 192 192 192 192 192 32768 32768 192 4288 32768 5248 1152 192 192 192 192 192 192 192 192 192 192 208 208 208 1168 1168 1152 1152 192 192 192 192 1152 1152 1664 640 640 640 640 4736 4736 4736 4736 4736 640 640 640 192 4288 4288 4288 4288 4288 192 192 192 192 192 192 192 192 192 192 192 192 192 192 208 208 208 192 192 192 192 192 192 192 192 192 32768 32768 32768 32768 32768 32768 32768 32768 32768 32768 32768 32768 32768 32768 32768 320 320 320
32768 32768 32768 32768 32768 32768 32768 32768 32768 32768 32768 32768 32768 320 32768 32768 32768 32768 32768 32768 32768 32768 32768 32768 32768 32768 32768 32768 32768 32768 32768 32768 192 192 192 192 208 192 192 192 192 192 192 192 192 4288 4288 192 192 192 192 4288 192 192 192 192 192 192 4288 4288 4288 4288 4288 192 192 192 192 208 4288 4288 4288 4288 4288 4288 4288 192 192 4288 4288 4288 4288 20688 208 208 2192 2176 2176 2176 2176 2176 2176 2176 2176 2176 6272 6272 6272 6272 6272 2176 192 192 192 192 192 192 32768 32768 32768 32768 5248 1152 1152 192 192 192 192 192 192 192 192 192 208 208 208 208 208 208 1152 1152 1152 1152 192 192 192 1664 1664 1664 640 640 640 4736 4736 4736 4736 4736 640 640 640 640 4288 4288 4288 4288 4288 192 192 192 192 192 192 192 192 192 192 192 192 192 192 208 208 210 208 208 208 208 192 192 192 192 1152 32768 32768 32768 32768 32768 32768 32768 32768 32768 32768 32768 32768 32768 32768 32768 320 320 320 320
32768 32768 32768 32768 32768 32768 32768 32768 32768 32768 32768 32768 320 320 320 320 32768 32768 32768 32768 32768 32768 32768 32768 32768 32768 32768 32768 32768 32768 32768 192 192 192 192 192 208 192 192 192 192 192 192 192 192 192 192 4288 192 192 4288 192 192 192 192 192 192 192 4288 4288 4288 4288 4288 192 192 192 192 192 208 4288 4288 4288 4288 4288 4288 4288 192 4288 4288 4288 4288 208 208 208 192 2176 2176 2176 2176 2176 2176 2176 2176 6272 6272 6272 6272 6272 2176 2176 192 192 192 192 192 192 32768 32768 32768 32768 5248 5248 5248 192 192 192 192 192 192 192 192 208 208 210 210 208 208 1152 1152 1152 1152 1152 192 1664 640 1664 1664 1664 640 640 4736 4736 4736 4736 4736 640 640 640 664 21144 21144 4288 4288 4288 192 192 192 192 192 192 192 192 192 192 192 192 192 192 192 208 210 210 210 210 210 208 192 192 192 1152 1152 1152 1152 32768 32768 32768 32768 32768 32768 32768 32768 32768 32768 32768 32768 32768 320 320 320 320
32768 32768 32768 32768 32768 32768 32768 32768 32768 32768 32768 32768 320 320 320 320 320 32768 32768 32768 32768 32768 32768 32768 32768 32768 32768 32768 32768 32768 32768 32768 192 32768 192 192 208 192 192 192 192 192 192 192 192 192 192 192 4288 4288 192 192 192 192 640 192 216 216 4288 4288 4288 4288 4288 192 192 192 192 192 208 192 4288 4288 4288 4288 4288 4288 192 4288 4288 4288 4288 208 208 208 192 192 2176 2176 2176 2176 2176 2176 6272 6272 6272 6272 6272 2176 2176 192 192 192 192 192 192 192 192 32768 32768 32768 32768 32768 5248 4288 192 192 192 192 192 192 192 208 210 210 210 210 1168 1152 1152 1152 1664 1664 1664 1664 1664 1664 1664 1664 1664 4736 4736 4736 4736 4736 640 640 640 664 21144 21144 21144 21144 4288 192 192 192 192 192 192 192 192 192 192 192 192 192 192 192 192 208 210 210 210 210 210 208 192 192 1152 1152 1152 1152 1152 32768 32768 32768 32768 32768 32768 32768 32768 32768 32768 32768 32768 32768 32768 320 32768 320
32768 32768 32768 32768 32768 32768 32768 32768 32768 32768 32768 32768 32768 320 320 320 32768 32768 32768 32768 32768 32768 32768 32768 32768 32768 32768 32768 32768 32768 32768 32768 32768 192 192 192 192 208 192 192 192 192 192 192 192 192 192 192 4288 4288 192 192 192 640 640 664 216 20696 20696 4288 4288 4288 4288 192 192 192 192 192 212 192 192 4288 4288 4288 4288 4288 4288 4288 4288 4288 4288 208 210 208 208 208 192 2176 2176 2176 2176 6272 6272 6272 6272 6272 2176 2176 192 192 192 192 192 192 192 32768 32768 32768 32768 32768 32768 32768 32768 4288 4288 192 192 192 192 192 192 208 208 210 210 210 1168 1664 1664 1664 1664 1664 1664 1664 1664 1664 1664 640 5760 4736 4736 4736 4736 640 640 640 640 640 21144 21144 4736 4736 640 192 192 192 192 192 192 192 192 192 192 192 192 192 192 208 208 208 210 210 210 210 210 208 208 192 1152 1152 1152 1152 32768 1152 32768 32768 32768 32768 32768 32768 32768 32768 32768 32768 32768 32768 32768 32768 32768 32768
32768 32768 32768 32768 32768 32768 32768 32768 32768 32768 32768 32768 32768 32768 32768 32768 32768 32768 32768 32768 32768 32768 32768 32768 32768 32768 32768 32768 32768 32768 32768 192 192 192 192 192 192 210 192 192 192 192 192 192 192 192 192 4288 192 192 4288 192 640 640 640 640 21144 20696 20688 20688 20688 20688 4288 192 192 192 192 212 212 212 212 192 4288 4288 4288 4288 4288 4288 4288 4288 208 208 210 210 210 208 208 208 192 192 4288 4288 4288 4288 4288 192 192 192 192 192 192 192 192 192 32768 32768 32768 32768 32768 32768 32768 32768 32768 32768 4288 192 192 192 192 192 192 208 210 210 210 1170 1680 1664 1664 1664 1664 1664 1664 1664 1688 1688 1688 5760 5760 5760 4736 4736 640 640 640 640 640 21136 4736 4736 4736 640 640 192 192 192 192 192 192 192 192 192 192 192 192 192 208 208 210 210 210 210 210 210 210 210 208 1152 1152 1152 1152 1152 1152 1152 1152 32768 32768 32768 32768 32768 32768 32768 32768 32768 32768 32768 32768 32768 32768 32768
32768 32768 32768 32768 32768 32768 32768 32768 32768 32768 32768 32768 32768 32768 32768 32768 32768 32768 32768 32768 32768 32768 32768 32768 32768 32768 32768 32768 32768 32768 192 192 192 192 192 194 194 194 194 192 192 192 192 192 192 192 4288 192 192 192 192 4288 640 640 640 640 4736 20696 4288 4288 4288 4288 20688 208 208 192 192 212 212 212 192 192 192 4288 4288 4288 4288 4288 4288 4288 208 210 210 210 210 210 210 208 208 4288 4288 4288 4288 4288 192 192 192 192 192 192 192 192 192 192 32768 4288 32768 32768 32768 32768 32768 32768 32768 32768 4288 4288 4288 4288 192 192 192 208 210 210 658 1682 1680 1680 1664 1664 1664 1664 1664 1664 1688 1688 22168 22168 5760 5760 4736 640 640 640 640 640 4736 21136 4736 4736 4736 640 640 640 192 192 192 192 192 192 192 192 192 192 208 208 208 210 210 210 210 210 210 210 210 208 1168 1152 1152 1152 1152 1152 1152 1152 1152 1152 32768 32768 32768 32768 32768 32768 32768 32768 32768 32768 32768 32768 32768 32768
32768 32768 32768 32768 32768 32768 32768 32768 32768 32768 32768 32768 32768 32768 32768 32768 32768 32768 32768 32768 32768 32768 32768 32768 32768 32768 32768 32768 32768 32768 32768 192 192 32768 194 194 194 194 194 194 194 192 192 192 4288 4288 192 192 192 192 192 192 4736 640 640 640 4736 4288 4288 4288 4288 4736 4736 192 192 208 212 212 212 212 208 208 208 208 20688 20688 20688 20688 20688 20688 208 210 210 210 210 210 210 20690 20688 4288 4288 4288 4288 192 192 4288 4288 4288 4288 4288 4288 4288 4288 4288 4288 4288 32768 32768 32768 32768 32768 32768 32768 32768 32768 32768 32768 4288 192 192 192 208 210 658 658 1682 1682 1680 1664 1664 1664 1664 5760 1664 1664 22168 22168 5760 5760 4736 640 640 640 640 640 4736 21136 4736 4736 4736 640 640 640 640 192 192 192 192 192 192 192 192 192 208 208 208 208 208 210 210 210 210 210 208 208 1168 1152 1168 1152 1152 1152 1152 1152 1152 1152 1152 32768 32768 32768 32768 32768 32768 32768 32768 32768 32768 32768 32768 32768 32768
32768 32768 32768 32768 32768 32768 32768 32768 32768 32768 32768 32768 32768 32768 32768 32768 32768 32768 32768 32768 32768 32768 32768 32768 32768 32768 32768 32768 32768 32768 32768 32768 32768 32768 194 194 194 194 194 194 194 192 192 4288 192 192 192 192 192 192 192 192 4736 640 640 640 4736 4736 4288 4736 4736 4736 4736 640 192 192 212 212 212 192 192 192 192 192 4288 4288 4288 4288 4288 4288 208 210 210 210 210 210 20690 20688 20688 20688 20688 20688 208 20688 20688 20688 4288 4288 4288 4288 4288 4288 4288 20696 20696 4288 32768 32768 32768 32768 32768 32768 32768 32768 32768 32768 32768 4288 192 192 192 208 208 658 1682 1682 1682 1680 1680 1680 1664 5760 5760 1664 1664 22160 5760 5760 5760 640 640 640 640 640 4736 4736 21136 4736 4736 640 640 640 640 640 640 192 192 192 192 192 192 208 208 208 208 208 208 208 208 210 208 210 208 208 1152 1152 1152 1152 1168 1168 1152 1152 1152 1152 1152 32768 32768 32768 32768 32768 32768 32768 32768 32768 32768 32768 32768 32768 32768 32768
32768 32768 32768 32768 32768 32768 32768 32768 32768 32768 32768 32768 32768 32768 32768 32768 32768 32768 32768 32768 32768 32768 32768 32768 32768 32768 32768 32768 32768 32768 32768 32768 32768 32768 32768 194 194 194 194 194 210 192 4288 192 192 192 192 192 192 192 192 640 640 4736 640 640 4736 4736 4736 4736 4736 4736 4736 640 192 192 192 212 192 192 192 192 192 192 192 4288 4288 4288 4288 4288 20688 208 210 210 210 20690 20690 20688 4288 4288 4288 4288 4288 4288 4288 4288 20688 20688 20688 20688 20688 20688 20696 20696 20696 20696 32768 192 32768 32768 32768 32768 32768 32768 32768 32768 32768 4288 4288 192 192 192 208 32784 1682 1682 1682 1680 1680 1680 22160 1680 22160 1680 22160 5760 5760 5760 1664 640 640 640 640 4736 4736 21136 4736 4736 640 640 640 640 640 640 640 192 192 192 192 192 208 208 208 208 208 208 192 192 208 208 208 208 208 1152 1152 1152 1152 1152 1152 1152 1168 1152 1152 1152 1152 1176 32768 32768 32768 32768 32768 32768 32768 32768 32768 32768 32768 32768 32768 32768
32768 32768 32768 32768 32768 32768 32768 32768 32768 32768 32768 32768 32768 32768 32768 32768 32768 32768 32768 32768 32768 32768 32768 32768 32768 32768 32768 32768 32768 32768 32768 32768 32768 32768 32768 194 194 194 32768 194 192 208 20688 192 192 192 192 192 192 192 192 640 640 640 4736 640 640 4736 4736 4736 4736 4736 4736 640 640 192 208 192 192 192 192 192 192 192 192 192 4288 4288 4288 4288 4288 20688 208 208 20690 20690 20688 20688 4288 4288 4288 4288 4288 4288 4288 4288 4288 192 192 192 192 192 192 216 216 192 192 192 192 32768 32768 32768 32768 32768 32768 32768 32768 32768 4288 4288 4288 192 32784 1682 1682 1682 1680 1680 1680 22160 1680 1680 22160 22160 1680 1680 1680 1680 656 656 640 640 4736 4736 4736 21136 4736 640 640 640 640 640 640 640 640 192 192 192 208 208 208 208 208 208 208 192 192 192 192 192 192 1152 1152 1152 1152 1152 1152 1152 1152 1152 1152 1168 1152 1152 1176 1176 1152 32768 32768 32768 32768 32768 32768 32768 32768 32768 32768 32768 32768 32768
32768 32768 32768 32768 32768 32768 32768 32768 32768 32768 32768 32768 32768 32768 32768 32768 32768 32768 32768 32768 32768 32768 32768 32768 32768 32768 32768 32768 32768 32768 32768 32768 32768 32768 32768 32768 194 32768 192 192 192 192 4288 208 192 192 192 192 192 192 640 640 640 640 640 4736 640 4736 4736 4736 4736 4736 4736 640 192 192 208 192 192 192 192 192 192 192 192 192 192 4288 4288 4288 4288 4288 192 20688 20688 20688 20688 4288 192 4288 4288 4288 4288 4288 4288 192 192 192 192 192 192 192 192 192 192 192 192 192 192 32768 192 192 32768 32768 32768 192 32768 32768 32768 32768 4288 32768 32784 32784 32784 1680 1680 1664 22160 1680 1680 1680 22160 1680 1680 1680 1680 656 656 656 21136 21136 21136 21136 21136 4736 640 640 640 640 640 640 192 640 192 192 208 208 208 208 208 208 208 192 192 192 192 192 192 192 1152 1152 1152 1152 1152 1152 1152 1152 1152 1152 1152 1152 1168 1176 1176 1176 32768 32768 32768 32768 32768 32768 32768 32768 32768 32768 32768 32768 32768 32768
32768 32768 32768 32768 32768 32768 32768 32768 32768 32768 32768 32768 32768 32768 32768 32768 32768 32768 32768 32768 32768 32768 32768 32768 32768 32768 32768 32768 32768 32768 32768 32768 32768 32768 32768 32768 32768 32768 32768 192 192 4288 192 192 208 208 192 192 192 192 192 640 640 640 640 640 4736 4736 4736 4736 4736 4736 4736 640 192 208 192 192 640 192 192 192 192 192 192 192 192 192 4288 4288 4288 4288 20688 20688 20688 20688 4288 192 4288 4288 4288 4288 4288 192 192 192 192 192 192 192 192 192 192 192 192 192 192 192 192 192 192 192 32768 32768 192 192 32768 32768 32768 32768 32768 32784 32784 656 32784 1664 1664 5760 1664 1664 1664 1664 1664 1680 1680 1680 656 656 656 21136 21136 21136 21136 21136 21136 656 656 656 640 640 640 192 192 192 192 208 208 208 208 208 208 208 192 192 192 192 192 192 192 1152 1152 1152 1152 1152 1152 1152 1152 1152 1152 1152 1152 1152 1152 32768 1176 32768 32768 32768 32768 32768 32768 32768 32768 32768 32768 32768 32768 32768 32768 32768
32768 32768 32768 32768 32768 32768 320 32768 32768 32768 32768 32768 32768 32768 32768 32768 32768 32768 32768 32768 32768 32768 32768 32768 32768 32768 32768 32768 32768 32768 32768 32768 32768 32768 32768 32768 32768 32768 32768 32768 4288 192 192 192 192 192 208 208 192 192 192 640 640 640 640 640 640 4736 4736 4736 4736 4736 4736 640 640 208 640 640 640 640 640 640 192 192 192 192 192 192 192 4288 4288 4288 20688 20688 20688 20688 4288 4288 4288 4288 4288 4288 192 192 192 192 192 192 192 192 192 192 192 192 192 192 192 192 192 192 192 192 192 192 32768 32768 32768 32768 32768 32768 32768 32784 32784 1680 1680 1664 5760 1664 1664 1664 1664 1664 1664 1664 1664 1664 640 640 21136 21136 21136 21136 21136 21136 656 656 658 656 656 640 192 192 192 208 208 216 216 208 208 208 192 192 192 192 192 192 192 1152 1152 1152 1152 1152 1152 1152 1152 1152 1152 1152 1152 1152 1152 32768 32768 192 32768 32768 32768 32768 32768 32768 32768 32768 32768 32768 32768 32768 32768 32768 32768 32768
32768 32768 32768 32768 32768 320 320 320 32768 32768 32768 32768 32768 32768 32768 32768 32768 32768 32768 32768 32768 32768 32768 32768 32768 32768 32768 32768 32768 32768 32768 32768 32768 32768 32768 32768 32768 192 32768 32768 4288 192 192 640 640 640 640 640 656 192 640 640 640 640 640 640 640 4736 4736 4736 4736 4736 4736 664 656 640 640 640 640 640 640 640 640 192 192 192 192 192 192 4288 4288 4288 20688 20688 20688 4288 4288 4288 4288 4288 4288 192 192 192 192 192 192 192 192 192 192 192 192 192 192 192 192 192 192 192 192 192 192 192 192 192 32768 32768 32768 32768 32768 32784 656 1680 5760 5760 1664 1664 1664 1664 1664 1664 1664 1664 1664 1664 640 4736 4736 4736 4736 4736 4736 656 656 656 658 658 656 192 192 192 208 208 216 216 216 216 192 192 208 192 192 192 192 192 1152 1152 1152 1152 1152 1152 1152 1152 1152 1152 1152 1152 1152 1152 1152 32768 32768 32768 32768 32768 32768 32768 32768 32768 32768 32768 32768 32768 32768 32768 32768 32768 32768 32768
32768 32768 32768 32768 320 320 320 320 32768 32768 32768 32768 32768 32768 32768 32768 32768 32768 32768 32768 32768 32768 32768 32768 32768 32768 32768 32768 32768 32768 32768 32768 32768 32768 32768 32768 192 192 192 32768 4288 192 640 640 640 640 640 640 640 656 656 664 664 640 640 640 640 4736 4736 4736 4736 4736 21144 664 656 640 640 640 640 640 640 640 640 640 192 192 192 192 192 192 4288 4288 20688 20688 20688 4288 4288 4288 4288 4288 192 192 192 192 192 192 192 192 192 192 192 192 192 192 192 192 192 192 192 192 192 192 192 192 192 192 192 32768 32768 32768 32768 32784 208 21136 5760 1664 1664 1664 1664 1664 32768 640 1664 1664 1664 1664 32768 4736 4736 4736 4736 640 640 640 640 656 658 658 656 656 656 656 208 208 208 216 216 192 192 192 208 192 192 192 1152 1152 1152 1152 1152 1152 1152 32768 1152 1152 1152 32768 1152 1152 1152 1152 1152 32768 32768 32768 32768 32768 32768 32768 32768 32768 32768 32768 32768 32768 32768 32768 32768 32768 32768 32768
32768 32768 32768 32768 320 320 320 32768 32768 32768 32768 32768 32768 32768 32768 32768 32768 32768 32768 32768 32768 32768 32768 32768 32768 32768 32768 32768 32768 32768 32768 32768 32768 32768 32768 32768 32768 192 32768 4288 192 640 640 640 640 640 640 640 640 640 664 664 664 664 640 640 640 640 4736 4736 4736 4736 21144 664 664 640 640 640 640 640 640 640 640 640 640 192 192 192 192 4288 4288 20688 20688 20688 20688 4288 4288 4288 192 192 192 192 192 192 192 192 192 192 192 192 192 192 192 192 192 192 192 192 1152 1152 192 192 192 192 192 192 192 192 32768 32768 32784 32784 32784 20688 32768 32768 32768 32768 640 1664 640 32768 32768 32768 5760 32768 4736 4736 4736 4736 640 640 640 640 656 32784 658 658 658 658 656 656 656 208 208 192 192 192 192 192 192 208 1176 1176 1152 1152 1152 1152 1152 1152 1152 1152 32768 32768 32768 1152 1152 1152 1152 32768 32768 32768 32768 32768 32768 32768 32768 32768 32768 32768 32768 32768 32768 32768 32768 32768 32768 32768 32768 32768
32768 32768 32768 32768 320 320 320 32768 32768 32768 32768 32768 32768 32768 32768 32768 32768 32768 32768 32768 32768 32768 32768 32768 32768 32768 32768 32768 32768 32768 32768 32768 32768 32768 32768 32768 192 192 4288 192 192 192 640 640 640 640 640 640 640 640 640 664 664 640 640 640 640 640 4736 4736 4736 4736 21144 664 664 640 640 640 640 640 640 640 640 640 640 192 192 192 20696 192 192 20688 20688 20688 20688 4288 4288 192 192 192 192 192 192 192 192 192 192 192 192 192 192 192 192 192 192 192 192 1152 1152 1152 1152 192 192 192 192 192 192 192 32768 32768 32784 32784 32784 32784 32768 32768 32768 32768 32768 640 32768 32768 32768 32768 32768 4736 4736 4736 4736 32768 640 640 640 640 32784 658 658 658 658 658 658 656 208 32784 192 192 192 1152 1152 1152 1152 1176 1176 1176 1176 1152 1152 1152 1152 32768 1152 32768 32768 32768 32768 1152 1152 1152 1152 1152 1152 32768 32768 32768 32768 32768 32768 32768 32768 32768 32768 32768 32768 32768 32768 32768 32768 32768 32768 32768
32768 32768 32768 32768 32768 320 32768 32768 32768 32768 32768 32768 32768 32768 32768 32768 32768 32768 32768 32768 32768 32768 32768 32768 32768 32768 32768 32768 32768 32768 32768 32768 32768 32768 32768 192 32768 192 4288 192 192 192 640 640 640 640 640 640 640 640 640 640 640 640 640 640 640 4736 4736 4736 4736 4736 4736 664 640 640 640 640 640 640 640 640 640 640 640 640 192 20696 216 216 4288 20688 20688 20688 6272 6272 6272 2176 2176 192 2176 192 2176 2176 192 192 192 192 192 192 192 192 192 192 192 192 192 192 1152 1152 1152 192 192 192 192 192 192 192 192 32768 32784 32784 32784 32768 32768 32768 32768 32768 32768 32768 192 32768 32768 32768 32768 4736 4736 4736 640 32768 640 640 32768 32768 32784 658 658 658 658 210 210 32784 32768 32768 192 32768 1152 1152 1152 1152 1152 1176 1176 1176 1152 1152 1152 1152 1152 32768 1152 1152 32768 32768 32768 32768 1152 1152 1152 1152 1152 32768 32768 32768 32768 32768 32768 32768 32768 32768 320 320 32768 32768 32768 32768 32768 32768 32768 32768
32768 32768 32768 32768 32768 32768 32768 32768 32768 32768 32768 32768 32768 32768 32768 32768 32768 32768 32768 32768 32768 32768 32768 32768 32768 32768 32768 32768 32768 32768 32768 32768 32768 32768 32768 32768 192 4288 192 192 192 192 192 640 640 640 640 640 640 640 640 640 640 640 640 640 4736 4736 4736 4736 4736 4736 4736 640 640 640 640 640 640 640 640 640 640 640 640 640 20696 216 216 216 4288 20688 20688 22672 6272 6272 6272 6272 6272 2176 2176 2176 2176 2176 2176 192 192 192 192 192 192 192 192 192 192 192 1152 1152 1152 1152 1152 1152 192 192 192 192 192 192 192 32768 32784 32784 32784 32768 32768 32768 32768 32768 32768 192 192 32768 32768 32768 32768 32768 32768 32768 32768 32768 640 32768 32768 32768 32784 658 658 658 210 210 210 32784 208 32784 32768 32768 1152 1152 1152 1152 1152 1152 1152 1152 1152 1152 1152 1152 32768 32768 32768 32768 32768 32768 32768 32768 32768 32768 32768 1152 1152 32768 32768 32768 32768 32768 32768 32768 32768 320 320 320 320 32768 32768 32768 32768 32768 32768 32768
32768 32768 32768 32768 32768 32768 32768 32768 32768 32768 32768 32768 32768 32768 32768 32768 32768 32768 32768 32768 32768 32768 32768 32768 32768 32768 32768 32768 32768 32768 32768 32768 32768 32768 32768 4288 4288 4288 192 192 192 192 192 192 640 640 640 640 640 640 640 640 640 640 640 640 4736 4736 4736 4736 4736 4736 4736 4736 4736 640 640 640 640 640 640 640 640 640 640 4736 640 216 216 208 20688 20688 20688 208 6272 6272 6272 6272 6272 6272 2176 2176 2176 2176 192 192 192 192 192 192 192 192 192 192 192 1152 1152 1152 1152 1152 1152 1152 192 192 192 192 192 192 192 32784 32784 32784 32784 32768 32768 32768 32768 32768 32768 32768 32768 32768 32768 32768 32768 32768 32768 32768 32768 32768 32768 32768 32768 32768 32784 32784 210 208 32784 210 210 210 210 32784 32768 32768 32768 1152 32768 32768 1152 1152 1152 1152 1152 1152 1152 1152 32768 32768 32768 32768 32768 32768 32768 32768 32768 32768 32768 32768 32768 32768 32768 32768 32768 32768 32768 32768 32768 320 320 320 32768 32768 32768 32768 32768 32768 32768 32768
32768 32768 32768 32768 32768 32768 32768 32768 32768 32768 32768 32768 32768 32768 32768 32768 32768 32768 32768 32768 32768 32768 32768 32768 32768 32768 32768 32768 32768 32768 32768 32768 32768 32768 32768 32768 32768 32768 192 32768 192 192 192 192 192 640 640 640 640 640 640 640 640 640 640 640 4736 4736 4736 4736 4736 4736 4736 640 4736 4736 640 640 640 640 640 640 640 640 4736 640 640 192 192 192 20688 20688 20688 2192 2176 6272 6272 6272 6272 6272 2176 2176 2176 2176 2176 192 192 192 192 192 192 192 192 192 1152 1152 1152 1152 1152 1152 1152 1152 1152 192 192 192 192 192 192 208 32784 32784 32784 32768 32768 32768 32768 32768 32768 32768 32768 32768 32768 32768 32768 32768 32768 32768 32768 32768 32768 32768 32768 32768 32768 32784 32784 32784 32784 32784 32784 32784 32784 32784 32768 32768 32768 32768 32768 32768 32768 1152 32768 1152 1152 1152 1152 1152 32768 32768 32768 32768 32768 32768 32768 32768 32768 32768 32768 32768 32768 32768 32768 32768 32768 32768 32768 32768 32768 320 320 320 32768 32768 32768 32768 32768 32768 32768 32768
32768 32768 32768 32768 32768 32768 32768 32768 32768 32768 32768 32768 32768 32768 32768 32768 32768 32768 32768 32768 32768 32768 32768 32768 32768 32768 32768 32768 32768 32768 32768 32768 32768 32768 32768 32768 32768 32768 32768 32768 192 192 192 192 640 640 640 640 640 640 640 640 640 640 640 640 4736 4736 4736 4736 4736 4736 640 640 640 640 4736 640 640 4736 640 640 640 4736 640 640 640 4288 4288 4288 20688 20688 20688 192 2176 2176 6272 6272 6272 6272 6272 2176 2176 2176 2176 2176 192 192 192 192 192 192 192 1152 1152 1152 1152 1152 1152 1152 1152 1152 1152 192 192 192 192 192 192 208 208 32784 32768 32768 32768 32768 32768 32768 32768 32768 32768 32768 32768 32768 32768 32768 32768 32768 32768 32768 32768 32768 32768 32768 32768 32768 32768 32768 32768 32768 32768 32768 32768 32768 32768 32768 32768 32768 32768 32768 1152 1152 1152 32768 1152 32768 32768 1152 32768 32768 32768 32768 32768 32768 32768 32768 32768 32768 32768 32768 32768 32768 32768 32768 32768 32768 32768 32768 32768 32768 320 32768 32768 32768 32768 32768 32768 32768 32768 32768
32768 32768 32768 32768 32768 32768 32768 32768 32768 32768 32768 32768 32768 32768 32768 32768 32768 32768 32768 32768 32768 32768 32768 32768 32768 32768 32768 32768 32768 32768 32768 32768 32768 32768 32768 32768 32768 32768 32768 32768 32768 32768 192 192 192 640 640 640 640 640 640 640 640 640 640 640 4736 4736 4736 4736 4736 4736 640 640 640 640 640 4736 4736 4736 4736 640 4736 640 640 640 640 4736 4288 4288 20688 20688 20688 2176 2176 2176 2176 6272 6272 6272 6272 6272 6272 2176 2176 2176 2176 192 192 192 192 192 192 1152 1152 1152 1152 1152 1152 1152 1152 1152 1152 1152 192 192 192 192 192 208 208 20688 32768 32768 32768 32768 32768 32768 32768 32768 32768 32768 32768 32768 32768 32768 32768 32768 32768 32768 32768 32768 32768 32768 32768 32768 32768 32768 32768 32768 32768 32768 32768 32768 32768 32768 32768 32768 32768 32768 32768 32768 32768 32768 32768 32768 32768 32768 32768 32768 32768 32768 32768 32768 32768 32768 32768 32768 32768 32768 32768 32768 32768 32768 32768 32768 32768 32768 32768 32768 32768 32768 32768 32768 32768 32768 32768 32768 32768 32768
32768 32768 32768 32768 32768 32768 32768 32768 32768 32768 32768 32768 32768 32768 32768 32768 32768 32768 32768 32768 32768 32768 32768 32768 32768 32768 32768 32768 32768 32768 32768 32768 32768 32768 32768 32768 32768 32768 32768 32768 32768 32768 192 192 192 192 640 32768 640 640 640 640 640 640 640 640 640 640 4736 4736 4736 4736 640 640 640 640 640 640 4736 4736 640 4736 640 640 640 640 640 4288 4288 20688 20688 20696 2192 2176 2176 2176 2176 2176 6272 6272 6272 6272 6272 6272 2176 2176 2176 192 192 192 192 192 192 1152 1152 1152 1152 1152 1152 1152 1152 1152 1152 1152 1152 192 192 192 208 32784 32784 32784 4288 32768 32768 32768 32768 32768 32768 32768 32768 32768 32768 32768 32768 32768 32768 32768 32768 32768 32768 32768 32768 32768 32768 32768 32768 32768 32768 32768 32768 32768 32768 32768 32768 32768 32768 32768 32768 32768 32768 32768 32768 32768 32768 32768 32768 32768 32768 32768 32768 32768 32768 32768 32768 32768 32768 32768 32768 32768 32768 32768 32768 32768 32768 32768 32768 32768 32768 32768 32768 32768 32768 32768 32768 32768 32768 32768 32768 32768
32768 32768 32768 32768 32768 32768 32768 32768 32768 32768 32768 32768 32768 32768 32768 32768 32768 32768 32768 32768 32768 32768 32768 32768 32768 32768 32768 32768 32768 32768 32768 32768 32768 32768 32768 32768 32768 32768 32768 32768 32768 32768 192 192 192 192 32768 32768 32768 640 640 640 640 640 640 640 640 640 4736 4736 4736 4736 640 640 640 640 640 640 640 640 4736 640 4736 640 640 640 640 4288 4288 20696 20696 216 2200 2176 2176 2176 2176 2176 2176 6272 6272 6272 6272 6272 6272 2176 2176 192 192 192 192 192 192 1152 1152 1152 1152 1152 1152 1152 1152 1152 1152 1152 1152 1152 192 192 208 208 20688 20688 4288 32768 32768 32768 32768 32768 32768 32768 32768 32768 32768 32768 32768 32768 32768 32768 32768 32768 32768 32768 32768 32768 32768 32768 32768 32768 32768 32768 32768 32768 32768 32768 32768 32768 32768 32768 32768 32768 32768 32768 32768 32768 32768 32768 32768 32768 32768 32768 32768 32768 32768 32768 32768 32768 32768 32768 32768 32768 32768 32768 32768 32768 32768 32768 32768 32768 32768 32768 32768 32768 32768 32768 32768 32768 32768 32768 32768 32768
32768 32768 32768 32768 32768 32768 32768 32768 32768 32768 32768 32768 32768 32768 32768 32768 32768 32768 32768 32768 32768 32768 32768 32768 32768 32768 32768 32768 32768 32768 32768 32768 32768 32768 32768 32768 32768 32768 32768 32768 32768 32768 192 192 192 32768 32768 32768 32768 32768 640 640 640 640 640 640 640 640 640 4736 4736 4736 640 640 640 640 640 640 640 4736 640 640 640 4736 640 640 192 4288 4288 20688 216 216 2176 2176 2176 2176 2176 2176 2176 2176 2176 6272 6272 6272 6272 6272 2176 2176 192 192 192 192 1152 1152 1152 1152 1152 1152 1152 1152 1152 1152 1152 1152 1152 192 192 192 208 208 20688 4288 32768 32768 32768 32768 32768 32768 32768 32768 32768 320 320 32768 32768 32768 32768 32768 32768 32768 32768 32768 32768 32768 32768 32768 32768 32768 32768 32768 32768 32768 32768 32768 32768 32768 32768 32768 32768 32768 32768 32768 32768 32768 32768 32768 32768 32768 32768 32768 32768 32768 32768 32768 32768 32768 32768 32768 32768 32768 32768 32768 32768 32768 32768 32768 32768 32768 32768 32768 32768 32768 32768 32768 32768 32768 32768 32768 32768 32768
32768 32768 32768 32768 32768 32768 32768 32768 32768 32768 32768 32768 32768 32768 32768 32768 32768 32768 32768 32768 32768 32768 32768 32768 32768 32768 32768 32768 32768 32768 32768 32768 32768 32768 32768 32768 32768 32768 32768 32768 32768 32768 192 32768 32768 32768 32768 32768 32768 640 640 640 640 640 640 640 640 640 640 4736 4736 4736 640 640 640 640 640 640 4736 640 640 640 640 4736 640 192 192 192 192 208 208 208 192 2176 192 2176 2176 2176 2176 2176 2176 2176 6272 6272 6272 6272 6272 2176 192 192 192 1152 1152 1152 1152 1152 1152 1152 1152 1152 1152 1152 1152 1152 1152 1152 192 192 208 208 20688 4288 4288 32768 32768 32768 32768 32768 32768 320 320 320 320 32768 32768 32768 32768 32768 32768 32768 32768 32768 32768 32768 32768 32768 32768 32768 32768 32768 32768 32768 32768 32768 32768 32768 32768 32768 32768 32768 32768 32768 32768 32768 32768 32768 32768 32768 32768 32768 32768 32768 32768 32768 32768 32768 32768 32768 32768 32768 32768 32768 32768 32768 32768 32768 32768 32768 32768 32768 32768 32768 32768 32768 32768 32768 32768 32768 32768 32768
32768 32768 32768 32768 32768 32768 32768 32768 32768 32768 32768 32768 32768 32768 32768 32768 32768 32768 32768 32768 32768 32768 32768 32768 32768 32768 32768 32768 32768 32768 32768 32768 32768 32768 32768 32768 32768 32768 32768 32768 32768 32768 32768 32768 32768 32768 32768 32768 32768 32768 640 640 640 640 640 640 32768 640 640 4736 4736 4736 640 640 640 640 640 4736 640 640 640 640 640 640 4288 192 192 192 208 208 208 208 192 192 192 2176 2176 2176 2176 2176 2176 2176 2176 6272 6272 6272 6272 4288 192 192 192 192 1152 1152 1152 1152 1152 1152 1152 1152 1152 1152 1152 1152 1152 1152 192 208 208 208 20688 4288 32768 4288 32768 32768 32768 32768 320 320 320 320 320 32768 32768 32768 32768 32768 32768 32768 32768 32768 32768 32768 32768 32768 32768 32768 32768 32768 32768 32768 32768 32768 32768 32768 32768 32768 32768 32768 32768 32768 32768 32768 32768 32768 32768 32768 32768 32768 32768 32768 32768 32768 32768 32768 32768 32768 32768 32768 32768 32768 32768 32768 32768 32768 32768 32768 32768 32768 32768 32768 32768 32768 32768 32768 32768 32768 32768 32768
32768 32768 32768 32768 32768 32768 32768 32768 32768 32768 32768 32768 32768 32768 32768 32768 32768 32768 32768 32768 32768 32768 32768 32768 32768 32768 32768 32768 32768 32768 32768 32768 32768 32768 32768 32768 32768 32768 32768 32768 32768 32768 32768 32768 32768 32768 32768 32768 32768 32768 32768 640 640 32768 640 640 32768 32768 640 4736 4736 4736 640 640 640 640 4736 640 640 640 640 640 192 192 192 4288 192 192 208 208 208 208 192 192 192 2176 2176 2176 2176 2176 2176 2176 2176 2176 6272 6272 4288 4288 4288 192 192 192 192 1152 1152 1152 1152 1152 1152 1152 1152 1152 1152 1152 1152 1152 1152 208 208 20688 20688 4288 4288 32768 32768 32768 32768 32768 32768 320 320 320 320 320 32768 32768 32768 32768 32768 32768 32768 32768 32768 32768 32768 32768 32768 32768 32768 32768 32768 32768 32768 32768 32768 32768 32768 32768 32768 32768 32768 32768 32768 32768 32768 32768 32768 32768 32768 32768 32768 32768 32768 32768 32768 32768 32768 32768 32768 32768 32768 32768 32768 32768 32768 32768 32768 32768 32768 32768 32768 32768 32768 32768 32768 32768 32768 32768 32768 32768
32768 32768 32768 32768 32768 32768 32768 32768 32768 32768 32768 32768 32768 32768 32768 32768 32768 32768 32768 32768 32768 32768 32768 32768 32768 32768 32768 32768 32768 32768 32768 32768 32768 32768 32768 32768 32768 32768 32768 32768 32768 32768 32768 32768 32768 32768 32768 32768 32768 32768 32768 32768 32768 32768 32768 32768 32768 640 640 4736 4736 4736 4736 640 640 4736 640 640 640 640 640 192 192 192 208 208 20688 208 208 208 208 192 192 192 192 2176 2176 2176 2176 2176 2176 2176 2176 2176 2200 22680 4288 4288 4288 4288 192 192 192 192 1152 192 1152 1152 1152 1152 1152 1664 1664 1664 1152 1152 192 208 20688 20688 4288 4288 4288 32768 32768 32768 32768 32768 32768 32768 32768 320 320 32768 32768 32768 32768 32768 32768 32768 32768 32768 32768 32768 32768 32768 32768 32768 32768 32768 32768 32768 32768 32768 32768 32768 32768 32768 32768 32768 32768 32768 32768 32768 32768 32768 32768 32768 32768 32768 32768 32768 32768 32768 32768 32768 32768 32768 32768 32768 32768 32768 32768 32768 32768 32768 32768 32768 32768 32768 32768 32768 32768 32768 32768 32768 32768 32768 32768 32768
32768 32768 32768 32768 32768 32768 32768 32768 32768 32768 32768 32768 32768 32768 32768 32768 32768 32768 32768 32768 32768 32768 32768 32768 32768 32768 32768 32768 32768 32768 32768 32768 32768 32768 32768 32768 32768 32768 32768 32768 32768 32768 32768 32768 32768 32768 32768 32768 32768 32768 32768 32768 32768 32768 32768 32768 32768 32768 640 4736 4736 4736 4736 4736 4736 640 640 640 640 640 640 192 192 208 208 209 208 20689 209 209 208 208 192 192 192 192 192 2176 2176 2176 2176 2176 2176 2200 2200 2200 20696 4288 4288 4288 4288 192 192 192 192 192 192 1152 1152 1664 1664 1664 1664 640 640 192 192 208 20688 20688 32768 32768 32768 32768 32768 32768 32768 32768 32768 32768 32768 32768 32768 32768 32768 32768 32768 32768 32768 32768 32768 32768 32768 32768 32768 32768 32768 32768 32768 32768 32768 32768 32768 32768 32768 32768 32768 32768 32768 32768 32768 32768 32768 32768 32768 32768 32768 32768 32768 32768 32768 32768 32768 32768 32768 32768 32768 32768 32768 32768 32768 32768 32768 32768 32768 32768 32768 32768 32768 32768 32768 32768 32768 32768 32768 32768 32768 32768 32768 32768
32768 32768 32768 32768 32768 32768 32768 32768 32768 32768 32768 32768 32768 32768 32768 32768 32768 32768 32768 32768 32768 32768 32768 32768 32768 32768 32768 32768 32768 32768 32768 32768 32768 32768 32768 32768 32768 32768 32768 32768 32768 32768 32768 32768 32768 32768 32768 32768 32768 32768 32768 32768 32768 32768 32768 32768 32768 32768 640 640 4736 4736 4736 4736 4736 640 640 640 640 640 192 192 192 208 209 209 209 209 20689 209 209 1168 208 192 192 192 192 2176 2176 2176 2176 2176 2176 2176 2200 2200 208 20688 4288 4288 4288 4288 192 192 192 192 192 640 640 1664 1664 1664 640 640 640 640 656 656 20688 20688 4288 4288 32768 192 32768 32768 32768 32768 32768 32768 32768 32768 32768 32768 32768 32768 32768 32768 32768 32768 32768 32768 32768 32768 32768 32768 32768 32768 32768 32768 32768 32768 32768 32768 32768 32768 32768 32768 32768 32768 32768 32768 32768 32768 32768 32768 32768 32768 32768 32768 32768 32768 32768 32768 32768 32768 32768 32768 32768 32768 32768 32768 32768 32768 32768 32768 32768 32768 32768 32768 32768 32768 32768 32768 32768 32768 32768 32768 32768 32768
32768 32768 32768 32768 32768 32768 32768 32768 32768 32768 32768 32768 32768 32768 32768 32768 32768 32768 32768 32768 32768 32768 32768 32768 32768 32768 32768 32768 32768 32768 32768 32768 32768 32768 32768 32768 32768 32768 32768 32768 32768 32768 32768 32768 32768 32768 32768 32768 32768 32768 32768 32768 32768 32768 32768 32768 32768 32768 640 640 640 4736 4736 4736 4736 4736 640 640 640 192 192 192 208 208 209 209 209 209 209 21649 1169 1169 1168 192 1152 192 192 192 2176 192 2176 2176 2176 2176 2176 192 192 192 20688 4288 4288 4288 4288 192 192 192 640 640 640 640 640 640 640 640 640 640 656 656 21136 21136 4736 4288 4288 192 32768 32768 32768 32768 32768 32768 32768 32768 32768 32768 32768 32768 32768 32768 32768 32768 32768 32768 32768 32768 32768 32768 32768 32768 32768 32768 32768 32768 32768 32768 32768 32768 32768 32768 32768 32768 32768 32768 32768 32768 32768 32768 32768 32768 32768 32768 32768 32768 32768 32768 32768 32768 32768 32768 32768 32768 32768 32768 32768 32768 32768 32768 32768 32768 32768 32768 32768 32768 32768 32768 32768 32768 32768 32768 32768 32768
32768 32768 32768 32768 32768 32768 32768 32768 32768 32768 32768 32768 32768 32768 32768 32768 32768 32768 32768 32768 32768 32768 32768 32768 32768 32768 32768 32768 32768 32768 32768 32768 32768 32768 32768 32768 32768 32768 32768 32768 32768 32768 32768 32768 32768 32768 32768 32768 32768 32768 32768 32768 32768 32768 32768 32768 32768 32768 640 640 640 4736 4736 4736 4736 4736 4736 192 192 192 192 192 208 209 209 209 209 209 1169 1169 21649 1169 1168 1168 1152 1152 192 192 192 192 192 192 2176 2176 192 192 192 192 192 20688 20688 4288 20696 216 192 192 192 640 640 640 640 640 640 640 640 640 656 656 21136 4736 4736 4736 4736 640 192 32768 32768 32768 32768 32768 32768 32768 32768 32768 32768 32768 32768 32768 32768 32768 32768 32768 32768 32768 32768 32768 32768 32768 32768 32768 32768 32768 32768 32768 32768 32768 32768 32768 32768 32768 32768 32768 32768 32768 32768 32768 32768 32768 32768 32768 32768 32768 32768 32768 32768 32768 32768 32768 32768 32768 32768 32768 32768 32768 32768 32768 32768 32768 32768 32768 32768 32768 32768 32768 32768 32768 32768 32768 32768 32768
32768 32768 32768 32768 32768 32768 32768 32768 32768 32768 32768 32768 32768 32768 32768 32768 32768 32768 32768 32768 32768 32768 32768 32768 32768 32768 32768 32768 32768 32768 32768 32768 32768 32768 32768 32768 32768 32768 32768 32768 32768 32768 32768 32768 32768 32768 32768 32768 32768 32768 32768 32768 32768 32768 32768 32768 32768 32768 640 640 4736 640 640 4736 4736 4736 4736 4288 192 192 192 192 208 209 209 209 209 209 1169 1169 1169 21649 1169 1168 1152 1152 1152 1152 192 192 192 192 192 192 192 192 192 192 192 192 4288 20696 20696 20696 216 192 192 640 640 640 640 640 640 640 640 640 656 21136 21136 4736 4736 4736 640 640 640 32768 32768 32768 32768 32768 32768 32768 32768 32768 32768 32768 32768 32768 32768 32768 32768 32768 32768 32768 32768 32768 32768 32768 32768 32768 32768 32768 320 32768 320 32768 320 32768 320 32768 32768 32768 32768 32768 32768 32768 32768 32768 32768 32768 32768 32768 32768 32768 32768 32768 32768 32768 32768 32768 32768 32768 32768 32768 32768 32768 32768 32768 32768 32768 32768 32768 32768 32768 32768 32768 32768 32768 32768 32768
32768 32768 32768 32768 32768 32768 32768 32768 32768 32768 32768 32768 32768 32768 32768 32768 32768 32768 32768 32768 32768 32768 32768 32768 32768 32768 32768 32768 32768 32768 32768 32768 32768 32768 32768 32768 32768 32768 32768 32768 32768 32768 32768 32768 32768 32768 32768 32768 32768 32768 32768 32768 32768 32768 32768 32768 32768 640 32768 4736 640 640 640 640 4736 4736 4736 4736 4736 192 192 192 208 209 209 209 208 208 1169 1169 1169 1169 21649 1168 1152 1152 1152 1152 1152 192 192 192 192 192 192 192 192 192 192 192 4288 4288 20696 20696 20696 4288 192 640 640 640 640 640 640 640 640 656 21136 21136 21136 4736 4736 640 640 640 640 640 32768 32768 32768 32768 32768 32768 32768 32768 32768 32768 32768 32768 32768 32768 32768 32768 32768 32768 32768 32768 32768 32768 32768 32768 32768 320 320 320 320 320 320 320 320 320 32768 32768 32768 32768 32768 32768 32768 32768 32768 32768 32768 32768 32768 32768 32768 32768 32768 32768 32768 32768 32768 32768 32768 32768 32768 32768 32768 32768 32768 32768 32768 32768 32768 32768 32768 32768 32768 32768 32768 32768
32768 32768 32768 32768 32768 32768 32768 32768 32768 32768 32768 32768 32768 32768 32768 32768 32768 32768 32768 32768 32768 32768 32768 32768 32768 32768 32768 32768 32768 32768 32768 32768 32768 32768 32768 32768 32768 32768 32768 32768 32768 32768 32768 32768 32768 32768 32768 32768 32768 32768 32768 32768 32768 32768 32768 32768 32768 640 4736 640 640 640 640 640 640 4736 4736 4736 4288 4288 192 192 208 208 209 208 1168 1168 1168 1169 1168 1168 1168 21648 1152 1152 1152 1152 1152 1152 192 192 192 192 192 192 192 192 192 192 192 4288 20688 20696 4288 4288 4288 192 640 640 640 640 640 640 640 21136 21136 21136 21136 4736 4736 640 640 640 640 32768 32768 32768 32768 32768 32768 32768 32768 32768 32768 32768 32768 32768 32768 32768 32768 320 320 32768 32768 32768 32768 32768 32768 32768 32768 320 320 320 320 320 320 320 320 320 320 32768 32768 32768 32768 32768 32768 32768 32768 32768 32768 32768 32768 32768 32768 32768 32768 32768 32768 32768 32768 32768 32768 32768 32768 32768 32768 32768 32768 32768 32768 32768 32768 32768 32768 32768 32768 32768 32768 32768
32768 32768 32768 32768 32768 32768 32768 32768 32768 32768 32768 32768 32768 32768 32768 32768 32768 32768 32768 32768 32768 32768 32768 32768 32768 32768 32768 32768 32768 32768 32768 32768 32768 32768 32768 32768 32768 32768 32768 32768 32768 32768 32768 32768 32768 32768 32768 32768 32768 32768 32768 32768 32768 32768 32768 32768 32768 32768 32768 640 640 640 640 640 640 640 4736 4288 4288 4288 4288 192 192 208 208 1168 1152 1152 1168 1168 1168 1152 1152 1152 5248 1152 1152 1152 1152 1152 192 192 192 192 192 192 192 192 192 192 192 192 20688 4288 4288 4288 4288 640 640 640 640 640 640 656 21136 21136 21138 21136 21136 21136 656 640 640 640 640 32768 32768 32768 32768 32768 32768 32768 32768 32768 32768 32768 32768 32768 32768 320 320 320 320 320 32768 32768 32768 32768 32768 32768 32768 320 320 320 320 320 320 320 320 320 32768 32768 32768 32768 32768 32768 32768 32768 32768 32768 32768 32768 32768 32768 32768 32768 32768 32768 32768 32768 32768 32768 32768 32768 32768 32768 32768 32768 32768 32768 32768 32768 32768 32768 32768 32768 32768 32768 32768 32768
32768 32768 32768 32768 32768 32768 32768 32768 32768 32768 32768 32768 32768 32768 32768 32768 32768 32768 32768 32768 32768 32768 32768 32768 32768 32768 32768 32768 32768 32768 32768 32768 32768 32768 32768 32768 32768 32768 32768 32768 32768 32768 32768 32768 32768 32768 32768 32768 32768 32768 32768 32768 32768 32768 32768 32768 32768 192 640 640 640 640 640 640 640 640 640 4288 4288 4288 4288 4288 192 208 1168 1168 3200 1152 1152 1152 1152 1152 1152 1152 1152 5248 1152 1152 1152 1152 1152 192 192 192 192 192 192 212 212 192 192 192 208 192 4288 4288 4736 4736 640 640 640 640 656 21136 21138 21138 21138 21138 21138 658 656 656 640 640 32768 640 32768 32768 32768 32768 32768 32768 32768 32768 32768 32768 32768 32768 320 320 320 320 320 320 32768 32768 32768 32768 32768 32768 320 320 320 320 320 320 320 320 320 32768 32768 32768 32768 32768 32768 32768 32768 32768 32768 32768 32768 32768 32768 32768 32768 32768 32768 32768 32768 32768 32768 32768 32768 32768 32768 32768 32768 32768 32768 32768 32768 32768 32768 32768 32768 32768 32768 32768 32768 32768
32768 32768 32768 32768 32768 32768 32768 32768 32768 32768 32768 32768 32768 32768 32768 32768 32768 32768 32768 32768 32768 32768 32768 32768 32768 32768 32768 32768 32768 32768 32768 32768 32768 32768 32768 32768 32768 32768 32768 32768 32768 32768 32768 32768 32768 32768 32768 32768 32768 32768 32768 32768 32768 32768 32768 32768 32768 640 640 640 640 640 640 640 640 640 192 192 4288 4288 4288 4288 4288 1168 1168 3216 3200 3200 3200 1152 1152 1152 1152 1152 1152 1152 5248 1152 1152 1152 1152 192 192 192 192 192 212 212 212 212 208 208 208 208 20688 21136 21136 21136 656 656 656 656 21136 21138 21138 21138 21138 21138 21138 658 658 656 656 640 640 640 32768 32768 32768 32768 32768 32768 32768 32768 32768 32768 32768 32768 32768 320 320 320 320 32768 32768 32768 32768 32768 32768 32768 32768 320 320 320 320 320 32768 32768 32768 32768 32768 32768 32768 32768 32768 32768 32768 32768 32768 32768 32768 32768 32768 32768 32768 32768 32768 32768 32768 32768 32768 32768 32768 32768 32768 32768 32768 32768 32768 32768 32768 32768 32768 32768 32768 32768 32768 32768 32768 32768
32768 32768 32768 32768 32768 32768 32768 32768 32768 32768 32768 32768 32768 32768 32768 32768 32768 32768 32768 32768 32768 32768 32768 32768 32768 32768 32768 32768 32768 32768 32768 32768 32768 32768 32768 32768 32768 32768 32768 32768 32768 32768 32768 32768 32768 32768 32768 32768 32768 32768 32768 32768 32768 32768 192 192 192 192 640 640 640 192 192 640 640 192 192 192 192 4288 4288 4288 4288 21648 1168 3216 3200 3200 3200 3200 1152 1152 1152 1152 1152 1152 1152 5248 1152 1152 1152 192 192 192 192 192 212 212 212 192 192 192 192 192 192 4288 4736 4736 4736 640 640 4736 656 21136 21138 21138 21138 21138 21138 658 658 658 656 640 640 640 640 640 32768 32768 32768 32768 32768 32768 32768 32768 32768 32768 32768 32768 32768 32768 32768 32768 32768 32768 32768 32768 32768 32768 32768 32768 320 320 320 320 32768 32768 32768 32768 32768 32768 32768 32768 32768 32768 32768 32768 32768 32768 32768 32768 32768 32768 32768 32768 32768 32768 32768 32768 32768 32768 32768 32768 32768 32768 32768 32768 32768 32768 32768 32768 32768 32768 32768 32768 32768 32768 32768 32768
32768 32768 32768 32768 32768 32768 32768 32768 32768 32768 32768 32768 32768 32768 32768 32768 32768 32768 32768 32768 32768 32768 32768 32768 32768 32768 32768 32768 32768 32768 32768 32768 32768 32768 32768 32768 32768 32768 32768 32768 32768 32768 32768 32768 32768 32768 32768 32768 32768 32768 32768 32768 32768 32768 192 192 192 192 192 640 192 192 192 192 192 192 192 192 192 192 4288 4288 20696 20696 23704 3216 3200 3200 3200 3200 3200 1152 1152 1152 1152 1152 1152 1152 5248 1152 1152 1152 1152 192 192 192 212 212 212 192 192 192 192 192 192 4288 4288 4288 4288 4736 4736 640 640 21136 21136 21138 21138 21138 21138 658 658 656 656 640 640 640 640 640 640 640 32768 32768 32768 32768 32768 32768 32768 32768 32768 32768 32768 32768 32768 32768 32768 32768 32768 32768 32768 32768 32768 320 320 320 320 32768 32768 32768 32768 32768 32768 32768 32768 32768 32768 32768 32768 32768 32768 32768 32768 32768 32768 32768 32768 32768 32768 32768 32768 32768 32768 32768 32768 32768 32768 32768 32768 32768 32768 32768 32768 32768 32768 32768 32768 32768 32768 32768 32768 32768
32768 32768 32768 32768 32768 32768 32768 32768 32768 32768 32768 32768 32768 32768 32768 32768 32768 32768 32768 32768 32768 32768 32768 32768 32768 32768 32768 32768 32768 32768 32768 32768 32768 32768 32768 32768 32768 32768 32768 32768 32768 32768 32768 32768 32768 32768 32768 32768 32768 32768 32768 32768 32768 32768 32768 192 192 192 192 192 192 192 192 192 192 192 192 192 192 192 192 4288 20696 22680 22680 22680 3200 3200 3200 3200 3200 3200 1152 1152 1152 1152 1152 1152 1152 5248 5248 1152 1152 1152 208 208 192 212 192 192 192 192 192 192 192 192 4288 4288 4288 4288 4288 640 640 640 21136 21136 21136 21138 21136 656 656 656 640 640 640 640 640 640 640 640 32768 32768 32768 32768 32768 32768 32768 32768 32768 32768 32768 32768 32768 32768 32768 32768 32768 32768 32768 32768 32768 320 320 320 32768 32768 32768 32768 32768 32768 32768 32768 32768 32768 32768 32768 32768 32768 32768 32768 32768 32768 32768 32768 32768 32768 32768 32768 32768 32768 32768 32768 32768 32768 32768 32768 32768 32768 32768 32768 32768 32768 32768 32768 32768 32768 32768 32768 32768 32768
32768 32768 32768 32768 32768 32768 32768 32768 32768 32768 32768 32768 32768 32768 32768 32768 32768 32768 32768 32768 32768 32768 32768 32768 32768 32768 32768 32768 32768 32768 32768 32768 32768 32768 32768 32768 32768 32768 32768 32768 32768 32768 32768 32768 32768 32768 32768 320 320 320 32768 32768 32768 32768 32768 32768 192 192 192 192 192 192 192 192 192 192 192 192 192 192 192 192 22680 22680 22680 6272 7296 3200 3200 3200 3200 3200 3200 3200 1152 1152 1152 1172 1172 1172 5248 5248 1168 1168 1152 192 192 192 192 192 192 192 192 192 192 192 192 4288 4288 4288 4288 192 192 4736 4736 4736 21136 21136 656 640 640 640 656 640 640 640 640 640 640 640 32768 32768 32768 32768 32768 32768 32768 32768 32768 32768 32768 32768 32768 32768 32768 32768 32768 32768 32768 32768 32768 32768 320 32768 32768 32768 32768 32768 32768 320 32768 32768 32768 32768 32768 32768 32768 32768 32768 32768 32768 32768 32768 32768 32768 32768 32768 32768 32768 32768 32768 32768 32768 32768 32768 32768 32768 32768 32768 32768 32768 32768 32768 32768 32768 32768 32768 32768 32768 32768
32768 32768 32768 32768 32768 32768 32768 32768 32768 32768 32768 32768 32768 32768 32768 32768 32768 32768 32768 32768 32768 32768 32768 32768 32768 32768 32768 32768 32768 32768 32768 32768 32768 32768 32768 32768 32768 32768 32768 32768 32768 32768 32768 32768 32768 32768 32768 320 320 320 32768 32768 32768 32768 32768 32768 192 192 192 192 192 192 192 192 192 192 192 192 192 192 192 192 208 22672 22672 6272 7296 7296 3200 3200 3200 3200 3200 3200 3200 3200 3220 3220 1172 1172 1172 21648 1152 1152 192 192 192 192 192 192 192 192 192 192 192 192 192 4288 4288 4288 4288 4288 192 4288 4288 4736 4736 640 640 640 640 640 656 640 640 640 640 640 640 640 32768 32768 32768 32768 32768 32768 32768 32768 32768 32768 32768 32768 32768 32768 32768 32768 32768 32768 32768 32768 32768 32768 32768 32768 32768 32768 32768 32768 320 320 320 32768 32768 32768 32768 32768 32768 32768 32768 32768 32768 32768 32768 32768 32768 32768 32768 32768 32768 32768 32768 32768 32768 32768 32768 32768 32768 32768 32768 32768 32768 32768 32768 32768 32768 32768 32768 32768 32768 32768
32768 32768 32768 320 320 32768 32768 32768 32768 32768 32768 32768 32768 32768 32768 32768 32768 32768 32768 32768 32768 32768 32768 32768 32768 32768 32768 32768 32768 32768 32768 32768 32768 32768 32768 32768 32768 32768 32768 32768 32768 32768 32768 32768 32768 32768 320 320 320 320 320 32768 32768 32768 32768 192 192 192 192 192 192 192 192 192 192 192 192 192 192 192 192 192 208 208 22672 7296 7296 7296 7296 3200 3200 3200 3200 3200 3200 3200 3200 3220 3220 3220 3220 2196 7296 2176 2176 2176 2176 192 192 192 192 192 192 192 192 192 4288 4288 4288 4288 4288 4288 4288 4288 4288 4288 4288 192 640 640 640 640 640 656 640 640 640 640 640 32768 32768 32768 32768 32768 32768 32768 32768 32768 32768 32768 32768 32768 32768 32768 32768 32768 32768 32768 32768 32768 32768 32768 32768 32768 32768 32768 32768 320 320 320 320 320 32768 32768 32768 32768 32768 32768 32768 32768 32768 32768 32768 32768 32768 32768 32768 32768 32768 32768 32768 32768 32768 32768 32768 32768 32768 32768 32768 32768 32768 32768 32768 32768 32768 32768 32768 32768 32768 32768
320 32768 320 320 320 320 32768 32768 32768 32768 32768 32768 32768 32768 32768 32768 32768 32768 32768 32768 32768 32768 32768 32768 32768 32768 32768 32768 32768 32768 32768 32768 32768 32768 32768 32768 32768 32768 32768 32768 32768 32768 32768 32768 32768 320 320 320 320 320 320 32768 32768 32768 32768 32768 192 192 192 192 192 192 192 192 192 192 192 192 192 192 192 192 208 208 2192 7296 7296 7296 7296 7296 3200 3200 3200 3200 3200 3200 3200 3200 3200 3220 3220 3200 3200 6272 2176 2176 192 192 192 192 192 192 4288 4288 4288 4288 4288 4288 4288 4288 4288 4288 4288 4288 4288 4288 4288 4288 192 640 640 640 640 640 656 640 640 640 640 640 32768 32768 32768 32768 32768 32768 32768 32768 32768 32768 32768 32768 32768 32768 32768 32768 32768 32768 32768 32768 32768 32768 32768 32768 32768 32768 320 320 320 320 320 32768 32768 32768 32768 32768 32768 32768 32768 32768 32768 32768 32768 32768 32768 32768 32768 32768 32768 32768 32768 32768 32768 32768 32768 32768 32768 32768 32768 32768 32768 32768 32768 32768 32768 32768 32768 32768 32768 32768
320 320 320 320 344 344 320 32768 32768 32768 32768 32768 32768 32768 32768 32768 32768 32768 32768 32768 32768 32768 32768 32768 32768 32768 32768 32768 32768 32768 32768 32768 32768 32768 32768 32768 32768 32768 32768 32768 32768 32768 32768 32768 320 320 320 320 320 320 320 32768 32768 32768 32768 32768 192 192 192 192 192 192 192 192 192 192 192 192 192 192 192 192 208 208 1168 1152 5248 5248 5248 7296 7296 3200 3200 3200 3200 3200 3200 3200 3200 3200 3216 3200 3200 3200 6272 192 192 192 192 192 192 4288 4288 4288 4288 4288 4288 4288 4288 4288 4288 4288 4288 4288 4288 4288 4288 4288 192 192 192 640 640 640 640 656 640 640 32768 32768 32768 32768 32768 32768 32768 32768 32768 32768 32768 32768 32768 32768 32768 32768 32768 32768 32768 32768 32768 32768 32768 32768 32768 32768 32768 320 320 320 320 320 320 32768 32768 32768 32768 32768 320 32768 32768 32768 32768 32768 32768 32768 32768 32768 32768 32768 32768 32768 32768 32768 32768 32768 32768 32768 32768 32768 32768 32768 32768 32768 32768 32768 32768 32768 32768 32768 32768 32768
320 320 320 344 344 344 344 320 32768 32768 32768 32768 32768 32768 32768 32768 32768 32768 32768 32768 32768 32768 32768 32768 32768 32768 32768 32768 32768 32768 32768 32768 32768 32768 32768 32768 32768 32768 32768 32768 32768 32768 32768 320 320 320 320 320 320 320 320 320 32768 32768 32768 32768 192 192 192 192 192 192 192 192 192 192 192 192 192 192 192 192 208 1168 1168 1152 1152 5248 5248 5248 5248 7296 3200 3200 3200 3200 3200 3200 3200 3200 3200 3216 3200 3200 2176 6272 192 192 192 192 4288 4288 4288 4288 4288 4288 4288 4288 4288 4288 4288 4288 4288 4288 4288 4288 4288 4288 192 192 192 192 640 664 664 664 664 640 640 32768 32768 32768 32768 32768 32768 32768 32768 32768 32768 32768 32768 32768 32768 32768 32768 32768 32768 32768 32768 32768 32768 4416 4416 320 320 320 320 320 320 320 32768 32768 32768 32768 32768 320 320 320 320 32768 32768 32768 320 320 32768 32768 32768 32768 32768 32768 32768 32768 32768 32768 32768 32768 32768 32768 32768 32768 32768 32768 32768 32768 32768 32768 32768 32768 32768 32768
320 320 320 320 344 344 320 320 32768 32768 32768 32768 32768 32768 32768 32768 32768 32768 32768 32768 32768 32768 32768 32768 32768 32768 320 32768 32768 32768 32768 32768 32768 32768 32768 32768 32768 32768 32768 32768 32768 32768 320 320 320 320 320 320 320 320 320 32768 32768 32768 32768 32768 32768 192 192 192 192 192 192 192 192 192 192 192 192 192 192 192 208 208 1168 1152 1152 1152 5248 5248 5248 5248 7296 7296 3200 3200 3200 3200 3200 3200 3200 3216 3200 2176 2176 4288 4288 4288 192 4288 4288 4288 4288 4288 4288 4288 192 4288 192 4288 4288 4288 4288 4288 4288 4288 192 192 192 192 192 192 192 664 664 664 664 32768 32768 32768 32768 32768 32768 32768 32768 32768 32768 32768 32768 32768 32768 32768 32768 32768 32768 32768 32768 32768 32768 32768 4416 4416 4416 4416 320 320 320 320 320 320 32768 32768 32768 32768 32768 320 320 320 320 320 320 320 320 320 320 32768 32768 32768 32768 32768 32768 32768 32768 32768 32768 32768 32768 32768 32768 32768 32768 32768 32768 32768 32768 32768 32768 32768 32768 32768
320 320 320 320 344 320 336 32768 32768 32768 32768 32768 32768 32768 32768 32768 32768 32768 32768 32768 32768 32768 32768 320 32768 320 320 320 32768 320 320 32768 32768 32768 32768 32768 32768 32768 32768 32768 32768 32768 32768 320 320 320 320 320 320 320 320 320 32768 32768 32768 32768 192 192 192 192 192 192 192 192 192 192 192 192 192 192 192 192 208 208 208 192 1152 1152 1152 5248 5248 5248 5248 5248 5248 1152 1152 1152 1152 1152 1152 1168 1152 3200 2176 4288 4288 4288 4288 4288 4288 4288 4288 192 192 192 192 4288 4288 4288 4288 4288 4288 4288 4288 4288 192 192 192 192 192 208 208 192 664 664 664 32768 32768 32768 32768 32768 32768 32768 32768 32768 32768 32768 32768 32768 32768 32768 32768 32768 32768 32768 32768 32768 32768 32768 32768 4416 4416 4416 320 320 320 320 320 320 32768 32768 32768 32768 320 320 320 320 320 320 320 320 320 320 32768 32768 32768 32768 32768 32768 32768 32768 32768 32768 32768 32768 32768 32768 32768 32768 32768 32768 32768 32768 32768 32768 32768 32768 32768 32768
320 320 320 320 320 320 32768 32784 32768 32768 32768 32768 32768 32768 32768 32768 32768 32768 32768 32768 32768 32768 320 320 320 320 320 320 320 320 320 32768 32768 32768 32768 32768 32768 32768 32768 32768 32768 32768 32768 32768 32768 32768 320 32768 320 320 320 32768 32768 32768 32768 32768 192 192 192 192 192 192 192 192 192 192 192 192 192 192 192 208 208 208 208 192 192 1152 1152 1152 5248 5248 5248 5248 5248 4288 1152 1152 1152 1152 1152 1152 1168 1152 192 4288 4288 4288 4288 4288 4288 4288 192 192 192 192 192 4288 4288 4288 4288 4288 4288 4288 4288 4288 192 192 192 208 208 192 192 192 192 640 32768 32768 32768 32768 32768 32768 32768 32768 32768 32768 32768 32768 32768 32768 32768 32768 32768 32768 32768 32768 32768 32768 32768 32768 32768 4416 4416 4416 4416 320 320 320 320 320 32768 32768 32768 32768 32768 320 320 320 320 320 320 320 320 32768 32768 32768 32768 32768 32768 32768 32768 32768 32768 32768 32768 32768 32768 32768 32768 32768 32768 32768 32768 32768 32768 32768 32768 32768 32768 32768
320 320 320 320 320 320 320 32784 32768 32768 32768 32768 32768 32768 32768 32768 32768 32768 32768 32768 32768 320 320 320 320 320 320 320 320 320 320 32768 32768 32768 32768 32768 32768 32768 32768 32768 32768 32768 32768 32768 32768 32768 32768 32768 320 320 320 32768 32768 32768 32768 32768 192 192 192 192 192 192 192 192 192 192 192 192 192 192 192 208 208 208 208 192 192 192 192 1152 1152 5248 5248 5248 5248 5248 5248 5248 1152 1152 1152 1152 1168 1152 1152 192 4288 4288 4288 4288 4288 192 192 192 192 192 4288 4288 4288 4288 4288 192 192 192 192 192 192 208 208 192 192 192 192 192 192 640 32768 32768 32768 32768 32768 32768 32768 32768 32768 32768 32768 32768 32768 32768 32768 32768 32768 32768 32768 32768 32768 32768 32768 32768 32768 4416 4416 4416 4416 320 320 320 320 320 32768 32768 32768 32768 32768 32768 32768 320 320 320 320 320 32768 32768 32768 32768 32768 32768 32768 32768 32768 32768 32768 32768 32768 32768 32768 32768 32768 32768 32768 32768 32768 32768 32768 32768 32768 32768 32768 32768
32768 320 32768 320 320 320 32768 32768 32784 32768 32768 32768 32768 32768 32768 32768 32768 32768 32768 32768 32768 32768 320 320 344 344 320 320 320 320 32768 32768 32768 32768 32768 32768 32768 32768 32768 32768 32768 32768 32768 32768 32768 32768 32768 32768 32768 320 32768 32768 32768 32768 32768 32768 32768 192 192 192 192 192 192 192 192 192 192 192 192 192 192 208 208 208 192 192 192 192 192 192 1152 1152 1152 5248 4288 4288 5248 5248 5248 1152 1152 1152 1168 1152 192 4288 4288 4288 4288 4288 4288 192 192 192 192 4288 4288 4288 4288 4288 192 216 192 192 192 208 208 192 192 192 192 192 192 192 192 32768 32768 32768 32768 32768 32768 32768 32768 32768 32768 32768 32768 32768 32768 32768 32768 32768 32768 32768 32768 32768 32768 32768 32768 32768 32768 32768 4416 4416 4416 320 320 320 320 320 320 32768 32768 32768 32768 32768 32768 32768 32768 320 320 32768 32768 32768 32768 32768 32768 32768 32768 32768 32768 32768 32768 32768 32768 32768 32768 32768 32768 32768 32768 32768 32768 32768 32768 32768 32768 32768 32768 32768
32768 32768 32768 32768 32768 32768 32768 32768 32768 32784 32768 32768 32768 32768 32768 32768 32768 32768 32768 32768 32768 32768 320 344 344 344 344 320 320 320 320 32768 32768 32768 32768 32768 32768 32768 32768 32768 32768 32768 32768 32768 32768 32768 32768 32768 32768 32768 32768 32768 32768 32768 32768 32768 32768 32768 192 192 192 192 192 192 192 192 192 192 192 192 192 208 208 208 192 192 192 192 192 192 192 1152 192 192 4288 4288 5248 5248 5248 5248 192 192 208 216 4288 4288 4288 4288 4288 4288 4288 4288 192 192 4288 4288 4288 4288 4288 192 216 216 216 208 208 192 192 192 192 192 192 192 192 192 192 192 32768 192 32768 32768 32768 32768 32768 32768 32768 32768 32768 32768 32768 32768 32768 32768 32768 32768 32768 32768 32768 32768 32768 32768 32768 4416 4416 4416 4416 320 320 320 320 320 320 320 32768 32768 32768 32768 32768 32768 32768 32768 32768 32768 32768 32768 32768 32768 32768 32768 32768 32768 32768 32768 32768 32768 32768 32768 32768 32768 32768 32768 32768 32768 32768 32768 32768 32768 32768 32768 32768 32768
32768 32768 32768 32768 32768 32768 32768 32768 32768 32768 32784 32768 32768 32768 32768 32768 32768 32768 32768 32768 32768 320 320 320 344 344 320 320 320 320 32768 32768 32768 32768 32768 32768 32768 32768 32768 32768 32768 32768 32768 32768 32768 32768 32768 32768 32768 32768 32768 32768 32768 32768 32768 32768 32768 32768 192 192 192 192 192 192 192 192 192 192 192 192 192 208 208 208 192 192 192 192 192 192 192 192 192 192 192 4288 4288 5248 4288 4288 192 192 216 20696 20696 4736 4288 4288 4288 4288 4288 4288 4288 4288 4288 4288 4288 4288 192 192 216 216 216 216 192 192 192 192 192 192 192 192 192 192 192 32768 192 32768 192 32768 32768 32768 32768 32768 32768 32768 32768 32768 32768 32768 32768 32768 32768 32768 32768 32768 32768 32768 32768 32768 32768 32768 4416 4416 320 320 320 320 320 320 320 320 32768 32768 32768 32768 32768 32768 32768 32768 32768 32768 32768 32768 32768 32768 32768 32768 32768 32768 32768 32768 32768 32768 32768 32768 32768 32768 32768 32768 32768 32768 32768 32768 32768 32768 32768 32768 32768 32768
32768 32768 32768 32768 32768 32768 32768 32768 32768 32768 32768 32784 32768 32768 32768 32768 32768 32768 32768 32768 32768 32768 320 336 320 320 320 32768 32768 32768 32768 32768 32768 32768 32768 32768 32768 32768 32768 32768 32768 32768 32768 32768 32768 32768 32768 32768 32768 32768 32768 32768 32768 32768 32768 32768 32768 32768 192 192 192 192 192 192 192 192 192 192 192 192 192 208 208 208 192 192 192 192 192 192 192 192 192 192 192 192 192 4288 4288 4288 4288 4288 20696 20696 21144 4736 4736 192 192 4288 4288 4288 4288 4288 4288 4288 4288 4288 192 192 192 216 216 192 192 192 192 192 192 192 192 192 192 192 192 192 192 192 192 32768 32768 32768 32768 32768 32768 32768 32768 32768 32768 32768 32768 32768 32768 32768 32768 32768 32768 32768 32768 32768 32768 32768 32768 320 320 320 320 320 320 320 320 320 32768 32768 32768 32768 32768 32768 32768 32768 32768 32768 32768 32768 32768 32768 32768 32768 32768 32768 32768 32768 32768 32768 32768 32768 32768 32768 32768 32768 32768 32768 32768 32768 32768 32768 32768 32768 32768 32768
32768 32768 32768 32768 32768 32768 32768 32768 32768 32768 32768 32768 32784 32768 32768 32768 32768 32768 32768 32768 32768 32768 32784 32768 32768 32768 32768 32768 32768 32768 32768 32768 32768 32768 32768 32768 32768 32768 32768 32768 32768 32768 32768 32768 32768 32768 32768 32768 32768 32768 32768 32768 32768 32768 32768 32768 32768 32768 192 32768 192 32768 32768 192 192 192 192 192 192 192 192 208 208 208 192 192 192 192 192 192 192 192 192 192 192 192 192 4288 4288 4288 4288 4288 4288 20696 21144 4736 4736 640 192 192 4736 4288 4288 4288 4288 4288 192 4288 192 192 192 192 192 192 192 192 192 192 192 192 192 192 192 192 192 192 192 192 192 32768 32768 32768 32768 32768 32768 32768 32768 32768 32768 32768 32768 32768 32768 32768 32768 32768 32768 32768 32768 32768 32768 32768 32768 32768 320 320 32768 320 320 320 320 32768 32768 32768 32768 32768 32768 32768 32768 32768 32768 32768 32768 32768 32768 32768 32768 32768 32768 32768 32768 32768 32768 32768 32768 32768 32768 32768 32768 32768 32768 32768 32768 32768 32768 32768 32768 32768 32768 32768
32768 32768 32768 32768 32768 32768 32768 32768 32768 32768 32768 32768 32768 32784 32768 32768 32768 32768 32768 32768 32784 32784 32768 32768 32768 32768 32768 32768 32768 32768 32768 32768 32768 32768 32768 32768 32768 32768 32768 32768 32768 192 32768 32768 32768 32768 32768 32768 32768 32768 32768 32768 32768 32768 32768 32768 32768 32768 32768 32768 32768 32768 192 192 192 192 192 192 192 192 192 208 208 208 2176 192 192 192 192 192 192 192 192 192 192 192 192 192 4288 4288 4288 4288 4288 4288 4736 4736 640 640 640 640 640 4736 4736 4288 4288 4288 192 4288 192 192 192 192 192 192 192 4288 4288 4288 192 192 192 192 192 192 192 192 192 32768 32768 32768 32768 32768 32768 32768 32768 32768 32768 32768 32768 32768 32768 32768 32768 32768 32768 32768 32768 32768 32768 32768 32768 32768 32768 32768 32768 32768 32768 32768 320 32768 32768 32768 32768 32768 32768 32768 32768 32768 32768 32768 32768 32768 32768 32768 32768 32768 32768 32768 32768 32768 32768 32768 32768 32768 32768 32768 32768 32768 32768 32768 32768 32768 32768 32768 32768 32768 32768 32768 32768 32768
32768 32768 32768 32768 32768 32768 32768 32768 32768 32768 32768 32768 32768 32784 32768 32768 32768 32768 32768 32784 32768 32768 32768 32768 32768 32768 32768 32768 32768 32768 32768 32768 32768 32768 32768 32768 32768 32768 32768 32768 32768 192 192 192 32768 32768 32768 32768 192 192 32768 32768 32768 32768 32768 192 192 192 32768 32768 32768 192 192 192 192 192 192 192 192 192 192 208 2192 2192 2176 2176 192 192 192 192 192 192 192 192 192 192 192 192 640 4736 4288 4288 4288 4736 4736 4736 4736 640 640 640 4736 4736 4736 4736 4736 4288 4288 4288 192 192 192 192 192 192 4288 4288 4288 4288 192 192 192 192 192 192 192 192 192 192 32768 32768 32768 32768 32768 32768 32768 32768 32768 32768 32768 32768 32768 32768 32768 32768 32768 32768 32768 32768 32768 32768 32768 32768 32768 32768 32768 32768 32768 32768 32768 32768 32768 32768 32768 32768 32768 32768 32768 32768 32768 32768 32768 32768 32768 32768 32768 32768 32768 32768 32768 32768 32768 32768 32768 32768 32768 32768 32768 32768 32768 32768 32768 32768 32768 32768 32768 32768 32768 32768 32768 32768
32768 32768 32768 32768 32768 32768 32768 32768 32768 32768 32768 32768 32768 32768 32784 32768 32768 32768 32784 32768 32768 32768 32768 32768 32768 32768 32768 32768 32768 192 32768 32768 32768 32768 32768 32768 32768 192 192 192 192 32768 192 192 192 32768 32768 192 192 192 192 192 192 192 192 32768 192 192 32768 32768 32768 192 192 192 192 192 192 192 192 192 192 2192 2192 2192 2176 2176 2176 192 192 192 192 192 192 192 192 192 640 640 4736 4736 4736 4736 4288 4736 4736 4736 4736 4736 640 640 4736 4736 4736 4736 4736 4736 4288 4288 192 192 192 192 192 4288 4288 4288 4288 4288 192 192 192 192 192 192 192 192 32768 192 32768 32768 32768 32768 32768 32768 32768 32768 32768 32768 32768 32768 32768 32768 32768 32768 32768 32768 32768 32768 32768 32768 32768 32768 32768 32768 32768 32768 32768 32768 32768 32768 32768 32768 32768 32768 32768 32768 32768 32768 32768 32768 32768 32768 32768 32768 32768 32768 32768 32768 32768 32768 32768 32768 32768 32768 32768 32768 32768 32768 32768 32768 32768 32768 32768 32768 32768 32768 32768 32768 32768 32768
32768 32768 32768 32768 32768 32768 32768 32768 32768 32768 32768 32768 32768 32768 32768 32784 32768 32784 32768 32768 32768 32768 32768 32768 32768 32768 192 32768 192 192 192 192 32768 32768 32768 32768 192 640 192 192 32768 192 192 192 192 192 192 32768 32768 192 192 192 192 192 32768 192 192 192 192 192 192 32768 32768 192 192 192 192 192 192 192 208 208 208 2192 2176 2176 216 192 192 192 192 192 192 192 192 640 640 6784 6784 4736 4736 4736 640 640 4736 4736 4736 4736 4736 4736 4736 4736 4736 640 4736 4736 4288 4288 4288 640 192 192 4288 4288 4288 4288 4288 192 192 192 192 192 192 192 192 192 32768 32768 32768 32768 32768 32768 32768 32768 32768 32768 32768 32768 32768 32768 32768 32768 32768 32768 32768 32768 32768 32768 32768 32768 32768 32768 32768 32768 32768 32768 32768 32768 32768 32768 32768 32768 32768 32768 32768 32768 32768 32768 32768 32768 32768 32768 32768 32768 32768 32768 32768 32768 32768 32768 32768 32768 32768 32768 32768 32768 32768 32768 32768 32768 32768 32768 32768 32768 32768 32768 32768 32768 32768 32768
32768 32768 32768 32768 32768 32768 32768 32768 32768 32768 32768 32768 32768 32768 32768 32768 32784 32768 32768 32768 32768 32768 32768 32768 32768 32768 32768 640 640 192 640 640 640 640 32768 640 640 640 640 640 192 192 192 192 192 192 192 192 192 192 192 192 192 192 192 192 192 192 192 192 192 192 32768 192 192 192 192 192 192 192 208 208 208 208 208 216 216 216 192 192 192 192 192 192 192 192 6784 6784 6784 6784 4736 640 640 640 640 4736 4736 4736 4736 4736 4736 4736 4736 640 640 4736 4288 4288 4736 640 640 4288 4288 4288 4288 4288 192 192 192 192 192 192 192 192 192 32768 32768 32768 32768 32768 32768 32768 32768 32768 32768 32768 32768 32768 32768 32768 32768 32768 32768 32768 32768 32768 32768 32768 32768 32768 32768 32768 32768 32768 32768 32768 32768 32768 32768 32768 32768 32768 32768 32768 32768 32768 32768 32768 32768 32768 32768 32768 32768 32768 32768 32768 32768 32768 32768 32768 32768 32768 32768 32768 32768 32768 32768 32768 32768 32768 32768 32768 32768 32768 32768 32768 32768 32768 32768 32768
32768 32768 32768 32768 32768 32768 32768 32768 32768 32768 32768 32768 32768 32768 32768 32768 32768 32784 32768 32768 32768 32768 32768 32768 32768 32768 640 640 640 640 640 640 640 640 32768 640 640 640 640 640 640 192 192 192 192 192 192 192 192 192 212 212 212 212 192 192 192 192 192 192 32768 32768 192 192 192 192 192 192 192 192 208 208 208 192 192 216 216 216 192 192 640 192 192 640 640 4736 4736 6784 6784 6784 2688 640 640 640 640 640 4736 4736 4736 4736 4736 4736 640 640 640 640 4736 4736 4736 4736 640 4288 4288 4288 4288 192 192 192 192 192 192 192 192 192 192 192 192 192 192 192 192 216 32768 32768 32768 32768 32768 32768 32768 32768 32768 32768 32768 32768 32768 32768 32768 32768 32768 32768 32768 32768 32768 32768 32768 32768 32768 32768 32768 32768 32768 32768 32768 32768 32768 32768 32768 32768 32768 32768 32768 32768 32768 32768 32768 32768 32768 32768 32768 32768 32768 32768 32768 32768 32768 32768 32768 32768 32768 32768 32768 32768 32768 32768 32768 32768 32768 32768 32768 32768
32768 32768 32768 32768 32768 32768 32768 32768 32768 32768 32768 32768 32768 32768 32768 32768 32768 32768 32784 32768 32768 32768 32768 32768 32768 192 640 640 640 640 640 640 640 640 640 640 640 640 640 640 640 192 192 192 192 192 192 192 192 212 212 212 212 212 212 192 192 192 192 192 192 192 192 192 192 192 192 192 192 192 208 208 208 192 192 192 216 192 192 640 640 640 640 640 4736 6784 6784 6784 6784 2688 2688 640 640 640 640 640 4736 4736 4736 4736 4736 4736 640 640 640 640 4736 4736 4736 4736 4736 4288 4288 4288 216 216 192 192 192 192 192 192 192 1152 192 192 192 192 192 192 216 216 216 216 192 192 32768 32768 32768 32768 32768 32768 32768 32768 32768 32768 32768 32768 32768 32768 32768 32768 32768 32768 32768 32768 32768 32768 32768 32768 32768 32768 32768 32768 32768 32768 32768 32768 32768 32768 32768 32768 32768 32768 32768 32768 32768 32768 32768 32768 32768 32768 32768 32768 32768 32768 32768 32768 32768 32768 32768 32768 32768 32768 32768 32768 32768 32768 32768 32768
32768 32768 32768 32768 32768 32768 32768 32768 32768 32768 32768 32768 32768 32768 32768 32768 32768 32768 32768 32784 32768 32768 32768 32768 192 192 640 640 640 640 640 640 640 640 640 640 640 640 640 640 192 192 192 192 192 192 192 192 192 192 212 212 212 212 208 208 192 192 192 192 192 192 192 192 192 192 192 192 192 192 208 208 208 192 192 192 192 192 192 640 640 640 640 4736 6784 6784 6784 6784 2688 2688 2688 2688 640 640 640 4736 4736 4736 4736 4736 4736 4736 4736 640 640 640 640 4736 4736 4736 4288 4288 4288 20696 216 216 216 192 192 192 192 1152 1152 1152 1152 192 192 192 192 192 216 216 216 1152 192 192 192 192 192 32768 32768 32768 32768 32768 32768 32768 32768 32768 32768 32768 32768 32768 32768 32768 32768 32768 32768 32768 32768 32768 32768 32768 32768 32768 32768 32768 32768 32768 32768 32768 32768 32768 32768 32768 32768 32768 32768 32768 32768 32768 32768 32768 32768 32768 32768 32768 32768 32768 32768 32768 32768 32768 32768 32768 32768 32768 32768 32768 32768 32768
32768 32768 32768 32768 32768 32768 32768 32768 32768 32768 32768 32768 32768 32768 32768 32768 32768 32768 32768 32768 32784 32768 32768 32768 192 192 192 640 640 640 640 640 640 640 640 640 640 640 640 640 640 192 192 192 192 192 192 192 192 192 192 212 192 192 192 192 208 208 208 192 192 192 192 192 192 192 4288 192 192 208 208 209 208 208 192 192 192 192 640 640 640 640 4736 6784 6784 6784 6784 2688 2688 2688 2688 640 640 640 4736 4736 4736 4736 4736 4736 4736 4736 4736 4736 640 640 640 4736 4736 4288 4288 4736 4288 192 216 216 192 192 192 192 1152 1152 1152 1152 1152 192 192 192 192 192 1152 1176 1152 1152 1152 192 192 192 192 192 32768 192 32768 32768 32768 32768 32768 32768 32768 32768 32768 32768 32768 32768 32768 32768 32768 32768 32768 32768 32768 32768 32768 32768 32768 32768 32768 32768 32768 32768 32768 32768 32768 32768 32768 32768 32768 32768 32768 32768 32768 32768 32768 32768 32768 32768 32768 32768 32768 32768 32768 32768 32768 32768 32768 32768 32768 32768 32768 32768
32768 32768 32768 32768 32768 32768 32768 32768 32768 32768 32768 32768 32768 32768 32768 32768 32768 32768 32768 32768 208 32768 32768 2176 32768 192 2176 2176 2688 2688 2688 640 640 640 640 640 640 640 1664 1664 640 640 192 192 192 192 192 192 192 192 192 192 192 192 192 192 208 192 192 208 208 208 192 192 192 4288 192 192 193 208 209 209 209 208 192 192 192 4288 4736 4736 4736 640 4736 6784 6784 6784 2688 2688 2688 2688 2688 640 640 4736 4736 4736 4736 4736 640 640 4736 4736 4736 4736 4736 640 640 4736 4736 4736 4736 4736 640 192 216 208 192 192 192 1152 1152 1152 1152 1152 1152 1152 1152 1152 192 1152 1152 1168 1152 1152 1152 1152 192 192 192 192 192 192 192 192 192 32768 192 32768 32768 32768 32768 32768 32768 32768 32768 32768 32768 32768 32768 32768 32768 32768 32768 32768 32768 32768 32768 32768 32768 32768 32768 32768 32768 32768 32768 32768 32768 32768 32768 32768 32768 32768 32768 32768 32768 32768 32768 32768 32768 32768 32768 32768 32768 32768 32768 32768 32768 32768 32768 32768
32768 32768 32768 32768 32768 32768 32768 32768 32768 32768 32768 32768 32768 32768 32768 32768 32768 32768 32768 32768 2176 2192 32768 2176 2176 2176 2177 2176 2177 2176 2688 2688 640 640 640 640 640 1664 1664 1664 1664 1664 1664 1152 192 192 192 192 192 1152 1152 192 192 192 192 192 208 192 192 192 192 2176 208 208 208 4288 192 193 193 209 209 209 209 209 192 192 4288 4288 4288 4736 4736 4736 6784 6784 6784 2688 2688 2688 2688 2688 2688 640 4736 4736 4736 4736 4736 640 640 640 640 4736 4736 4736 4736 4736 4736 4736 4736 4736 4736 640 4736 640 192 208 192 192 1152 1152 1152 1152 1152 1152 1152 1152 1152 1152 1152 1152 1152 1168 1152 1152 1152 1152 192 192 192 192 192 216 192 192 192 192 192 192 192 192 192 192 1152 1152 32768 32768 32768 32768 32768 32768 32768 32768 32768 32768 32768 32768 32768 32768 32768 32768 32768 32768 32768 32768 32768 32768 32768 32768 32768 32768 32768 32768 32768 32768 32768 32768 32768 32768 32768 32768 32768 32768 32768 32768 32768 32768 32768 32768 32768 32768
32768 32768 32768 32768 32768 32768 32768 32768 32768 32768 32768 32768 32768 32768 32768 32768 32768 32768 32768 32768 32768 2176 2192 2176 2176 2177 2177 2177 2177 2176 2176 640 640 640 640 640 640 1664 1664 1664 1664 1664 1152 1152 1152 1152 192 192 1152 1152 1152 1152 192 192 192 192 208 192 192 192 2176 2176 2176 192 4288 2192 209 193 193 209 209 209 209 209 192 4288 4288 4288 4736 6784 6784 6784 6784 6784 6784 2688 2688 2688 2688 2688 2688 2688 6784 4736 4736 4736 640 640 640 642 640 642 4738 4736 4736 4736 4736 4736 4736 4736 640 640 640 4288 192 208 192 192 1152 1152 1152 1152 1152 1152 1152 1152 1152 1152 1152 1152 1152 1168 1152 1152 1152 1152 192 192 192 192 216 216 216 192 192 192 192 192 192 192 192 192 1152 1152 32768 32768 32768 32768 32768 32768 32768 32768 32768 32768 32768 32768 32768 32768 32768 32768 32768 32768 32768 32768 32768 32768 32768 32768 32768 32768 32768 32768 32768 32768 32768 32768 32768 32768 32768 32768 32768 32768 32768 32768 32768 32768 32768 32768 32768 32768
32768 32768 32768 32768 32768 32768 32768 32768 32768 32768 32768 32768 32768 32768 32768 32768 32768 32768 192 32768 32768 2176 2176 2193 2176 2177 2177 2177 2177 2177 2176 2176 640 640 640 192 640 640 1664 1664 1152 1152 1152 1152 1152 1152 1152 1152 192 1152 1152 1152 1152 192 192 208 192 192 192 2176 2176 2176 2176 6272 2176 2176 2177 193 193 193 209 209 209 193 193 4288 4288 4736 6784 6784 6784 6784 6784 6784 2688 2688 2688 2688 2688 2688 2688 2688 6784 4736 4736 4736 640 640 642 642 642 642 642 4738 4736 4736 4736 4736 4736 640 640 640 192 192 4288 208 192 192 1152 1152 1152 1152 1152 1152 1152 1152 1152 1152 1152 1152 1152 1168 1152 1152 1152 192 192 192 192 192 216 216 216 216 192 192 192 192 192 192 192 192 1152 1152 1152 1152 1152 32768 32768 32768 32768 32768 32768 32768 32768 32768 32768 32768 32768 32768 32768 32768 32768 32768 32768 32768 32768 32768 32768 32768 32768 32768 32768 32768 32768 32768 32768 32768 32768 32768 32768 32768 32768 32768 32768 32768 32768 32768 32768 32768
32768 32768 32768 32768 32768 32768 32768 32768 32768 32768 32768 32768 32768 32768 32768 32768 32768 192 192 192 32768 2176 2177 2177 2177 2177 2177 2177 2177 2177 2176 2176 2176 192 192 192 640 640 640 192 1152 1152 1152 1152 1152 1152 1152 1152 1152 1152 1152 1152 1152 1152 192 208 192 192 2176 2176 2176 2176 2176 6272 2176 2176 2177 193 193 193 209 209 209 193 193 4289 4288 4288 6784 6784 6784 6784 6784 2688 2688 2688 2688 2688 2688 2688 2688 6784 6784 4736 4736 4736 640 642 642 642 642 642 642 642 4736 4736 4736 4736 4736 640 640 192 192 192 192 20688 4288 4288 4288 5248 21656 21656 5248 5248 5248 5248 5248 5248 5248 5248 5248 5248 21648 5248 5248 4288 4288 4288 192 192 208 216 216 192 208 208 192 192 192 192 192 192 1152 1152 1152 1152 1152 1152 1152 1152 1152 32768 32768 32768 32768 32768 32768 32768 32768 32768 32768 32768 32768 32768 32768 32768 32768 32768 32768 32768 32768 32768 32768 32768 32768 32768 32768 32768 32768 32768 32768 32768 32768 32768 32768 32768 32768 32768 32768 32768
32768 32768 32768 32768 32768 32768 32768 32768 32768 32768 32768 32768 32768 32768 32768 32768 192 192 192 192 2176 2176 2177 2177 2177 2177 2177 2177 2177 2177 2177 2176 2176 2176 192 192 192 640 192 192 192 1152 1152 1152 1152 1152 1152 1152 1152 1152 1152 1152 1152 1152 1176 216 192 2176 2176 2176 2176 2176 6272 2176 2176 2176 193 193 193 193 193 193 193 193 193 192 192 2176 2176 6784 2688 2688 2688 2688 2688 2688 2688 2688 2688 2688 2688 4736 4736 4736 4736 640 640 640 642 642 642 642 642 21138 21136 21136 4736 4736 4736 4736 640 640 640 192 192 208 192 192 192 216 1176 1176 1152 1152 1152 1152 1152 1152 1152 1152 1152 1152 1168 1152 1152 1152 192 192 192 208 192 192 192 192 192 192 208 192 192 192 192 192 1152 1152 1152 1152 1152 1152 1152 1152 1152 32768 32768 32768 32768 32768 32768 32768 32768 32768 32768 32768 32768 32768 32768 32768 32768 32768 32768 32768 32768 32768 32768 32768 32768 32768 32768 32768 32768 32768 32768 32768 32768 32768 32768 32768 32768 32768 32768 32768
32768 32768 32768 32768 32768 32768 32768 32768 32768 32768 32768 32768 32768 32768 32768 192 192 192 192 2176 2176 2176 2176 2177 2177 2177 2177 2177 2177 2177 2177 2177 2176 192 192 192 192 192 192 192 192 1152 1152 1152 1152 1152 1152 1152 1152 1152 1152 1152 1152 1176 1176 216 2200 2176 2176 2176 6272 6272 2176 2176 2176 192 192 193 193 193 193 193 193 193 192 192 192 2176 2176 6784 2688 2688 2688 2688 2688 2688 2688 2688 2688 2688 6784 6784 4736 4736 640 640 640 640 642 642 642 642 4738 4736 4736 4736 21136 21136 21136 21136 21136 640 640 640 192 208 192 192 216 216 1176 1176 1152 1152 1152 1152 1152 1152 1152 1152 1152 1152 1168 1152 1152 1152 192 192 192 208 192 192 192 192 192 192 192 208 208 192 192 192 1152 1152 1152 1152 1152 1152 1152 1152 1152 1152 32768 32768 32768 32768 32768 32768 32768 32768 32768 32768 32768 32768 32768 32768 32768 32768 32768 32768 32768 32768 32768 32768 32768 32768 32768 32768 32768 32768 32768 32768 32768 32768 32768 32768 32768 32768 32768 32768
32768 32768 32768 32768 32768 32768 32768 32768 32768 32768 32768 32768 32768 32768 32768 192 192 192 192 192 2176 2176 2176 2176 2177 2177 2177 2177 2177 193 2177 192 192 192 192 192 192 192 192 192 192 192 1152 1152 1152 1152 1152 1152 1152 1152 1152 1152 1152 1152 1176 1176 1152 3200 2176 6272 6272 2176 2176 2176 192 192 192 192 192 192 192 193 209 192 192 192 192 32768 6272 2688 2688 2688 2688 2688 2688 2688 2688 2688 2688 2688 6784 4736 4736 4736 640 640 640 640 640 642 642 4738 4736 4736 4736 4736 640 4736 4736 4736 4736 21136 656 656 208 208 208 192 192 216 216 32768 1152 1152 1152 1152 1152 1152 1152 1152 1152 1152 1168 1152 1152 192 192 192 208 192 192 192 192 192 192 192 192 192 192 208 192 192 1152 1152 1152 1152 1152 1152 1152 1152 1152 1152 32768 32768 32768 32768 32768 32768 32768 32768 32768 32768 32768 32768 32768 32768 32768 32768 32768 32768 32768 32768 32768 32768 32768 32768 32768 32768 32768 32768 32768 32768 32768 32768 32768 32768 32768 32768 32768 32768
32768 32768 32768 32768 32768 32768 32768 32768 32768 32768 32768 32768 32768 32768 32768 32768 192 192 192 192 192 192 192 2176 2176 2177 2177 193 193 192 192 192 192 192 192 192 192 192 192 192 192 192 192 1152 1152 1152 1152 1152 1152 1152 1152 1152 1152 1152 1152 1152 1152 1152 5248 192 192 2176 2176 2176 2176 192 192 192 192 192 192 192 208 192 192 4288 4288 4288 32768 2688 2688 2688 2688 2688 2688 2688 2688 2688 2688 6784 6784 4736 4736 640 640 640 640 640 640 640 642 4736 4736 4736 4736 640 640 640 4736 4736 4736 21136 4736 192 192 192 192 208 208 208 32784 32784 32768 192 192 1152 1152 1152 1152 1152 1152 1152 1168 1152 1152 1152 192 208 192 192 192 192 192 192 192 192 192 192 192 192 208 208 1152 1152 1152 1152 1152 1152 1152 1152 1152 1152 32768 32768 32768 32768 32768 32768 32768 32768 32768 32768 32768 32768 32768 32768 32768 32768 32768 32768 32768 32768 32768 32768 32768 32768 32768 32768 32768 32768 32768 32768 32768 32768 32768 32768 32768 32768 32768 32768
32768 32768 32768 32768 32768 32768 32768 32768 32768 32768 32768 32768 32768 32768 32768 192 32768 192 192 192 192 192 192 192 192 192 193 193 192 192 192 192 192 192 192 192 192 192 192 192 192 192 192 1152 1152 1152 1152 1152 1152 1152 1152 1152 1152 1152 1152 1152 1152 5248 1152 192 192 192 2176 2176 2176 2176 2176 192 192 192 192 192 208 4288 4288 4288 4288 4288 32768 32768 2688 2688 2688 2688 2688 2688 640 640 2688 6784 6784 4736 4736 640 640 640 640 640 640 640 4736 4736 4736 4736 640 640 640 640 640 4736 4736 21136 4736 4288 192 192 192 192 32768 32768 32768 32768 32784 32784 208 1168 1168 1152 1152 1152 1152 1152 1172 1172 1152 212 212 192 192 192 192 192 192 192 192 192 192 192 192 192 192 192 1168 1152 1152 1152 1152 1152 1152 1152 1152 1152 32768 32768 32768 32768 32768 32768 32768 32768 32768 32768 32768 32768 32768 32768 32768 32768 32768 32768 32768 32768 32768 32768 32768 32768 32768 32768 32768 32768 32768 32768 32768 32768 32768 32768 32768 32768 32768 32768
32768 32768 32768 32768 32768 32768 32768 32768 32768 32768 32768 32768 32768 32768 32768 32768 32768 192 192 192 192 192 192 192 192 192 192 192 192 192 192 192 192 192 192 192 192 192 192 192 192 192 192 192 192 1152 1152 1152 1152 1152 1152 1152 1152 1152 1152 1152 5248 1152 1152 192 192 192 2176 2176 2176 2176 192 192 192 192 192 192 4288 20688 4288 4288 32768 32768 32768 640 640 640 2688 2688 640 640 640 640 640 6784 4736 4736 640 640 640 640 640 640 640 4736 4736 4736 4736 4736 640 640 640 640 640 640 21136 32768 4288 4288 192 192 192 192 32768 32768 32768 32768 32768 32768 32768 32768 32768 32784 1168 1168 1168 1172 1172 212 212 212 212 212 192 192 192 192 192 192 192 192 192 192 192 192 192 192 1152 1168 1168 1176 1176 1152 1152 1152 1152 1152 32768 32768 32768 32768 32768 32768 32768 32768 32768 32768 32768 32768 32768 32768 32768 32768 32768 32768 32768 32768 32768 32768 32768 32768 32768 32768 32768 32768 32768 32768 32768 32768 32768 32768 32768 32768 32768 32768
32768 32768 32768 32768 32768 32768 32768 32768 32768 32768 32768 32768 32768 32768 32768 32768 192 192 192 192 192 192 192 192 192 192 192 192 192 192 192 192 192 192 192 192 192 192 192 192 192 192 192 192 192 192 1152 1152 1152 1152 1152 1152 1152 1152 1152 5248 1152 1152 1152 1152 192 192 192 2176 2176 192 192 192 192 192 192 4288 4288 20688 4288 4288 4288 32768 192 32768 640 640 640 640 640 640 640 640 640 640 640 640 640 640 640 640 640 640 4736 4736 4736 4736 4736 640 640 640 640 640 640 640 656 4736 32768 4288 192 32768 192 192 32768 32768 32768 32768 32768 32768 32768 32768 32768 32768 32768 32768 32768 1152 212 212 212 212 212 192 192 192 192 192 192 192 192 192 192 192 192 192 192 192 1152 1152 1176 1176 1176 1176 1152 1152 1152 1152 32768 32768 32768 32768 32768 32768 32768 32768 32768 32768 32768 32768 32768 32768 32768 32768 32768 32768 32768 32768 32768 32768 32768 32768 32768 32768 32768 32768 32768 32768 32768 32768 32768 32768 32768 32768 32768 32768
32768 32768 32768 32768 32768 32768 32768 32768 32768 32768 32768 32768 32768 32768 32768 192 192 192 192 192 192 192 192 192 192 192 192 192 192 192 192 192 192 192 192 192 192 192 192 192 192 192 192 192 192 192 192 1152 1152 1152 1152 1152 1152 1152 5248 1152 1152 1152 1152 1152 1152 192 192 192 192 192 192 192 192 192 4288 20692 20692 20692 20692 32768 192 32768 192 32768 640 640 640 640 640 640 640 640 640 640 640 640 640 640 640 640 640 4736 4736 4736 4736 4736 640 640 640 640 640 640 640 640 656 32768 32768 32768 32768 192 32768 32768 32768 32768 32768 32768 32768 32768 32768 32768 32768 32768 32768 32768 32768 32768 32768 32768 32768 212 32768 192 192 192 192 192 192 192 192 192 192 192 192 192 192 192 1152 1152 1152 1176 1176 1152 1152 1152 1152 1152 32768 32768 32768 32768 32768 32768 32768 32768 32768 32768 32768 32768 32768 32768 32768 32768 32768 32768 32768 32768 32768 32768 32768 32768 32768 32768 32768 32768 32768 32768 32768 32768 32768 32768 32768 32768 32768 32768
32768 32768 32768 32768 32768 32768 32768 32768 32768 32768 32768 32768 32768 32768 32768 192 192 192 192 192 192 192 192 192 192 192 192 192 192 192 192 192 192 192 192 192 192 192 192 192 192 192 192 192 192 192 192 1152 1152 1152 1152 1152 1152 5248 1152 1152 1152 1152 1152 1152 1152 192 192 192 192 192 192 192 192 4288 20692 20692 20692 20692 4288 192 32768 32768 192 192 32768 640 640 640 32768 640 640 640 640 640 640 640 640 640 640 640 32768 4736 4736 4736 4736 4736 4736 640 640 640 32768 32768 640 32768 32784 32768 32768 32768 32768 32768 32768 32768 32768 32768 32768 32768 32768 32768 32768 32768 32768 32768 32768 32768 32768 32768 32768 32768 32768 32768 32768 32768 32768 32768 192 192 192 192 192 192 192 192 192 192 192 192 1152 1152 1152 1152 1152 1152 1152 1152 1152 1152 32768 32768 32768 32768 32768 32768 32768 32768 32768 32768 32768 32768 32768 32768 32768 32768 32768 32768 32768 32768 32768 32768 32768 32768 32768 32768 32768 32768 32768 32768 32768 32768 32768 32768 32768 32768 32768 32768
32768 32768 32768 32768 32768 32768 32768 32768 32768 32768 32768 32768 32768 32768 192 192 192 192 192 192 192 192 192 192 192 192 192 192 192 192 192 192 192 192 192 192 192 192 192 192 192 192 192 192 192 192 192 192 1152 1152 1152 1152 5248 1152 1152 1152 1152 1152 1152 1152 1152 1152 192 192 192 192 192 192 4288 4288 4288 20692 20692 20692 208 192 192 192 192 192 32768 32768 32768 640 640 32768 640 640 640 640 640 640 32768 32768 32768 32768 32768 32768 4736 4736 4736 4736 4736 640 640 640 640 32768 32768 32768 32784 32768 32768 32768 32768 32768 32768 32768 32768 32768 32768 32768 32768 32768 32768 32768 32768 32768 32768 32768 32768 32768 32768 32768 32768 32768 32768 32768 32768 32768 192 192 192 192 192 192 192 192 192 192 192 1152 1152 1152 1152 1152 1152 1152 1152 1152 1152 1152 32768 32768 32768 32768 32768 32768 32768 32768 32768 32768 32768 32768 32768 32768 32768 32768 32768 32768 32768 32768 32768 32768 32768 32768 32768 32768 32768 32768 32768 32768 32768 32768 32768 32768 32768 32768 32768 32768
32768 32768 32768 32768 32768 32768 32768 32768 32768 32768 32768 32768 32768 32768 192 32768 192 192 192 192 192 192 192 192 192 192 192 192 192 192 192 192 192 192 192 192 192 192 192 192 192 192 192 192 192 192 192 192 192 5248 1152 5248 1152 1152 1152 1152 1152 1152 1152 1152 1152 1152 192 192 192 192 4288 4288 4288 4288 4288 4288 212 192 192 208 208 192 192 192 216 32768 32768 32768 32768 32768 640 640 640 640 32768 32768 32768 32768 32768 32768 32768 4736 4736 4736 32768 4736 32768 32768 640 640 640 32768 32768 32768 32784 32768 32768 32768 32768 32768 32768 32768 32768 32768 32768 32768 32768 32768 32768 32768 32768 32768 32768 32768 32768 32768 32768 32768 32768 32768 32768 32768 32768 32768 32768 32768 192 192 192 192 192 192 192 192 192 1152 1152 1152 1152 1152 1152 1152 1152 1152 1152 1152 32768 32768 32768 32768 32768 32768 32768 32768 32768 32768 32768 32768 32768 32768 32768 32768 32768 32768 32768 32768 32768 32768 32768 32768 32768 32768 32768 32768 32768 32768 32768 32768 32768 32768 32768 32768 32768 32768
32768 32768 32768 32768 32768 32768 32768 32768 32768 32768 32768 32768 32768 32768 32768 32768 192 192 192 192 192 192 192 192 192 192 192 1152 192 192 192 192 192 192 192 192 192 192 192 192 192 192 192 192 192 192 192 192 4288 5248 5248 1152 1152 1152 1152 1152 1152 1152 1152 1152 1152 1152 192 192 192 4288 4288 4288 4288 4288 4288 192 192 192 192 192 192 208 216 216 216 216 32768 32768 32768 32768 32768 32768 32768 32768 32768 32768 32768 32768 32768 32768 32768 32768 4736 4736 32768 32768 32768 32768 32768 32768 32768 32768 32768 32784 32768 32768 32768 32768 32768 32768 32768 32768 320 320 320 32768 32768 32768 32768 32768 32768 32768 32768 32768 32768 32768 32768 32768 32768 32768 32768 32768 32768 32768 32768 32768 192 192 192 192 192 192 192 192 1152 1152 1152 1152 1152 1152 1152 1152 1152 1152 1152 1152 32768 32768 32768 32768 32768 32768 32768 32768 32768 32768 32768 32768 32768 32768 32768 32768 32768 32768 32768 32768 32768 32768 32768 32768 32768 32768 32768 32768 32768 32768 32768 32768 32768 32768 32768 32768 32768 32768
32768 32768 32768 32768 32768 32768 32768 32768 32768 32768 32768 32768 32768 32768 32768 32768 192 192 192 192 192 192 192 192 192 192 1152 1152 1152 192 192 192 192 192 192 192 192 192 192 192 192 192 192 192 192 4288 4288 4288 192 4288 1152 1152 1152 1152 1152 1152 1152 1152 1152 1152 1152 1152 1152 192 4288 4288 4288 4288 4288 4288 192 192 192 192 192 192 192 192 192 216 32784 216 32768 32768 32768 32768 32768 32768 32768 32768 32768 32768 32768 32768 32768 32768 32768 32768 32768 32768 32768 32768 32768 32768 32768 32768 32768 32768 32768 32784 32768 320 320 32768 32768 32768 32768 32768 320 320 320 320 32768 32768 32768 32768 32768 32768 32768 32768 32768 32768 32768 32768 32768 32768 32768 32768 32768 32768 32768 32768 32768 32768 32768 32768 32768 192 192 192 1152 1152 1152 1152 32768 1152 1152 1152 1152 1152 32768 32768 32768 32768 32768 32768 32768 32768 32768 32768 32768 32768 32768 32768 32768 32768 32768 32768 32768 32768 32768 32768 32768 32768 32768 32768 32768 32768 32768 32768 32768 32768 32768 32768 32768 32768 32768 32768 32768 32768
32768 32768 32768 32768 32768 32768 32768 32768 32768 32768 32768 32768 32768 32768 32768 32768 192 192 192 1152 1152 1152 192 192 1152 1152 1152 1152 1152 192 192 192 192 192 192 192 192 192 192 192 192 192 192 192 4288 4288 4288 4288 192 192 1152 1152 1152 1152 1152 1152 1152 1152 1152 1152 1152 1152 192 4288 4288 4288 4288 4288 4288 192 192 192 192 192 192 192 192 192 192 192 32768 32768 32768 32768 32768 32768 32768 32768 32768 32768 32768 32768 32768 32768 32768 32768 32768 32768 32768 32768 32768 32768 32768 32768 32768 32768 32768 32768 32768 32784 320 320 320 32768 32768 32768 32768 320 320 320 320 320 32768 32768 32768 32768 32768 32768 32768 32768 32768 32768 32768 32768 32768 32768 32768 32768 32768 32768 32768 32768 32768 32768 32768 32768 32768 32768 32768 32768 32768 32768 32768 32768 32768 32768 32768 32768 32768 32768 32768 32768 32768 32768 32768 32768 32768 32768 32768 32768 32768 32768 32768 32768 32768 32768 32768 32768 32768 32768 32768 32768 32768 32768 32768 32768 32768 32768 32768 32768 32768 32768 32768 32768 32768 32768 32768 32768 32768 32768
32768 32768 32768 32768 32768 32768 32768 32768 32768 32768 32768 32768 32768 32768 32768 32768 32768 192 1152 1152 1152 1152 1152 1152 1152 1152 1152 1152 1152 192 192 192 192 192 192 192 192 192 192 192 192 192 192 4288 4288 4288 4288 4288 192 192 192 1152 1152 192 1152 1152 1152 192 1152 192 192 192 4288 4288 4288 4288 4288 192 192 192 192 192 192 192 192 192 192 192 192 192 32768 192 32768 32768 32768 32768 32768 32768 32768 32768 32768 32768 32768 32768 32768 32768 32768 32768 32768 32768 32768 32768 32768 32768 32768 32768 32768 32768 32768 344 344 320 320 32768 32768 32768 32768 32768 320 320 320 32768 32768 32768 32768 32768 32768 32768 32768 32768 32768 32768 32768 32768 32768 32768 32768 32768 32768 32768 32768 32768 32768 32768 32768 32768 32768 32768 32768 32768 32768 32768 32768 32768 32768 32768 32768 32768 32768 32768 32768 32768 32768 32768 32768 32768 32768 32768 32768 32768 32768 32768 32768 32768 32768 32768 32768 32768 32768 32768 32768 32768 32768 32768 32768 32768 32768 32768 32768 32768 32768 32768 32768 32768 32768 32768 32768 32768 32768 32768
32768 32768 32768 32768 32768 32768 32768 32768 32768 32768 32768 32768 32768 192 192 32768 192 1152 1152 1152 1152 1152 1152 1152 1152 1152 1152 1152 1152 1152 192 192 192 192 192 192 192 192 192 192 192 192 4288 4288 4288 4288 4288 192 192 192 192 1152 192 192 192 1152 192 192 192 192 192 4288 4288 4288 4288 4288 192 192 192 192 192 192 192 192 192 192 192 192 192 192 192 192 32768 32768 32768 32768 32768 32768 32768 32768 32768 32768 32768 32768 32768 32768 32768 32768 32768 32768 32768 32768 32768 32768 320 320 320 320 344 344 344 344 320 32768 32768 32768 32768 32768 32768 320 32768 32768 32768 32768 32768 32768 32768 32768 32768 32768 32768 32768 32768 32768 32768 32768 32768 32768 32768 32768 32768 32768 32768 32768 32768 32768 32768 32768 32768 32768 32768 32768 32768 32768 32768 32768 32768 32768 32768 32768 32768 32768 32768 32768 32768 32768 32768 32768 32768 32768 32768 32768 32768 32768 32768 32768 32768 32768 32768 32768 32768 32768 32768 32768 32768 32768 32768 32768 32768 32768 32768 32768 32768 32768 32768 32768 32768 32768 32768 32768
32768 32768 32768 32768 32768 32768 32768 32768 32768 32768 32768 32768 32768 32768 192 192 32768 1152 1152 1152 1152 1152 1152 1152 1152 1152 1152 1152 1152 1152 1152 192 192 192 192 192 192 192 192 192 192 4288 4288 4288 4288 4288 192 192 192 192 192 194 192 194 192 192 192 192 192 192 4288 4288 4288 4288 4288 192 192 192 192 192 192 192 192 192 192 192 192 192 192 192 192 192 32768 32768 32768 32768 32768 32768 32768 32768 32768 32768 32768 32768 32768 32768 32768 32768 32768 32768 32768 32768 32768 32768 32768 320 320 320 320 344 344 344 320 320 32768 32768 32768 32768 32768 32768 32768 32768 32768 32768 32768 32768 32768 32768 32768 32768 32768 32768 32768 32768 32768 32768 32768 32768 32768 32768 32768 32768 32768 32768 32768 32768 32768 32768 32768 32768 32768 32768 32768 32768 32768 32768 32768 32768 32768 32768 32768 32768 32768 32768 32768 32768 32768 32768 32768 32768 32768 32768 32768 32768 32768 32768 32768 32768 32768 32768 32768 32768 32768 32768 32768 32768 32768 32768 32768 32768 32768 32768 32768 32768 32768 32768 32768 32768 32768 32768
32768 32768 32768 32768 32768 32768 32768 32768 32768 32768 32768 32768 32768 192 192 192 1152 1152 1152 1152 1152 1152 1152 1152 1152 1152 1152 1152 1152 1152 1152 1152 1152 192 192 192 192 192 192 192 4288 4288 4288 4288 4288 192 192 192 192 192 194 194 194 194 194 194 192 192 192 4288 4288 4288 4288 4288 192 192 192 192 192 192 192 192 192 192 192 192 192 192 192 192 192 32768 32768 32768 32768 32768 32768 32768 32768 32768 32768 32768 32768 32768 32768 32768 32768 32768 32768 32768 32768 32768 32768 32768 32768 320 320 320 320 320 320 320 320 320 320 32768 32768 32768 32768 32768 32768 32768 32768 32768 32768 32768 32768 32768 32768 32768 32768 32768 32768 32768 32768 32768 32768 32768 32768 32768 32768 32768 32768 32768 32768 32768 32768 32768 32768 32768 32768 32768 32768 32768 32768 32768 32768 32768 32768 32768 32768 32768 32768 32768 32768 32768 32768 32768 32768 32768 32768 32768 32768 32768 32768 32768 32768 32768 32768 32768 32768 32768 32768 32768 32768 32768 32768 32768 32768 32768 32768 32768 32768 32768 32768 32768 32768 32768 32768 32768
32768 32768 32768 32768 32768 32768 32768 32768 32768 32768 32768 32768 32768 32768 192 1152 1152 1152 1152 1152 1152 1152 1152 1152 1152 1152 1152 1152 1152 1152 1152 1152 1152 1152 192 192 192 192 192 4288 4288 4288 4288 4288 192 192 192 192 192 194 194 194 194 194 194 194 194 192 4288 4288 4288 4288 4288 192 192 192 192 192 192 192 192 192 192 192 192 192 192 192 192 32768 32768 32768 32768 32768 32768 32768 32768 32768 32768 32768 32768 32768 32768 32768 32768 32768 32768 32768 32768 32768 32768 32768 32768 32768 32768 320 320 320 320 320 320 320 320 320 320 320 32768 32768 32768 32768 32768 32768 32768 32768 32768 32768 32768 32768 32768 32768 32768 32768 32768 32768 32768 32768 32768 32768 32768 32768 320 320 320 32768 32768 32768 32768 32768 32768 32768 32768 32768 320 32768 32768 32768 32768 32768 32768 32768 32768 32768 32768 32768 32768 32768 32768 32768 32768 32768 32768 32768 32768 32768 32768 32768 32768 32768 32768 32768 32768 32768 32768 32768 32768 32768 32768 32768 32768 32768 32768 32768 32768 32768 32768 32768 32768 32768 32768 32768
32768 32768 32768 32768 32768 32768 32768 32768 32768 32768 32768 32768 32768 32768 192 1152 1152 1152 1152 1664 1152 1664 1152 1152 1152 1152 1152 1152 1152 1152 1152 1152 1152 1152 1152 192 192 192 4288 4288 4288 4288 4288 192 192 192 192 192 192 192 194 194 194 194 194 194 194 4288 4288 4288 4288 4288 192 192 192 192 216 192 192 192 192 192 192 192 192 192 192 192 192 32768 32768 32768 32768 32768 32768 32768 32768 32768 32768 32768 32768 32768 32768 32768 32768 32768 32768 32768 32768 32768 32768 32768 32768 32768 32768 32768 320 320 320 320 320 320 320 320 320 320 320 32768 32768 32768 32768 32768 32768 32768 32768 32768 32768 32768 32768 32768 32768 32768 32768 32768 32768 32768 32768 32768 32768 320 320 320 320 320 32768 32768 32768 32768 32768 32768 32768 320 320 320 320 32768 32768 32768 32768 32768 32768 32768 32768 32768 32768 32768 32768 32768 32768 32768 32768 32768 32768 32768 32768 32768 32768 32768 32768 32768 32768 32768 32768 32768 32768 32768 32768 32768 32768 32768 32768 32768 32768 32768 32768 32768 32768 32768 32768 32768
32768 32768 32768 32768 32768 32768 32768 32768 32768 32768 32768 32768 32768 32768 1152 1152 1172 1172 1664 1664 1664 1664 1664 1152 1152 1152 1152 1152 1152 1152 1152 1152 1152 1152 1152 192 192 4288 4288 4288 4288 4288 192 192 192 192 192 192 192 192 194 194 194 194 210 192 192 4288 4288 4288 4288 192 192 192 192 192 216 216 192 192 192 192 192 192 192 192 192 192 32768 4288 4288 32768 32768 32768 32768 32768 32768 32768 32768 32768 32768 32768 32768 32768 32768 32768 32768 32768 32768 32768 32768 32768 32768 32768 32768 320 320 320 320 320 320 320 320 320 320 320 320 320 320 32768 32768 32768 32768 32768 32768 32768 32768 32768 32768 32768 32768 32768 32768 32768 32768 32768 32768 32768 32768 32768 320 320 320 32768 32768 32768 32768 32768 32768 32768 320 320 320 320 320 320 32768 32768 32768 32768 32768 32768 32768 32768 32768 32768 32768 32768 32768 32768 32768 32768 32768 32768 32768 32768 32768 32768 32768 32768 32768 32768 32768 32768 32768 32768 32768 32768 32768 32768 32768 32768 32768 32768 32768 32768 32768 32768 32768 32768
32768 32768 32768 32768 32768 32768 32768 32768 32768 32768 32768 32768 32768 32768 1152 1172 1172 1684 1684 1684 1664 1664 1664 1152 1664 1152 1152 1152 1152 1152 1152 1152 1152 1152 1152 192 4288 4288 4288 4288 4288 192 192 192 192 192 192 192 192 192 192 194 192 192 192 208 192 4288 4288 4288 192 192 192 192 192 216 216 216 192 192 192 192 192 192 192 192 192 192 192 4288 192 32768 32768 32768 32768 32768 32768 32768 32768 32768 32768 32768 32768 32768 32768 32768 32768 32768 32768 32768 32768 32768 32768 32768 32768 32768 320 320 320 320 320 320 320 320 320 320 320 320 320 32768 32768 32768 32768 32768 32768 32768 32768 32768 32768 32768 32768 32768 32768 32768 32768 32768 32768 32768 32768 32768 320 320 320 32768 32768 32768 32768 32768 32768 32768 32768 320 320 320 320 32768 32768 32768 32768 32768 32768 32768 32768 32768 32768 32768 32768 32768 32768 32768 32768 32768 32768 32768 32768 32768 32768 32768 32768 32768 32768 32768 32768 32768 32768 32768 32768 32768 32768 32768 32768 32768 32768 32768 32768 32768 32768 32768 32768 32768
32768 32768 32768 32768 32768 32768 32768 32768 32768 32768 32768 32768 32768 32768 32768 1152 1684 1684 1684 1684 1684 1680 1664 1664 1664 1664 1152 1152 1152 1152 1152 1152 3200 3200 1152 2176 4288 4288 6272 6272 192 192 192 192 192 192 192 192 192 192 192 192 192 192 192 208 192 4288 4288 4288 192 192 192 208 208 192 216 192 192 192 192 192 192 192 192 192 192 192 192 4288 192 32768 32768 32768 32768 32768 32768 32768 32768 32768 32768 32768 32768 32768 32768 32768 32768 32768 32768 32768 32768 32768 32768 32768 32768 32768 320 320 320 320 320 320 320 320 320 320 32768 320 32768 32768 32768 32768 32768 32768 32768 32768 32768 32768 32768 32768 32768 32768 32768 32768 32768 32768 32768 32768 32768 32768 32768 320 32768 32768 32768 32768 32768 32768 32768 32768 32768 32768 32768 32768 32768 32768 32768 32768 32768 32768 32768 32768 32768 32768 32768 32768 32768 32768 32768 32768 32768 32768 32768 32768 32768 32768 32768 32768 32768 32768 32768 32768 32768 32768 32768 32768 32768 32768 32768 32768 32768 32768 32768 32768 32768 32768 32768 32768 32768 32768
32768 32768 32768 32768 32768 32768 32768 32768 32768 32768 32768 32768 32768 32768 32768 1152 1664 1684 1684 1684 1664 1664 1680 1680 1680 1664 1152 1152 1152 1152 1152 3200 3200 3200 3200 3200 6272 6272 6272 2176 2176 192 192 192 192 192 192 192 192 192 192 192 192 192 4288 192 208 4288 192 212 192 208 208 192 192 192 192 208 192 192 192 192 192 192 192 192 192 192 4288 4288 32768 32768 32768 32768 32768 32768 32768 32768 32768 32768 32768 32768 32768 32768 32768 32768 32768 32768 32768 32768 32768 32768 32768 32768 32768 32768 32768 320 32768 32768 320 32768 320 32768 320 32768 32768 32768 32768 32768 32768 32768 32768 32768 32768 32768 32768 32768 32768 32768 32768 32768 32768 32768 32768 32768 32768 32768 32768 32768 32768 32768 32768 32768 32768 32768 32768 32768 32768 32768 32768 32768 32768 32768 32768 32768 32768 32768 32768 32768 32768 32768 32768 32768 32768 32768 32768 32768 32768 32768 32768 32768 32768 32768 32768 32768 32768 32768 32768 32768 32768 32768 32768 32768 32768 32768 32768 32768 32768 32768 32768 32768 32768 32768 32768 32768 32768 32768 32768 32768
32768 32768 32768 32768 32768 32768 32768 32768 32768 32768 32768 32768 32768 1152 1152 1152 1152 1680 1664 1664 1664 1664 1664 1664 1664 1680 1680 1168 1152 1152 3200 3200 3220 3200 3200 6272 2176 2176 2176 2176 2176 192 192 192 192 192 192 192 192 192 192 192 192 4288 4288 192 20688 212 212 212 212 192 192 192 192 192 192 192 208 192 192 192 192 192 192 192 192 192 4288 4288 32768 32768 32768 32768 32768 32768 32768 32768 32768 32768 32768 32768 32768 32768 32768 32768 32768 32768 32768 32768 32768 32768 32768 32768 32768 32768 32768 32768 32768 32768 32768 32768 32768 32768 32768 32768 32768 32768 32768 32768 32768 32768 32768 32768 32768 32768 32768 32768 32768 32768 32768 32768 32768 32768 32768 32768 32768 32768 32768 32768 32768 32768 32768 32768 32768 32768 32768 32768 32768 32768 32768 32768 32768 32768 32768 32768 32768 32768 32768 32768 32768 32768 32768 32768 32768 32768 32768 32768 32768 32768 32768 32768 32768 32768 32768 32768 32768 32768 32768 32768 32768 32768 32768 32768 32768 32768 32768 32768 32768 32768 32768 32768 32768 32768 32768 32768 32768 32768 32768 32768
32768 32768 32768 32768 32768 32768 32768 32768 32768 32768 32768 32768 32768 1152 1152 1152 1168 1664 1664 1664 1664 1664 1664 1664 1664 1664 1664 1152 1168 3216 3216 3220 3220 3220 6272 2176 2176 2176 2176 2176 192 192 192 192 192 192 192 192 192 192 192 192 4288 192 4288 4288 212 212 212 212 212 192 192 192 192 192 192 192 208 192 192 192 192 192 192 192 192 192 4288 4288 4288 32768 32768 32768 32768 32768 32768 32768 32768 32768 32768 32768 32768 32768 32768 32768 32768 32768 32768 32768 32768 32768 32768 32768 32768 32768 32768 32768 32768 32768 32768 32768 32768 32768 32768 32768 32768 32768 32768 32768 32768 32768 32768 32768 32768 32768 32768 32768 32768 32768 32768 32768 32768 32768 32768 32768 32768 32768 32768 32768 32768 32768 32768 32768 32768 32768 32768 32768 32768 32768 32768 32768 32768 32768 32768 32768 32768 32768 32768 32768 32768 32768 32768 32768 32768 32768 32768 32768 32768 32768 32768 32768 32768 32768 32768 32768 32768 32768 32768 32768 32768 32768 32768 32768 32768 32768 32768 32768 32768 32768 32768 32768 32768 32768 32768 32768 32768 32768 32768 32768
32768 32768 32768 32768 32768 32768 32768 32768 32768 32768 32768 32768 32768 32768 32768 32768 1680 1664 1664 1664 1664 1664 1664 1664 1664 1664 1152 1152 3200 3200 3220 3220 3220 23700 2196 2176 2176 2176 2176 2176 2176 192 192 192 192 192 192 192 192 192 192 4288 192 192 4288 192 212 212 212 192 192 192 192 192 192 192 192 192 192 208 192 192 192 192 192 192 192 192 4288 4288 4288 32768 32768 32768 32768 32768 32768 32768 32768 32768 32768 32768 32768 32768 32768 32768 32768 32768 32768 32768 32768 32768 32768 32768 32768 32768 32768 32768 32768 32768 32768 32768 32768 32768 32768 32768 32768 32768 32768 32768 32768 32768 32768 32768 32768 32768 32768 32768 32768 32768 32768 32768 32768 32768 32768 32768 32768 32768 32768 32768 32768 32768 32768 32768 32768 32768 32768 32768 32768 32768 32768 32768 32768 32768 32768 32768 32768 32768 32768 32768 32768 32768 32768 32768 32768 32768 32768 32768 32768 32768 32768 32768 32768 32768 32768 32768 32768 32768 32768 32768 32768 32768 32768 32768 32768 32768 32768 32768 32768 32768 32768 32768 32768 32768 32768 32768 32768 32768 32768 32768
32768 32768 32768 32768 32768 32768 32768 32768 32768 32768 32768 32768 32768 32768 32768 32768 1680 1664 1664 1664 1664 1664 1664 1664 1664 1152 1152 3200 3200 3200 3200 3220 23700 2196 2176 2176 2176 2176 2176 2176 2176 2176 2176 192 192 192 192 192 192 192 4288 192 192 192 192 192 192 212 192 192 192 192 192 192 192 192 192 192 192 192 208 192 192 192 192 192 192 192 4288 4288 32768 192 32768 32768 32768 32768 32768 32768 32768 32768 32768 32768 32768 32768 32768 32768 32768 32768 32768 32768 32768 32768 32768 32768 32768 32768 32768 32768 32768 32768 32768 32768 32768 32768 32768 32768 32768 32768 32768 32768 32768 32768 32768 32768 32768 32768 32768 32768 320 32768 32768 32768 32768 32768 32768 32768 32768 32768 32768 32768 32768 32768 32768 32768 32768 32768 32768 32768 32768 32768 32768 32768 32768 32768 32768 32768 32768 32768 32768 32768 32768 32768 32768 32768 32768 32768 32768 32768 32768 32768 32768 32768 32768 32768 32768 32768 32768 32768 32768 32768 32768 32768 32768 32768 32768 32768 32768 32768 32768 32768 32768 32768 32768 32768 32768 32768 32768 32768 32768 32768
32768 32768 32768 32768 32768 32768 32768 32768 32768 32768 32768 32768 32768 32768 32768 1152 1680 1664 1664 1664 1664 1664 1664 1664 1152 1664 1152 3200 3200 7296 7296 7296 3220 2176 2176 2176 2176 2176 2176 2176 2176 2176 2176 2176 192 192 192 192 192 4288 192 192 192 192 192 192 192 192 192 192 192 192 192 192 192 192 192 192 192 192 192 208 192 192 192 192 192 192 192 4288 192 192 32768 32768 32768 32768 32768 32768 32768 32768 32768 32768 32768 32768 32768 32768 32768 32768 32768 32768 32768 32768 32768 32768 32768 32768 32768 32768 32768 32768 32768 32768 32768 32768 32768 32768 32768 32768 32768 32768 32768 32768 32768 32768 32768 32768 32768 320 320 320 32768 32768 32768 32768 32768 32768 32768 32768 32768 32768 32768 32768 32768 32768 32768 32768 32768 32768 32768 32768 32768 32768 32768 32768 32768 32768 32768 32768 32768 32768 32768 32768 32768 32768 32768 32768 32768 32768 32768 32768 32768 32768 32768 32768 32768 32768 32768 32768 32768 32768 32768 32768 32768 32768 32768 32768 32768 32768 32768 32768 32768 32768 32768 32768 32768 32768 32768 32768 32768 32768
32768 32768 32768 32768 32768 32768 32768 32768 32768 32768 32768 32768 32768 32768 32768 1152 1680 1664 1664 1664 1664 1664 1664 1664 1664 1664 1664 3200 3200 3200 3200 3200 2176 2176 2176 2176 192 2176 192 2176 2176 2176 2176 192 192 192 192 192 4288 192 192 192 192 192 192 192 192 192 192 192 192 192 192 192 192 192 192 192 192 192 192 208 192 192 192 192 192 192 4288 4288 32768 192 32768 32768 32768 32768 32768 32768 32768 32768 32768 32768 32768 32768 32768 32768 32768 32768 32768 32768 32768 32768 32768 32768 32768 32768 32768 32768 32768 32768 32768 32768 32768 32768 32768 32768 32768 32768 32768 32768 32768 32768 32768 32768 32768 32768 32768 320 320 320 32768 32768 32768 32768 32768 32768 32768 32768 32768 32768 32768 32768 32768 32768 32768 32768 32768 32768 32768 32768 32768 32768 32768 32768 32768 32768 32768 32768 32768 32768 32768 32768 32768 32768 32768 32768 32768 32768 32768 32768 32768 32768 32768 32768 32768 32768 32768 32768 32768 32768 32768 32768 32768 32768 32768 32768 32768 32768 32768 32768 32768 32768 32768 32768 32768 32768 32768 32768 32768 32768
32768 32768 32768 32768 32768 32768 32768 32768 32768 32768 32768 32768 32768 32768 1152 1152 1680 1664 1664 1664 1664 1664 1664 1664 1664 1664 1664 1664 3200 1152 3200 3200 2176 2176 2176 2176 2176 192 192 2176 2176 2176 192 192 192 192 4288 4288 192 192 192 192 192 192 192 192 192 192 192 192 192 192 192 192 192 192 192 192 192 192 192 192 208 192 192 192 192 192 192 192 192 32768 32768 32768 32768 32768 32768 32768 32768 32768 32768 32768 32768 32768 32768 32768 32768 32768 32768 32768 32768 32768 32768 32768 32768 32768 32768 32768 32768 32768 32768 32768 32768 32768 32768 32768 32768 32768 32768 32768 32768 32768 32768 32768 32768 32768 320 320 320 320 32768 32768 32768 32768 32768 32768 32768 32768 32768 32768 32768 32768 32768 32768 32768 32768 32768 32768 32768 32768 32768 32768 32768 32768 32768 32768 32768 32768 32768 32768 32768 32768 32768 32768 32768 32768 32768 32768 32768 32768 32768 32768 32768 32768 32768 32768 32768 32768 32768 32768 32768 32768 32768 32768 32768 32768 32768 32768 32768 32768 32768 32768 32768 32768 32768 32768 32768 32768 32768 32768
32768 32768 32768 32768 32768 32768 32768 32768 32768 32768 32768 32768 32768 32768 1152 1168 1152 1664 1664 1664 1664 1664 1664 1664 1688 1688 1664 1664 1664 1152 1152 3200 2176 2176 2176 2176 2176 2176 192 2176 2176 2176 192 192 192 4288 4288 192 192 192 192 192 192 192 192 192 192 192 192 192 192 192 192 192 192 192 192 192 192 192 192 192 192 208 192 192 192 192 192 192 192 32768 32768 32768 32768 32768 32768 32768 32768 32768 32768 32768 32768 32768 32768 32768 32768 32768 32768 32768 32768 32768 32768 32768 32768 32768 32768 32768 32768 32768 32768 32768 32768 32768 32768 32768 32768 32768 32768 32768 32768 32768 32768 32768 32768 32768 32768 320 320 32768 32768 32768 32768 32768 32768 32768 32768 32768 32768 32768 32768 32768 32768 32768 32768 32768 32768 32768 32768 32768 32768 32768 32768 32768 32768 32768 32768 32768 32768 32768 32768 32768 32768 32768 32768 32768 32768 32768 32768 32768 32768 32768 32768 32768 32768 32768 32768 32768 32768 32768 32768 32768 32768 32768 32768 32768 32768 32768 32768 32768 32768 32768 32768 32768 32768 32768 32768 32768 32768 32768
32768 32768 32768 32768 32768 32768 32768 32768 32768 32768 32768 32768 32768 192 1152 1168 1664 1664 1664 1664 1664 1664 1664 1688 1688 1688 1688 1664 1664 1664 1152 1152 192 2176 2176 2176 2176 2176 2176 192 2176 192 192 192 192 4288 192 192 192 192 192 192 192 192 192 192 192 192 192 192 192 192 192 192 192 192 192 192 192 192 192 1152 192 192 1168 1152 32768 32768 32768 32768 192 32768 32768 32768 32768 32768 32768 32768 32768 32768 32768 32768 32768 32768 32768 32768 32768 32768 32768 32768 32768 32768 32768 32768 32768 32768 32768 32768 32768 32768 32768 32768 32768 32768 32768 32768 32768 32768 32768 32768 32768 32768 32768 32768 32768 32768 32768 32768 32768 32768 32768 32768 32768 32768 32768 32768 32768 32768 32768 32768 32768 32768 32768 32768 32768 32768 32768 32768 32768 32768 32768 32768 32768 32768 32768 32768 32768 32768 32768 32768 32768 32768 32768 32768 32768 32768 32768 32768 32768 32768 32768 32768 32768 32768 32768 32768 32768 32768 32768 32768 32768 32768 32768 32768 32768 32768 32768 32768 32768 32768 32768 32768 32768 32768 32768 32768 32768 32768 32768 32768
32768 32768 32768 32768 32768 32768 32768 32768 32768 32768 32768 32768 192 193 1153 1169 1664 1664 1664 1664 1664 1664 1664 1680 1688 1664 1664 1664 1664 1152 1152 1152 1152 192 3200 1152 2176 2176 192 192 192 192 192 192 4288 192 192 192 192 192 192 192 216 192 192 192 192 192 192 192 192 192 192 192 192 192 192 192 192 192 1152 1152 1152 1152 1168 1152 32768 32768 192 32768 32768 32768 32768 32768 32768 32768 32768 32768 32768 32768 32768 32768 32768 32768 32768 32768 32768 32768 32768 32768 32768 32768 32768 32768 32768 32768 32768 32768 32768 32768 32768 32768 32768 32768 32768 32768 32768 32768 32768 32768 32768 32768 32768 32768 32768 32768 32768 32768 32768 32768 32768 32768 32768 32768 32768 32768 32768 32768 32768 32768 32768 32768 32768 32768 32768 32768 32768 32768 32768 32768 32768 32768 32768 32768 32768 32768 32768 32768 32768 32768 32768 32768 32768 32768 32768 32768 32768 32768 32768 32768 32768 32768 32768 32768 32768 32768 32768 32768 32768 32768 32768 32768 32768 32768 32768 32768 32768 32768 32768 32768 32768 32768 32768 32768 32768 32768 32768 32768 32768 32768
32768 32768 32768 32768 32768 32768 32768 32768 32768 32768 32768 32768 32768 193 193 1153 1153 1664 1664 1664 1664 1664 1680 1664 1664 1664 1664 1664 1152 1152 1152 1152 1152 1152 1152 1152 1152 192 192 192 192 192 192 4288 192 192 192 192 192 192 192 216 216 216 192 192 192 192 192 192 192 192 192 192 192 192 192 192 192 192 1152 1152 1152 1152 1152 1168 1152 1152 1152 32768 32768 32768 32768 32768 32768 32768 32768 32768 32768 32768 32768 32768 32768 32768 32768 32768 32768 32768 32768 32768 32768 32768 32768 32768 32768 32768 32768 32768 32768 32768 32768 32768 32768 32768 32768 32768 32768 32768 32768 32768 32768 32768 32768 32768 32768 32768 32768 32768 32768 32768 32768 32768 32768 32768 32768 32768 32768 32768 32768 32768 32768 32768 32768 32768 32768 32768 32768 32768 32768 32768 32768 32768 32768 32768 32768 32768 32768 32768 32768 32768 32768 32768 32768 32768 32768 32768 32768 32768 32768 32768 32768 32768 32768 32768 32768 32768 32768 32768 32768 32768 32768 32768 32768 32768 32768 32768 32768 32768 32768 32768 32768 32768 32768 32768 32768 32768 32768 32768 32768 32768
32768 32768 32768 32768 32768 32768 32768 32768 32768 32768 32768 32768 32768 193 193 193 193 192 640 1664 1664 1664 1680 1664 1664 1664 1664 1664 1152 1152 1152 1152 1152 1152 1152 1152 192 192 192 192 192 192 4288 192 192 192 192 192 192 192 192 216 216 216 192 192 192 192 192 192 192 192 192 192 192 192 192 192 192 192 1152 1152 1152 1152 1152 1152 1168 1152 1152 32768 32768 32768 32768 32768 32768 32768 32768 32768 32768 32768 32768 32768 32768 32768 32768 32768 32768 32768 32768 32768 32768 32768 32768 32768 32768 32768 32768 32768 32768 32768 32768 32768 32768 32768 32768 32768 32768 32768 32768 32768 32768 32768 32768 32768 32768 32768 32768 32768 32768 32768 32768 32768 32768 32768 32768 32768 32768 32768 32768 32768 32768 32768 32768 32768 32768 32768 32768 32768 32768 32768 32768 32768 32768 32768 32768 32768 32768 32768 32768 32768 32768 32768 32768 32768 32768 320 320 32768 32768 32768 32768 32768 32768 32768 32768 32768 32768 32768 32768 32768 32768 32768 32768 32768 32768 32768 32768 32768 32768 32768 32768 32768 32768 32768 32768 32768 32768 32768 32768 32768
32768 32768 32768 32768 32768 32768 32768 32768 32768 32768 32768 32768 193 193 193 193 193 193 192 640 1664 1168 1664 1664 1664 1664 1664 1664 1152 1152 1152 1152 1152 1152 1152 192 192 192 192 192 192 4288 192 192 192 192 192 192 192 192 192 208 192 192 192 192 192 192 192 192 192 192 192 192 192 192 192 192 192 1152 1152 1152 1152 1152 1152 1152 1152 1168 1152 32768 32768 32768 32768 32768 32768 32768 32768 32768 32768 32768 32768 32768 32768 32768 32768 32768 32768 32768 32768 32768 32768 32768 32768 32768 32768 32768 32768 32768 32768 32768 32768 32768 32768 32768 32768 32768 32768 32768 32768 32768 32768 32768 32768 32768 32768 32768 32768 32768 32768 32768 32768 32768 32768 32768 32768 32768 32768 32768 32768 32768 32768 32768 32768 32768 32768 32768 32768 32768 32768 32768 32768 32768 32768 32768 32768 32768 32768 32768 32768 32768 32768 32768 32768 32768 320 320 320 320 320 32768 32768 32768 32768 32768 32768 32768 32768 32768 32768 32768 32768 32768 32768 32768 32768 32768 32768 32768 32768 32768 32768 32768 32768 32768 32768 32768 32768 32768 32768 32768
32768 32768 32768 32768 32768 32768 32768 32768 32768 32768 32768 32768 32768 193 193 193 193 193 193 192 1168 1152 1664 1664 1664 1664 1664 1152 1152 1152 1152 1152 1152 1152 192 192 192 192 192 4288 4288 192 192 192 192 192 192 192 192 192 192 208 192 192 192 192 192 192 192 192 192 192 192 192 192 192 192 1152 1152 1152 1152 1152 1152 1152 1152 1152 1152 1168 1152 32768 32768 32768 32768 32768 32768 32768 32768 32768 32768 32768 32768 32768 32768 32768 32768 32768 32768 32768 32768 32768 32768 32768 32768 32768 32768 32768 32768 32768 32768 32768 32768 32768 32768 32768 32768 32768 32768 32768 32768 32768 32768 32768 32768 32768 32768 32768 32768 32768 32768 32768 32768 32768 32768 32768 32768 32768 32768 32768 32768 32768 32768 32768 32768 32768 32768 32768 32768 32768 32768 32768 32768 32768 32768 32768 32768 32768 32768 32768 32768 32768 32768 32768 32768 32768 32768 320 320 320 320 32768 32768 32768 32768 32768 32768 32768 32768 32768 32768 32768 32768 32768 32768 32768 32768 32768 32768 32768 32768 32768 32768 32768 32768 32768 32768 32768 32768 32768 32768 32768
32768 32768 32768 32768 32768 32768 32768 32768 32768 32768 32768 32768 32768 193 193 193 193 193 193 209 1152 1152 1664 1664 1664 1664 1664 1152 1152 1152 1152 1152 1152 192 192 192 192 192 192 4288 4288 192 192 192 192 192 192 192 192 192 208 192 192 192 192 192 192 192 192 192 192 192 192 192 192 192 192 192 192 1152 1152 1152 1152 1152 1152 1152 32768 32768 32784 32768 32768 32768 32768 32768 32768 32768 32768 32768 32768 32768 32768 32768 32768 32768 32768 32768 32768 32768 32768 32768 32768 32768 32768 32768 32768 32768 32768 32768 32768 32768 32768 32768 32768 32768 32768 32768 32768 32768 32768 32768 32768 32768 32768 32768 32768 32768 32768 32768 32768 32768 32768 32768 32768 32768 32768 32768 32768 32768 32768 32768 32768 32768 32768 32768 32768 32768 32768 32768 32768 32768 32768 32768 32768 32768 32768 32768 32768 32768 32768 32768 32768 32768 32768 32768 32768 32768 320 320 320 32768 32768 32768 32768 32768 32768 32768 32768 32768 32768 32768 32768 32768 32768 32768 32768 32768 32768 32768 32768 32768 32768 32768 32768 32768 32768 32768 32768 32768 32768 32768
32768 32768 32768 32768 32768 32768 32768 32768 32768 32768 32768 32768 32768 193 193 193 193 193 193 193 193 1152 1664 1664 1664 1664 1152 1152 1152 1152 1152 192 192 192 192 192 192 192 192 4288 192 192 192 192 192 192 192 192 192 192 208 192 192 192 192 192 192 192 192 192 192 192 192 192 192 192 192 192 192 192 1152 1152 1152 1152 1152 1152 32768 32768 32768 32784 32768 32768 32768 32768 32768 32768 32768 32768 32768 32768 32768 32768 32768 32768 32768 32768 32768 32768 32768 32768 32768 32768 32768 32768 32768 32768 32768 32768 32768 32768 32768 32768 32768 32768 32768 32768 32768 32768 32768 32768 32768 32768 32768 32768 32768 32768 32768 32768 32768 32768 32768 32768 32768 32768 32768 32768 32768 32768 32768 32768 32768 32768 32768 32768 32768 32768 32768 32768 32768 32768 32768 32768 32768 32768 32768 32768 32768 32768 32768 32768 32768 32768 32768 32768 32768 32768 32768 32768 32768 32768 32768 32768 32768 32768 32768 32768 32768 32768 32768 32768 32768 32768 32768 32768 32768 32768 32768 32768 32768 32768 32768 32768 32768 32768 32768 32768 32768 32768 32768 32768
32768 32768 32768 32768 32768 32768 32768 32768 32768 32768 32768 32768 32768 32768 192 193 193 193 193 193 209 1152 1664 1664 1664 1664 1152 192 192 192 192 192 192 192 192 192 192 192 192 192 192 192 192 192 192 192 192 192 192 208 192 192 192 192 192 192 192 192 192 192 192 192 192 192 192 192 192 192 192 1152 1152 1152 1152 1152 1152 1152 1152 32768 32768 32768 32784 32768 32768 32768 32768 32768 32768 32768 32768 32768 32768 32768 32768 32768 32768 32768 32768 32768 32768 32768 32768 32768 32768 32768 32768 32768 32768 32768 32768 32768 32768 32768 32768 32768 32768 32768 32768 32768 32768 32768 32768 32768 32768 32768 32768 32768 32768 32768 32768 32768 32768 32768 32768 32768 32768 32768 32768 32768 32768 32768 32768 32768 32768 32768 32768 32768 32768 32768 32768 32768 32768 32768 32768 32768 32768 32768 32768 32768 32768 32768 32768 32768 32768 32768 32768 32768 32768 32768 32768 32768 32768 32768 32768 32768 32768 32768 32768 32768 32768 32768 32768 32768 32768 32768 32768 32768 32768 32768 32768 32768 32768 32768 32768 32768 32768 32768 32768 32768 32768 32768
32768 32768 32768 32768 32768 32768 32768 32768 32768 32768 32768 32768 32768 192 192 192 192 193 193 193 192 208 1152 640 1664 1152 192 192 192 192 192 192 192 192 192 192 192 192 192 192 192 192 192 192 194 194 194 194 194 210 192 192 192 192 192 192 192 192 192 192 192 192 192 192 192 192 192 192 192 1152 1152 1152 1152 32768 1152 32768 32768 32768 32768 32768 32784 32768 32768 32768 32768 32768 32768 32768 32768 32768 32768 32768 32768 32768 32768 32768 32768 32768 32768 32768 32768 32768 32768 32768 32768 32768 32768 32768 32768 32768 32768 32768 32768 32768 32768 32768 32768 32768 32768 32768 32768 32768 32768 32768 32768 32768 32768 32768 32768 32768 32768 32768 32768 32768 32768 32768 32768 32768 32768 32768 32768 32768 32768 32768 32768 32768 32768 32768 32768 32768 32768 32768 32768 32768 32768 32768 32768 32768 32768 32768 32768 32768 32768 32768 32768 32768 32768 32768 32768 32768 32768 32768 32768 32768 32768 32768 32768 32768 32768 32768 32768 32768 32768 32768 32768 32768 32768 32768 32768 32768 32768 32768 32768 32768 32768 32768 32768 32768 32768 32768
32768 32768 32768 32768 32768 32768 32768 32768 32768 32768 32768 32768 32768 192 192 192 192 192 192 192 192 192 208 192 192 192 192 192 192 192 192 192 192 192 192 192 192 192 192 192 192 192 192 192 194 194 194 194 194 192 192 192 192 192 192 192 192 192 192 192 192 192 192 192 192 192 192 192 1152 1152 1152 1152 1152 32768 32768 32768 32768 32768 32768 32768 32768 32784 32768 32768 32768 32768 32768 32768 32768 32768 32768 32768 32768 32768 32768 32768 32768 32768 32768 32768 32768 32768 32768 32768 32768 32768 32768 32768 32768 32768 32768 32768 32768 32768 32768 32768 32768 32768 32768 32768 32768 32768 32768 32768 32768 32768 32768 32768 32768 32768 32768 32768 32768 32768 32768 32768 32768 32768 32768 32768 32768 32768 32768 32768 32768 32768 32768 32768 32768 32768 32768 32768 32768 32768 32768 32768 32768 32768 32768 32768 32768 32768 32768 32768 32768 32768 32768 32768 32768 32768 32768 32768 32768 32768 32768 32768 32768 32768 32768 32768 32768 32768 32768 32768 32768 32768 32768 32768 32768 32768 320 32768 32768 32768 32768 32768 32768 32768 32768 32768
32768 32768 32768 32768 32768 32768 32768 32768 32768 32768 32768 32768 32768 32768 192 192 192 192 192 192 192 192 208 192 216 216 192 192 192 192 192 192 192 192 192 192 192 192 192 192 192 192 192 194 194 194 194 194 194 194 192 192 192 192 192 192 192 192 192 192 192 192 192 192 192 192 192 192 192 1152 1152 32768 32768 32768 32768 32768 32768 32768 32768 32768 32768 32768 32784 32768 32768 32768 32768 32768 32768 32768 32768 32768 32768 32768 32768 32768 32768 32768 32768 32768 32768 32768 32768 32768 32768 32768 32768 32768 32768 32768 32768 32768 32768 32768 32768 32768 32768 32768 32768 32768 32768 32768 32768 32768 32768 32768 32768 32768 32768 32768 32768 32768 32768 32768 32768 32768 32768 32768 32768 32768 32768 32768 32768 32768 32768 32768 32768 32768 32768 32768 32768 32768 32768 32768 32768 32768 32768 32768 32768 32768 32768 32768 32768 32768 32768 32768 32768 32768 32768 32768 32768 32768 32768 32768 32768 32768 32768 32768 32768 32768 32768 32768 32768 32768 32768 32768 32768 32768 320 320 320 320 32768 32768 32768 32768 32768 32768 32768 32768
32768 32768 32768 32768 32768 32768 32768 32768 32768 32768 32768 32768 32768 32768 192 192 192 192 192 192 192 192 192 216 216 216 216 192 192 192 192 192 192 192 192 192 192 192 192 192 192 192 192 192 194 194 194 194 194 194 194 192 192 192 192 192 192 192 192 192 192 192 192 192 192 192 192 192 192 192 192 192 32768 32768 32768 32768 32768 32768 32768 32768 32768 32768 32768 32784 32768 32768 32768 32768 32768 32768 32768 32768 32768 32768 32768 32768 32768 32768 32768 32768 32768 32768 32768 32768 32768 32768 32768 32768 32768 32768 32768 32768 32768 32768 32768 32768 32768 32768 32768 32768 32768 32768 32768 32768 32768 32768 32768 32768 32768 32768 32768 32768 32768 32768 32768 32768 32768 32768 32768 32768 32768 32768 32768 32768 32768 32768 32768 32768 32768 32768 32768 32768 32768 32768 32768 32768 32768 32768 32768 32768 32768 32768 32768 32768 32768 32768 32768 32768 32768 32768 32768 32768 32768 32768 32768 32768 32768 32768 32768 32768 32768 32768 32768 32768 32768 32768 32768 320 320 320 320 320 320 32768 32768 32768 32768 32768 32768 32768
32768 32768 32768 32768 32768 32768 32768 32768 32768 32768 32768 32768 32768 32768 32768 192 192 192 192 192 192 192 192 216 216 192 192 192 192 192 192 192 192 192 192 192 192 192 192 192 192 192 192 192 194 194 194 194 194 194 194 192 192 192 192 192 192 192 192 192 192 192 192 192 192 192 192 192 192 32768 32768 32768 32768 32768 32768 32768 32768 32768 32768 32768 32768 32768 32768 32784 32768 32768 32768 32768 32768 32768 32768 32768 32768 32768 32768 32768 32768 32768 32768 32768 32768 32768 32768 32768 32768 32768 32768 32768 32768 32768 32768 32768 32768 32768 32768 32768 32768 32768 32768 32768 32768 32768 32768 32768 32768 32768 32768 32768 32768 32768 32768 32768 32768 32768 32768 32768 32768 32768 32768 32768 32768 32768 32768 32768 32768 32768 32768 32768 32768 32768 32768 32768 32768 32768 32768 32768 32768 32768 32768 32768 32768 32768 32768 32768 32768 32768 32768 32768 32768 32768 32768 32768 32768 32768 32768 32768 32768 32768 32768 32768 32768 32768 32768 32768 32768 32768 32768 32768 320 320 320 320 32768 32768 32768 32768 32768 32768 32768 32768
32768 32768 32768 32768 32768 32768 32768 32768 32768 32768 32768 32768 32768 32768 32768 192 192 192 192 192 192 192 192 192 192 192 192 192 192 192 192 192 192 192 192 192 192 192 192 192 192 192 192 192 192 194 194 192 194 194 194 192 192 192 192 192 192 192 192 192 192 192 192 192 192 192 192 192 192 192 32768 32768 32768 32768 32768 32768 32768 32768 32768 32768 32768 32768 32768 320 344 344 32768 32768 32768 32768 32768 32768 32768 32768 32768 32768 32768 32768 32768 32768 32768 32768 32768 32768 32768 32768 32768 32768 32768 32768 32768 32768 32768 32768 32768 32768 32768 32768 32768 32768 32768 32768 32768 32768 32768 32768 32768 32768 32768 32768 32768 32768 32768 32768 32768 32768 32768 32768 32768 32768 32768 32768 32768 32768 32768 32768 32768 32768 32768 32768 32768 32768 32768 32768 32768 32768 32768 32768 32768 32768 32768 32768 32768 32768 32768 32768 32768 32768 32768 32768 32768 32768 32768 32768 32768 32768 32768 32768 32768 32768 32768 32768 32768 32768 32768 32768 32768 32768 32768 320 32768 320 32768 32768 32768 32768 32768 32768 32768 32768
32768 32768 32768 32768 32768 32768 32768 32768 32768 32768 32768 32768 32768 32768 32768 32768 192 192 192 192 192 192 32768 32768 192 192 192 192 192 192 192 192 192 192 192 192 192 192 192 192 192 192 192 192 192 192 192 192 194 194 194 192 192 192 192 192 192 192 192 192 192 192 192 192 192 192 192 192 192 32768 32768 32768 32768 32768 32768 32768 32768 32768 32768 32768 32768 32768 320 344 344 344 344 32768 32768 320 32768 32768 32768 32768 32768 32768 32768 32768 32768 32768 32768 32768 32768 32768 32768 32768 32768 32768 32768 32768 32768 32768 32768 32768 32768 32768 32768 32768 32768 32768 32768 32768 32768 32768 32768 32768 32768 32768 32768 32768 32768 32768 32768 32768 32768 32768 32768 32768 32768 32768 32768 32768 32768 32768 32768 32768 32768 32768 32768 32768 32768 32768 32768 32768 32768 32768 32768 32768 32768 32768 32768 32768 32768 32768 32768 32768 32768 32768 32768 32768 32768 32768 32768 32768 32768 32768 32768 32768 32768 32768 32768 32768 32768 32768 32768 32768 32768 32768 32768 32768 32768 32768 32768 32768 32768 32768 32768 32768 32768 32768
32768 32768 32768 32768 32768 32768 32768 32768 32768 32768 32768 32768 32768 32768 32768 32768 32768 32768 32768 32768 32768 32768 32768 192 192 192 192 192 192 192 192 192 192 192 192 192 192 192 192 192 192 192 192 192 192 192 192 192 192 210 194 192 192 192 192 192 192 192 192 192 192 192 192 192 192 192 192 192 192 32768 32768 32768 32768 32768 32768 32768 32768 32768 32768 32768 32768 32768 320 320 344 344 344 320 320 320 320 32768 32768 32768 32768 32768 32768 32768 32768 32768 32768 32768 32768 32768 32768 32768 32768 32768 32768 32768 32768 32768 32768 32768 32768 32768 32768 32768 32768 32768 32768 32768 32768 32768 32768 32768 32768 32768 32768 32768 32768 32768 32768 32768 32768 32768 32768 32768 32768 32768 32768 32768 32768 32768 32768 32768 32768 32768 32768 32768 32768 32768 32768 32768 32768 32768 32768 32768 32768 32768 32768 32768 32768 32768 32768 32768 32768 32768 32768 32768 32768 32768 32768 32768 32768 32768 32768 32768 32768 32768 32768 32768 32768 32768 32768 32768 32768 32768 32768 32768 32768 32768 32768 32768 32768 32768 32768 32768 32768 32768
32768 32768 32768 32768 32768 32768 32768 32768 32768 32768 32768 32768 32768 32768 32768 32768 32768 32768 32768 32768 32768 32768 192 192 192 192 192 192 192 192 192 192 192 192 192 192 192 192 216 216 216 192 192 192 192 192 192 192 208 192 192 192 192 192 192 192 192 192 192 192 192 192 192 192 192 192 192 192 192 192 32768 32768 32768 32768 32768 32768 32768 32768 32768 32768 32768 32768 320 320 320 320 320 320 320 320 320 320 32768 32768 32768 32768 32768 32768 32768 32768 32768 32768 32768 32768 32768 32768 32768 32768 32768 32768 32768 32768 32768 32768 32768 32768 32768 32768 32768 32768 32768 32768 32768 32768 32768 32768 32768 32768 32768 32768 32768 32768 32768 32768 32768 32768 32768 32768 32768 32768 32768 32768 32768 32768 32768 32768 32768 32768 32768 32768 32768 32768 32768 32768 32768 32768 32768 32768 32768 32768 32768 32768 32768 32768 32768 32768 32768 32768 32768 32768 32768 32768 32768 32768 32768 32768 32768 32768 32768 32768 32768 32768 32768 32768 32768 32768 32768 32768 32768 32768 32768 32768 32768 32768 32768 32768 32768 32768 32768 32768
32768 32768 32768 32768 32768 32768 32768 32768 32768 32768 32768 32768 32768 32768 32768 32768 32768 32768 32768 32768 32768 32768 192 192 192 192 192 192 192 192 192 192 192 192 192 192 192 192 216 216 216 192 192 192 192 192 192 192 208 192 192 192 192 192 192 192 192 192 192 192 192 192 192 192 192 192 192 192 32768 32768 32768 32768 32768 32768 32768 32768 32768 32768 32768 32768 32768 320 320 320 320 320 320 320 320 320 320 320 320 32768 32768 32768 32768 32768 32768 32768 32768 32768 32768 32768 32768 32768 32768 32768 32768 32768 32768 32768 32768 32768 32768 32768 32768 32768 32768 32768 32768 32768 32768 32768 32768 32768 32768 32768 32768 32768 32768 32768 32768 32768 32768 32768 32768 32768 32768 32768 32768 32768 32768 32768 32768 32768 32768 32768 32768 32768 32768 32768 32768 32768 32768 32768 32768 32768 32768 32768 32768 32768 32768 32768 32768 32768 32768 32768 32768 32768 32768 32768 32768 32768 32768 32768 32768 32768 32768 32768 32768 32768 32768 32768 32768 32768 32768 32768 32768 32768 32768 32768 32768 32768 32768 32768 32768 32768 32768 32768
32768 32768 32768 32768 32768 32768 32768 32768 32768 32768 32768 32768 32768 32768 32768 32768 32768 32768 32768 32768 32768 32768 32768 192 32768 32768 192 192 192 192 192 192 192 192 192 192 192 192 216 216 192 208 192 192 192 192 192 208 192 192 192 192 192 192 192 192 192 192 192 192 192 192 192 192 192 192 192 32768 32768 32768 32768 32768 32768 32768 32768 32768 32768 32768 32768 32768 32768 320 320 320 320 320 320 320 320 320 320 320 32768 32768 32768 32768 32768 32768 32768 32768 32768 32768 32768 32768 32768 32768 32768 32768 32768 32768 32768 32768 32768 32768 32768 32768 32768 32768 32768 32768 32768 32768 32768 32768 32768 32768 32768 32768 32768 32768 32768 32768 32768 32768 32768 32768 32768 32768 32768 32768 32768 32768 32768 32768 32768 32768 32768 32768 32768 32768 32768 32768 32768 32768 32768 32768 32768 32768 32768 32768 32768 32768 32768 32768 32768 32768 32768 32768 32768 32768 32768 32768 32768 32768 32768 32768 32768 32768 32768 32768 32768 32768 32768 32768 32768 32768 32768 32768 32768 32768 32768 32768 32768 32768 32768 32768 32768 32768 32768 32768
32768 32768 32768 32768 32768 32768 32768 32768 32768 32768 32768 32768 32768 32768 32768 32768 32768 32768 32768 32768 32768 32768 32768 32768 192 32768 192 192 192 192 192 192 192 192 192 192 192 192 192 192 192 208 192 192 192 216 216 192 192 192 192 192 192 192 192 192 192 192 192 192 192 192 192 192 192 192 32768 192 32768 32768 32768 32768 32768 32768 32768 32768 32768 32768 32768 32768 32768 320 320 320 320 320 320 320 320 320 320 320 320 32768 32768 32768 32768 32768 32768 32768 32768 32768 32768 32768 32768 32768 32768 32768 32768 32768 32768 32768 32768 32768 32768 32768 32768 32768 32768 32768 32768 32768 32768 32768 32768 32768 32768 32768 32768 32768 32768 32768 32768 32768 32768 32768 32768 32768 32768 32768 32768 32768 32768 32768 32768 32768 32768 32768 32768 32768 32768 32768 32768 32768 32768 32768 32768 32768 32768 32768 32768 32768 32768 32768 32768 32768 32768 32768 32768 32768 32768 32768 32768 32768 32768 32768 32768 32768 32768 32768 32768 32768 32768 32768 32768 32768 32768 32768 32768 32768 32768 32768 32768 32768 32768 32768 32768 32768 32768 32768
32768 32768 32768 32768 32768 32768 32768 32768 32768 32768 32768 32768 32768 32768 32768 32768 32768 32768 32768 32768 32768 32768 32768 32768 32768 32768 32768 32768 192 32768 32768 192 32768 192 192 32768 192 192 192 192 192 192 208 192 216 216 216 216 32768 32768 192 192 192 192 192 192 192 192 192 192 192 192 192 192 32768 32768 32768 32768 32768 32768 32768 32768 32768 32768 32768 32768 32768 32768 32768 32768 32768 320 320 320 320 320 320 320 320 320 320 320 32768 32768 32768 32768 32768 32768 32768 32768 32768 32768 32768 32768 32768 32768 32768 32768 32768 32768 32768 32768 32768 32768 32768 32768 32768 32768 32768 32768 32768 32768 32768 32768 32768 32768 32768 32768 32768 32768 32768 32768 32768 32768 32768 32768 32768 32768 32768 32768 32768 32768 32768 32768 32768 32768 32768 32768 32768 32768 32768 32768 32768 32768 32768 32768 32768 32768 32768 32768 32768 32768 32768 32768 32768 32768 32768 32768 32768 32768 32768 32768 32768 32768 32768 32768 32768 32768 32768 32768 32768 32768 32768 32768 32768 32768 32768 32768 32768 32768 32768 32768 32768 32768 32768 32768 32768 32768 32768 32768
32768 32768 32768 32768 32768 32768 32768 32768 32768 32768 32768 32768 32768 32768 32768 32768 32768 32768 32768 32768 32768 32768 32768 32768 32768 32768 32768 32768 32768 32768 32768 192 32768 192 32768 192 192 32768 192 192 192 192 192 216 216 216 216 192 32768 32768 32768 32768 32768 192 192 192 192 32768 192 192 32768 192 192 32768 32768 32768 32768 32768 32768 32768 32768 32768 32768 32768 32768 32768 32768 32768 32768 32768 32768 32768 320 320 320 320 320 320 320 32768 320 32768 32768 32768 32768 32768 32768 32768 32768 32768 32768 32768 32768 32768 32768 32768 32768 32768 32768 32768 32768 32768 32768 32768 32768 32768 32768 32768 32768 32768 32768 32768 32768 32768 32768 32768 32768 32768 32768 32768 32768 32768 32768 32768 32768 32768 32768 32768 32768 32768 32768 32768 32768 32768 32768 32768 32768 32768 32768 32768 32768 32768 32768 32768 32768 32768 32768 32768 32768 32768 32768 32768 32768 32768 32768 32768 32768 32768 32768 32768 32768 32768 32768 32768 32768 32768 32768 32768 32768 32768 32768 32768 32768 32768 32768 32768 32768 32768 32768 32768 32768 32768 32768 32768 32768 32768 32768 32768 32768 32768
32768 32768 32768 32768 32768 32768 32768 32768 32768 32768 32768 32768 32768 32768 32768 32768 32768 32768 32768 32768 32768 32768 32768 32768 32768 32768 32768 32768 32768 32768 32768 32768 32768 32768 192 192 192 192 32768 32768 192 192 208 32768 32768 32768 192 192 32768 32768 32768 32768 32768 192 192 192 32768 32768 32768 32768 32768 32768 32768 32768 32768 32768 32768 32768 32768 32768 32768 32768 32768 32768 32768 32768 32768 32768 32768 32768 32768 32768 320 320 320 320 320 320 320 32768 32768 32768 32768 32768 32768 32768 32768 32768 32768 32768 32768 32768 32768 32768 320 320 32768 32768 32768 32768 32768 32768 32768 32768 32768 32768 32768 32768 32768 32768 32768 32768 32768 32768 32768 32768 32768 32768 32768 32768 32768 32768 32768 32768 32768 32768 32768 32768 32768 32768 32768 32768 320 32768 32768 32768 32768 32768 32768 32768 32768 32768 32768 32768 32768 32768 32768 32768 32768 32768 32768 32768 32768 32768 32768 32768 32768 32768 32768 32768 32768 32768 32768 32768 32768 32768 32768 32768 32768 32768 32768 32768 32768 32768 32768 32768 32768 32768 32768 32768 32768 32768 32768 32768 32768 32768 32768 32768 32768 32768
32768 32768 32768 32768 32768 32768 32768 32768 32768 32768 32768 32768 32768 32768 32768 32768 32768 32768 32768 32768 32768 32768 32768 32768 32768 32768 32768 32768 32768 32768 32768 32768 32768 32768 32768 192 192 32768 32768 192 208 208 192 192 32768 32768 32768 192 32768 32768 32768 32768 192 32768 32768 192 32768 32768 32768 32768 32768 32768 32768 32768 32768 32768 32768 32768 32768 32768 32768 32768 32768 32768 32768 32768 32768 32768 32768 32768 32768 32768 32768 320 320 320 320 320 320 320 32768 32768 32768 32768 32768 32768 32768 32768 32768 32768 32768 32768 32768 320 320 320 320 32768 32768 32768 32768 32768 32768 32768 32768 32768 32768 32768 32768 32768 32768 32768 32768 32768 32768 32768 32768 32768 32768 32768 32768 32768 32768 32768 32768 32768 32768 32768 32768 32768 32768 320 320 320 32768 32768 32768 32768 32768 32768 32768 32768 32768 32768 32768 32768 32768 32768 32768 32768 32768 32768 32768 32768 32768 32768 32768 32768 32768 32768 32768 32768 32768 32768 32768 32768 32768 32768 32768 32768 32768 32768 32768 32768 32768 32768 32768 32768 32768 32768 32768 32768 32768 32768 32768 32768 32768 32768 32768 32768
32768 32768 32768 32768 32768 32768 32768 32768 32768 32768 32768 32768 32768 32768 32768 32768 32768 32768 32768 32768 32768 32768 32768 32768 32768 32768 32768 32768 32768 32768 32768 32768 32768 32768 32768 32768 32768 32768 32768 32784 192 32768 192 32768 32768 32768 32768 32768 32768 32768 32768 32768 32768 32768 32768 32768 32768 32768 32768 32768 32768 32768 32768 32768 32768 32768 32768 32768 32768 32768 32768 32768 32768 32768 32768 32768 32768 32768 32768 32768 32768 32768 32768 32768 32768 320 320 320 320 32768 32768 32768 32768 32768 32768 32768 32768 32768 32768 32768 32768 32768 32768 320 320 320 320 320 32768 32768 32768 32768 32768 32768 32768 32768 32768 32768 32768 32768 32768 32768 32768 32768 32768 32768 32768 32768 32768 32768 32768 32768 32768 32768 32768 32768 32768 32768 32768 32768 320 320 320 320 32768 32768 32768 32768 32768 32768 32768 32768 32768 32768 32768 32768 32768 32768 32768 32768 32768 32768 32768 32768 32768 32768 32768 32768 32768 32768 32768 32768 32768 32768 32768 32768 32768 32768 32768 32768 32768 32768 32768 32768 32768 32768 32768 32768 32768 32768 32768 32768 32768 32768 32768 32768 32768 32768 32768 32768
32768 32768 32768 32768 32768 32768 32768 32768 32768 32768 32768 32768 32768 32768 32768 32768 32768 32768 32768 32768 32768 32768 32768 32768 32768 32768 32768 320 320 32768 32768 32768 32768 32768 32768 32768 32768 32768 32784 32768 32768 32768 32768 32768 32768 32768 32768 32768 32768 32768 32768 32768 32768 32768 32768 32768 32768 32768 32768 32768 32768 32768 32768 32768 32768 32768 32768 32768 32768 32768 32768 32768 32768 32768 32768 32768 32768 32768 32768 32768 32768 32768 32768 32768 32768 32768 320 32768 32768 32768 32768 32768 32768 32768 32768 32768 32768 32768 32768 32768 32768 32768 32768 32768 320 320 320 32768 32768 32768 32768 32768 32768 32768 32768 32768 32768 32768 32768 32768 32768 32768 32768 32768 32768 32768 32768 32768 32768 32768 32768 32768 32768 32768 32768 32768 32768 32768 32768 32768 320 4416 4416 32768 32768 32768 32768 32768 32768 32768 32768 32768 32768 32768 320 320 32768 32768 32768 32768 32768 32768 32768 32768 32768 32768 32768 32768 32768 32768 32768 32768 32768 32768 32768 32768 32768 32768 32768 32768 32768 32768 32768 32768 32768 32768 32768 32768 32768 32768 32768 32768 32768 32768 32768 32768 32768 32768 32768 32768
32768 32768 32768 32768 32768 32768 32768 32768 32768 32768 32768 32768 32768 32768 32768 32768 32768 32768 32768 32768 32768 32768 32768 32768 32768 32768 320 320 320 320 320 320 32768 32768 32768 32768 32768 32784 32768 32768 32768 32768 32768 32768 32768 32768 32768 32768 32768 32768 32768 32768 32768 32768 32768 32768 32768 32768 32768 32768 32768 32768 32768 32768 32768 32768 32768 32768 32768 32768 32768 32768 32768 32768 32768 32768 32768 32768 32768 32768 32768 32768 32768 32768 32768 32768 32768 32768 32768 32768 32768 32768 32768 32768 32768 32768 32768 32768 32768 32768 32768 32768 32768 32768 32768 32768 32768 32768 32768 32768 32768 32768 32768 32768 32768 32768 32768 32768 32768 32768 32768 32768 32768 32768 32768 32768 32768 32768 32768 32768 32768 32768 32768 32768 32768 32768 32768 32768 32768 320 4416 4416 4416 4416 32768 32768 32768 32768 32768 32768 32768 32768 32768 320 320 320 320 32768 32768 32768 32768 32768 32768 32768 32768 32768 32768 32768 32768 32768 32768 32768 32768 32768 32768 32768 32768 32768 32768 32768 32768 32768 32768 32768 32768 32768 32768 32768 32768 32768 32768 32768 32768 32768 32768 32768 32768 32768 32768 32768
32768 32768 32768 32768 32768 32768 32768 32768 32768 32768 32768 32768 32768 32768 32768 32768 32768 32768 32768 32768 32768 32768 32768 32768 32768 32768 320 320 320 320 320 320 320 32768 32768 32784 32784 32768 32768 32768 32768 32768 32768 32768 32768 32768 32768 32768 32768 32768 32768 32768 32768 32768 32768 32768 32768 32768 32768 32768 32768 32768 32768 32768 32768 32768 32768 32768 32768 32768 32768 32768 32768 32768 32768 32768 32768 32768 32768 32768 32768 32768 32768 32768 32768 32768 32768 32768 32768 32768 32768 32768 32768 32768 32768 32768 32768 32768 32768 32768 32768 32768 32768 32768 32768 32768 32768 32768 32768 32768 32768 32768 32768 32768 32768 32768 32768 32768 32768 32768 32768 32768 32768 32768 32768 32768 32768 32768 32768 32768 32768 32768 32768 32768 32768 32768 32768 32768 320 4416 4416 4416 4416 4416 320 32768 32768 32768 32768 32768 32768 32768 320 320 320 320 320 32768 32768 32768 32768 32768 32768 32768 32768 32768 32768 32768 32768 32768 32768 32768 32768 32768 32768 32768 32768 32768 32768 32768 32768 32768 32768 32768 32768 32768 32768 32768 32768 32768 32768 32768 32768 32768 32768 32768 32768 32768 32768 32768
32768 32768 32768 32768 32768 32768 32768 32768 32768 32768 32768 32768 32768 32768 32768 32768 32768 32768 32768 32768 32768 32768 32768 32768 32768 32768 320 320 320 320 320 320 344 344 344 32768 32768 32768 32768 32768 32768 32768 32768 32768 32768 32768 32768 32768 32768 32768 32768 32768 32768 32768 32768 32768 32768 32768 32768 32768 32768 32768 32768 32768 32768 32768 32768 32768 32768 32768 32768 32768 32768 32768 32768 32768 32768 32768 32768 32768 32768 32768 32768 32768 32768 32768 32768 32768 32768 32768 32768 32768 32768 32768 32768 32768 32768 32768 32768 32768 32768 32768 32768 32768 32768 32768 32768 32768 32768 32768 32768 32768 32768 32768 32768 32768 32768 32768 32768 32768 32768 32768 32768 32768 32768 32768 32768 32768 32768 32768 32768 32768 32768 32768 32768 32768 32768 32768 4416 4416 4416 4416 4416 320 320 320 32768 32768 32768 32768 32768 32768 320 320 320 320 320 320 32768 32768 32768 32768 32768 32768 32768 32768 32768 32768 32768 32768 32768 32768 32768 32768 32768 32768 32768 32768 32768 32768 32768 32768 32768 32768 32768 32768 32768 32768 32768 32768 32768 32768 32768 32768 32768 32768 32768 32768 32768 32768
32768 32768 32768 32768 32768 32768 32768 32768 32768 32768 32768 32768 32768 32768 32768 32768 32768 32768 32768 32768 32768 32768 32768 32768 32768 32768 32768 320 320 320 320 320 344 344 344 344 32768 32768 32768 32768 32768 32768 32768 32768 32768 32768 32768 32768 32768 32768 32768 32768 32768 32768 32768 32768 32768 32768 32768 32768 32768 32768 32768 32768 32768 32768 32768 32768 32768 32768 32768 32768 32768 32768 32768 32768 32768 32768 32768 32768 32768 32768 32768 32768 32768 32768 32768 32768 32768 32768 32768 32768 32768 32768 32768 32768 32768 32768 32768 32768 32768 32768 32768 32768 32768 32768 32768 32768 32768 32768 32768 320 320 32768 32768 32768 32768 32768 32768 32768 32768 32768 32768 32768 32768 32768 32768 32768 32768 32768 32768 32768 32768 32768 32768 32768 32768 32768 4416 4416 4416 4416 320 320 320 32768 32768 32768 32768 32768 32768 32768 32768 320 32768 32768 32768 32768 32768 32768 32768 32768 32768 32768 32768 32768 32768 32768 32768 32768 32768 32768 32768 32768 32768 32768 32768 32768 32768 32768 32768 32768 32768 32768 32768 32768 32768 32768 32768 32768 32768 32768 32768 32768 32768 32768 32768 32768 32768 32768
32768 32768 32768 32768 32768 32768 32768 32768 32768 32768 32768 32768 32768 32768 32768 32768 32768 32768 32768 32768 32768 32768 32768 32768 32768 32768 32768 320 320 320 320 320 344 344 344 32768 32768 32768 32768 32768 32768 32768 32768 32768 32768 32768 32768 32768 32768 32768 32768 32768 32768 32768 32768 32768 32768 32768 32768 32768 32768 32768 32768 32768 32768 32768 32768 32768 32768 32768 32768 32768 32768 32768 32768 32768 32768 32768 32768 32768 32768 32768 32768 32768 32768 32768 32768 32768 32768 32768 32768 32768 32768 32768 32768 32768 32768 32768 32768 32768 32768 32768 32768 32768 32768 32768 32768 32768 32768 320 320 320 320 320 32768 32768 32768 32768 32768 32768 32768 32768 32768 32768 32768 32768 32768 32768 32768 32768 32768 32768 32768 32768 32768 32768 32768 4416 4416 4416 4416 320 320 320 320 320 32768 32768 32768 32768 32768 32768 32768 32768 32768 32768 32768 32768 32768 32768 32768 32768 32768 32768 32768 32768 32768 32768 32768 32768 32768 32768 32768 32768 32768 32768 32768 32768 32768 32768 32768 32768 32768 32768 32768 32768 32768 32768 32768 32768 32768 32768 32768 32768 32768 32768 32768 32768 32768 32768
32768 32768 32768 32768 32768 32768 32768 32768 32768 32768 32768 32768 32768 32768 32768 32768 32768 32768 32768 32768 32768 32768 32768 32768 32768 32768 32768 32768 320 320 320 320 320 344 320 32768 32768 32768 32768 32768 32768 32768 32768 32768 32768 32768 32768 32768 32768 32768 32768 32768 32768 32768 32768 32768 32768 32768 32768 32768 32768 32768 32768 32768 32768 32768 32768 32768 32768 32768 32768 32768 32768 32768 32768 32768 32768 32768 32768 32768 32768 32768 32768 32768 32768 32768 32768 32768 32768 32768 32768 32768 32768 32768 32768 32768 32768 32768 32768 32768 32768 32768 32768 32768 32768 32768 32768 32768 320 320 4416 4416 4416 32768 32768 32768 32768 32768 32768 32768 32768 32768 32768 32768 32768 32768 32768 32768 32768 32768 32768 32768 32768 32768 32768 32768 32768 4416 4416 4416 320 320 320 320 320 320 320 32768 32768 32768 32768 32768 32768 32768 32768 32768 32768 32768 32768 32768 32768 32768 32768 32768 32768 32768 32768 32768 32768 32768 32768 32768 32768 32768 32768 32768 32768 32768 32768 32768 32768 32768 32768 32768 32768 32768 32768 32768 32768 32768 32768 32768 32768 32768 32768 32768 32768 32768 32768 32768
32768 32768 32768 32768 32768 32768 32768 32768 32768 32768 32768 32768 32768 32768 32768 32768 32768 32768 32768 32768 320 320 32768 32768 32768 32768 32768 32768 320 320 320 320 320 320 32768 32768 32768 32768 32768 32768 32768 32768 32768 32768 32768 32768 32768 32768 32768 32768 32768 32768 32768 32768 32768 32768 32768 32768 32768 32768 32768 32768 32768 32768 32768 32768 32768 32768 32768 32768 32768 32768 32768 32768 32768 32768 32768 32768 32768 32768 32768 32768 32768 32768 32768 32768 32768 32768 32768 32768 32768 32768 32768 32768 32768 32768 32768 32768 32768 32768 32768 32768 32768 32768 32768 32768 32768 320 320 320 4416 4416 4416 320 320 32768 32768 32768 32768 32768 32768 32768 32768 32768 32768 32768 32768 32768 32768 32768 32768 32768 32768 32768 32768 32768 320 4416 4416 4416 320 320 320 320 320 320 320 320 32768 32768 32768 32768 32768 32768 32768 32768 32768 32768 32768 32768 32768 32768 32768 32768 32768 32768 32768 32768 32768 32768 32768 32768 32768 32768 32768 32768 32768 32768 32768 32768 32768 32768 32768 32768 32768 32768 32768 32768 32768 32768 32768 32768 32768 32768 32768 32768 32768 32768 32768 32768
32768 32768 32768 32768 32768 32768 32768 32768 32768 32768 32768 32768 32768 32768 32768 32768 32768 32768 32768 320 320 320 320 32768 32768 32768 32768 32768 32768 320 32768 320 32768 32768 32768 32768 32768 32768 32768 32768 32768 32768 32768 32768 32768 32768 32768 32768 32768 32768 32768 32768 32768 32768 32768 32768 32768 32768 32768 32768 32768 32768 32768 32768 32768 32768 32768 32768 32768 32768 32768 32768 32768 32768 32768 32768 32768 32768 32768 32768 32768 32768 32768 32768 32768 32768 32768 32768 32768 32768 32768 32768 32768 32768 32768 32768 32768 32768 32768 32768 32768 32768 32768 32768 32768 32768 320 320 320 320 4416 4416 4416 4416 320 320 32768 32768 32768 32768 32768 32768 32768 32768 32768 32768 32768 32768 32768 32768 32768 32768 32768 32768 32768 320 320 320 320 320 320 320 320 320 320 320 320 32768 32768 32768 32768 32768 32768 32768 32768 32768 320 32768 32768 32768 32768 32768 32768 32768 32768 32768 32768 32768 32768 32768 32768 32768 32768 32768 32768 32768 32768 32768 32768 32768 32768 32768 32768 32768 32768 32768 32768 32768 32768 32768 32768 32768 32768 32768 32768 32768 32768 32768 32768 32768
32768 32768 32768 32768 32768 32768 32768 32768 32768 32768 32768 32768 32768 32768 32768 32768 32768 32768 32768 32768 320 320 320 320 32768 32768 32768 32768 32768 32768 32768 32768 32768 32768 32768 32768 32768 32768 32768 32768 32768 32768 32768 32768 32768 32768 32768 32768 32768 32768 32768 32768 32768 32768 32768 32768 32768 32768 32768 32768 32768 32768 32768 32768 32768 32768 32768 32768 32768 32768 32768 32768 32768 32768 32768 32768 32768 32768 32768 32768 32768 32768 32768 32768 32768 32768 32768 32768 32768 32768 32768 32768 32768 32768 32768 32768 32768 32768 32768 32768 32768 32768 32768 32768 32768 32768 32768 320 320 320 4416 4416 4416 4416 320 320 32768 32768 32768 32768 32768 32768 32768 32768 32768 32768 32768 32768 32768 32768 32768 32768 32768 32768 320 320 320 320 320 320 320 32768 320 320 320 320 32768 32768 32768 32768 32768 32768 32768 32768 32768 320 320 320 32768 32768 32768 32768 32768 32768 32768 32768 32768 32768 32768 32768 32768 32768 32768 32768 32768 32768 32768 32768 32768 32768 32768 32768 32768 32768 32768 32768 32768 32768 32768 32768 32768 32768 32768 32768 32768 32768 32768 32768 32768 32768
32768 32768 32768 32768 32768 32768 32768 32768 32768 32768 32768 32768 32768 32768 32768 32768 32768 32768 32768 32768 320 320 320 32768 32768 32768 32768 32768 32768 32768 32768 32768 32768 32768 32768 32768 32768 32768 32768 32768 32768 32768 32768 32768 32768 32768 32768 32768 32768 32768 32768 32768 32768 32768 32768 32768 32768 32768 32768 32768 32768 32768 32768 32768 32768 32768 32768 32768 32768 32768 32768 32768 32768 32768 32768 32768 32768 32768 32768 32768 32768 32768 32768 32768 32768 32768 32768 32768 32768 32768 32768 32768 32768 32768 32768 32768 32768 32768 32768 32768 32768 32768 32768 32768 32768 32768 32768 32768 320 320 320 4416 4416 4416 320 32768 32768 32768 32768 32768 32768 32768 32768 32768 32768 32768 32768 32768 32768 32768 32768 32768 32768 32768 32768 320 320 32768 320 320 320 32768 32768 32768 320 32768 32768 32768 32768 32768 32768 32768 32768 32768 32768 320 320 320 320 320 32768 32768 32768 32768 32768 32768 32768 32768 32768 32768 32768 32768 32768 32768 32768 32768 32768 32768 32768 32768 32768 32768 32768 32768 32768 32768 32768 32768 32768 32768 32768 32768 32768 32768 32768 32768 32768 32768 32768 32768
32768 32768 32768 32768 32768 32768 32768 32768 32768 32768 32768 32768 32768 32768 32768 32768 32768 32768 32768 32768 320 320 320 32768 32768 32768 32768 32768 32768 32768 32768 32768 32768 32768 32768 32768 32768 32768 32768 32768 32768 32768 32768 32768 32768 32768 32768 32768 32768 32768 32768 32768 32768 32768 32768 32768 32768 32768 32768 32768 32768 32768 32768 32768 32768 32768 32768 32768 32768 32768 32768 32768 32768 32768 32768 32768 32768 32768 32768 32768 32768 32768 32768 32768 32768 32768 32768 32768 32768 32768 32768 32768 32768 32768 32768 32768 32768 32768 32768 32768 32768 32768 32768 32768 32768 32768 32768 320 320 320 320 4416 320 320 32768 32768 32768 32768 32768 32768 32768 32768 32768 32768 32768 32768 32768 32768 32768 32768 32768 32768 32768 32768 32768 32768 32768 32768 32768 320 32768 32768 32768 32768 32768 32768 32768 32768 32768 32768 32768 32768 32768 32768 32768 320 320 320 320 320 32768 32768 32768 32768 32768 32768 32768 32768 32768 32768 32768 32768 32768 32768 32768 32768 32768 32768 32768 32768 32768 32768 32768 32768 32768 32768 32768 32768 32768 32768 32768 32768 32768 32768 32768 32768 32768 32768 32768 32768
32768 32768 32768 32768 32768 32768 32768 32768 32768 32768 32768 32768 32768 32768 32768 32768 32768 32768 32768 32768 32768 320 32768 32768 32768 32768 32768 32768 32768 32768 32768 32768 32768 32768 32768 32768 32768 32768 32768 32768 32768 32768 32768 32768 32768 32768 32768 32768 32768 32768 32768 32768 32768 32768 32768 32768 32768 32768 32768 32768 32768 32768 32768 32768 32768 32768 32768 32768 32768 32768 32768 32768 32768 32768 32768 32768 32768 32768 32768 32768 32768 32768 32768 32768 32768 32768 32768 32768 32768 32768 32768 32768 32768 32768 32768 32768 32768 32768 32768 32768 32768 32768 32768 32768 32768 32768 32768 32768 320 320 4416 320 320 320 32768 32768 32768 32768 32768 32768 32768 32768 32768 32768 32768 32768 32768 32768 32768 32768 32768 32768 32768 32768 32768 32768 32768 32768 32768 32768 32768 32768 32768 32768 32768 32768 32768 32768 32768 32768 32768 32768 32768 32768 32768 320 320 320 320 320 32768 32768 32768 32768 32768 32768 32768 32768 32768 32768 32768 32768 32768 32768 32768 32768 32768 32768 32768 32768 32768 32768 32768 32768 32768 32768 32768 32768 32768 32768 32768 32768 32768 32768 32768 32768 32768 32768 32768 32768
