32768 32768 32768 32768 32768 32768 32768 32768 32768 32768 32768 32768 32768 32768 32768 32768 32768 32768 32768 32768 32768 32768 32768 32768 32768 32768 32768 32768 32768 32768 32768 32768 32768 32768 32768 32768 32768 32768 32768 32768 32768 32768 8528 320 320 320 320 32768 32768 32768 32768 32768 32768 32768 32768 32768 32768 32768 32768 32768 32768 32768 32768 32768 32768 32768 32768 32768 32768 32768 32768 32768 32768 32768 32768 32768 32768 32768 32768 32768 32768 32768 32768 32768 32768 32768 32768 32768 32768 32768 32768 32768 32768 32768 32768 32768 32768 32768 32768 32768 32768 32768 32768 32768 32768 32768 32768 32768 32768 32768 32768 32768 32768 32768 32768 32768 32768 32768 32768 32768 32768 32768 32768 32768 32768 32768 32768 32768 32768 32768 32768 32768 32768 32768 32768 32768 32768 32768 32768 32768 32768 32768 32768 32768 32768 32768 32768 32768 32768 32768 32768 32768 32768 32768 32768 32768 32768 32768 32768 32768 32768 32768 32768 32768 32768 32768 32768 32768 32768 32768 32768 32768 32768 32768 32768 32768 32768 32768 32768 32768 32768 32768 32768 32768 32768 32768 32768 32768 32768 32768 32768 32768 32768 32768 32768 32768 32768 32768 32768 32768
32768 32768 32768 32768 32768 32768 32768 32768 32768 32768 32768 32768 32768 32768 32768 32768 32768 32768 32768 32768 32768 32768 32768 32768 32768 32768 32768 32768 32768 32768 32768 32768 32768 32768 32768 32768 32768 32768 32768 32768 32768 32768 320 336 320 344 344 320 32768 32768 32768 32768 32768 32768 32768 32768 32768 32768 32768 32768 32768 32768 32768 32768 32768 32768 32768 32768 32768 32768 32768 32768 32768 32768 32768 32768 32768 32768 32768 32768 32768 32768 32768 32768 32768 32768 32768 32768 32768 32768 32768 32768 32768 32768 32768 32768 32768 32768 32768 32768 32768 32768 32768 32768 32768 32768 320 320 32768 32768 32768 32768 32768 32768 32768 32768 32768 32768 32768 32768 32768 32768 32768 32768 32768 32768 32768 32768 32768 32768 32768 32768 32768 32768 32768 32768 32768 32768 32768 32768 32768 32768 32768 32768 32768 32768 32768 32768 32768 32768 32768 32768 32768 32768 32768 32768 32768 32768 32768 32768 32768 32768 32768 32768 32768 32768 32768 32768 32768 32768 32768 32768 32768 32768 32768 32768 32768 32768 32768 32768 32768 32768 32768 32768 32768 32768 32768 32768 32768 32768 32768 32768 32768 32768 32768 32768 32768 32768 32768 32768
32768 32768 32768 32768 32768 32768 32768 32768 32768 32768 32768 32768 32768 32768 32768 32768 32768 32768 32768 32768 32768 32768 32768 32768 32768 32768 32768 32768 32768 32768 32768 32768 32768 32768 32768 32768 32768 32768 32768 32768 32768 32768 32768 336 344 344 328 344 32768 32768 32768 32768 32768 32768 32768 32768 32768 32768 32768 32768 32768 32768 32768 32768 32768 32768 32768 32768 32768 32768 32768 32768 32768 32768 32768 32768 32768 32768 32768 32768 32768 32768 32768 32768 32768 32768 32768 32768 32768 32768 32768 32768 32768 32768 32768 32768 32768 32768 32768 32768 32768 32768 32768 32768 32768 320 320 320 32768 32768 32768 32768 32768 32768 32768 32768 32768 32768 32768 32768 32768 32768 32768 32768 32768 32768 32768 32768 32768 32768 32768 32768 32768 32768 32768 32768 32768 32768 32768 32768 32768 32768 32768 32768 32768 32768 32768 32768 32768 32768 32768 32768 32768 32768 32768 32768 32768 32768 32768 32768 32768 32768 32768 32768 32768 32768 32768 32768 32768 32768 32768 32768 32768 32768 32768 32768 32768 32768 32768 32768 32768 32768 32768 32768 32768 32768 32768 32768 32768 32768 32768 32768 32768 32768 32768 32768 32768 32768 32768 32768
32768 32768 32768 32768 32768 32768 32768 32768 32768 32768 32768 32768 32768 32768 32768 32768 32768 32768 32768 32768 32768 32768 32768 32768 32768 32768 32768 32768 32768 32768 32768 32768 32768 32768 32768 32768 32768 32768 32768 32768 32768 32768 32768 32768 336 344 344 32768 32768 32768 32768 32768 32768 32768 32768 32768 32768 32768 32768 32768 32768 32768 32768 32768 32768 32768 32768 32768 32768 32768 32768 32768 32768 32768 32768 32768 32768 32768 32768 32768 32768 32768 32768 32768 32768 32768 32768 32768 32768 32768 32768 32768 32768 32768 32768 32768 32768 32768 32768 32768 32768 32768 32768 32768 32768 320 320 320 320 32768 32768 32768 32768 32768 32768 32768 32768 32768 32768 32768 32768 32768 32768 32768 32768 32768 32768 32768 32768 32768 32768 32768 32768 32768 32768 32768 32768 32768 32768 32768 32768 32768 32768 32768 32768 32768 32768 32768 32768 32768 32768 32768 32768 32768 32768 32768 32768 32768 32768 32768 32768 32768 32768 32768 32768 32768 32768 32768 32768 32768 32768 32768 32768 32768 32768 32768 32768 32768 32768 32768 32768 32768 32768 32768 32768 32768 32768 32768 32768 32768 32768 32768 32768 32768 32768 32768 32768 32768 32768 32768
32768 32768 32768 32768 32768 32768 32768 32768 32768 32768 32768 32768 32768 32768 32768 32768 32768 32768 32768 32768 32768 32768 32768 32768 32768 32768 32768 32768 32768 32768 32768 32768 32768 32768 32768 32768 32768 32768 32768 32768 32768 32768 32768 32768 32784 32768 32768 32784 32768 32768 32768 32768 32768 32768 32768 32768 32768 32768 32768 32768 32768 32768 32768 32768 32768 32768 32768 32768 32768 32768 32768 32768 32768 32768 32768 32768 320 32768 32768 32768 32768 32768 32768 32768 32768 32768 32768 32768 32768 32768 32768 32768 32768 32768 32768 32768 32768 32768 32768 32768 32768 32768 32768 32768 32768 320 320 320 320 32768 32768 32768 32768 32768 32768 32768 32768 32768 32768 32768 32768 32768 32768 32768 32768 32768 32768 32768 32768 32768 32768 32768 32768 32768 32768 32768 32768 32768 32768 32768 32768 32768 32768 32768 32768 32768 32768 32768 32768 32768 32768 32768 32768 32768 32768 32768 32768 32768 32768 32768 32768 32768 32768 32768 32768 32768 32768 32768 32768 32768 32768 32768 32768 32768 32768 32768 32768 32768 32768 32768 32768 32768 32768 32768 32768 32768 32768 32768 32768 32768 32768 32768 32768 32768 32768 32768 32768 32768 32768 32768
32768 32768 32768 32768 32768 32768 32768 32768 32768 32768 32768 32768 32768 32768 32768 32768 32768 32768 32768 32768 32768 32768 32768 32768 32768 32768 32768 32768 32768 32768 32768 32768 32768 32768 32768 32768 32768 32768 32768 32768 32768 32768 32768 32768 32768 32784 32768 32768 32784 32768 32768 32768 32768 32768 32768 32768 32768 32768 32768 32768 32768 32768 32768 32768 32768 32768 32768 32768 32768 32768 32768 32768 32768 32768 32768 320 320 320 320 32768 32768 32768 32768 32768 32768 32768 32768 32768 32768 32768 32768 32768 32768 32768 32768 32768 32768 32768 32768 32768 32768 32768 32768 32768 32768 32768 320 320 32768 32768 32768 32768 32768 32768 32768 32768 32768 32768 320 320 320 320 32768 32768 32768 32768 32768 32768 32768 32768 32768 32768 32768 32768 32768 32768 32768 32768 32768 32768 32768 32768 32768 32768 32768 32768 32768 32768 32768 32768 32768 32768 32768 32768 32768 320 320 320 320 32768 32768 32768 32768 32768 32768 32768 32768 32768 32768 32768 32768 32768 32768 32768 32768 32768 32768 32768 32768 32768 32768 32768 32768 32768 32768 32768 32768 32768 32768 32768 32768 32768 32768 32768 32768 32768 32768 32768 32768 32768
32768 32768 32768 32768 32768 32768 32768 32768 32768 32768 32768 32768 32768 32768 32768 32768 32768 32768 32768 32768 32768 32768 32768 32768 32768 32768 32768 32768 32768 32768 32768 32768 32768 32768 32768 32768 32768 32768 32768 32768 32768 32768 32768 32768 32768 32784 32768 32768 32784 32768 32768 32768 32768 32768 32768 32768 32768 32768 32768 32768 32768 32768 32768 32768 32768 32768 32768 32768 32768 32768 32768 32768 32768 32768 32768 320 320 320 320 320 32768 32768 32768 32768 32768 32768 32768 32768 32768 32768 32768 32768 32768 32768 32768 32768 32768 32768 32768 32768 32768 32768 32768 32768 32768 32768 32768 32768 32768 32768 32768 32768 32768 32768 32768 32768 32768 320 320 320 320 320 320 32768 32768 32768 32768 32768 32768 32768 32768 32768 32768 32768 32768 32768 32768 32768 32768 32768 32768 32768 32768 32768 32768 32768 32768 32768 32768 32768 32768 32768 32768 32768 320 320 320 320 320 32768 32768 32768 32768 32768 32768 32768 32768 32768 32768 32768 32768 32768 32768 32768 32768 32768 32768 32768 32768 32768 32768 32768 32768 32768 32768 32768 32768 32768 32768 32768 32768 32768 32768 32768 32768 32768 32768 32768 32768 32768
32768 32768 32768 32768 32768 32768 32768 32768 32768 32768 32768 32768 32768 32768 32768 32768 32768 32768 32768 32768 32768 32768 32768 32768 32768 32768 32768 32768 32768 32768 32768 32768 32768 32768 32768 32768 32768 32768 32768 32768 32768 32768 32768 32768 32768 32768 32784 32768 32768 32784 32768 32768 32768 32768 32768 32768 32768 32768 32768 32768 32768 32768 32768 32768 32768 32768 32768 32768 32768 32768 4416 32768 32768 32768 32768 32768 320 320 320 320 32768 32768 32768 32768 32768 32768 32768 32768 32768 32768 32768 32768 32768 32768 32768 32768 32768 32768 32768 32768 32768 32768 32768 32768 32768 32768 32768 32768 32768 32768 32768 32768 32768 32768 32768 32768 320 320 320 320 320 320 32768 32768 32768 32768 32768 32768 32768 32768 32768 32768 32768 32768 32768 32768 32768 32768 32768 32768 32768 32768 32768 32768 32768 32768 32768 32768 32768 32768 32768 32768 32768 32768 320 320 320 320 32768 32768 32768 32768 32768 32768 32768 32768 32768 32768 32768 32768 32768 32768 32768 32768 32768 32768 32768 32768 32768 32768 32768 32768 32768 32768 32768 32768 32768 32768 32768 32768 32768 32768 32768 32768 32768 32768 32768 32768 32768 32768
32768 32768 32768 32768 32768 32768 32768 32768 32768 32768 32768 32768 32768 32768 32768 32768 32768 32768 32768 32768 32768 32768 32768 32768 32768 32768 32768 32768 32768 32768 32768 32768 32768 32768 32768 32768 32768 32768 32768 32768 32768 32768 32768 32768 32768 32768 32784 32768 32768 32768 32784 32768 32768 32768 32768 32768 32768 32768 32768 32768 32768 32768 32768 32768 32768 32768 32768 32768 32768 4416 4416 32768 32768 32768 32768 32768 32768 320 320 32768 32768 32768 32768 32768 32768 32768 32768 32768 32768 32768 32768 32768 32768 32768 32768 32768 32768 32768 32768 32768 32768 32768 32768 32768 32768 32768 32768 32768 32768 32768 32768 32768 32768 32768 32768 320 320 320 320 320 320 320 32768 32768 32768 32768 320 32768 32768 32768 32768 32768 32768 32768 32768 32768 32768 32768 32768 32768 32768 32768 32768 32768 32768 32768 32768 32768 32768 32768 32768 32768 32768 32768 32768 320 320 32768 32768 32768 32768 32768 32768 32768 32768 32768 32768 32768 32768 32768 32768 32768 32768 32768 32768 32768 32768 32768 32768 32768 32768 32768 32768 32768 32768 32768 32768 32768 32768 32768 32768 32768 32768 32768 32768 32768 32768 32768 32768 32768
32768 32768 32768 32768 32768 32768 32768 32768 32768 32768 32768 32768 32768 32768 32768 32768 32768 32768 32768 32768 32768 32768 32768 32768 32768 32768 32768 32768 32768 32768 32768 32768 32768 32768 32768 32768 32768 32768 32768 32768 32768 32768 32768 32768 32768 32768 32768 32784 32768 32768 32768 32784 32768 32768 32768 32768 32768 32768 32768 32768 32768 32768 32768 32768 32768 32768 32768 32768 32768 4416 4416 4416 32768 32768 32768 32768 32768 32768 32768 32768 32768 32768 32768 32768 320 32768 32768 32768 32768 32768 32768 32768 32768 32768 32768 32768 32768 32768 32768 32768 32768 32768 32768 32768 32768 32768 32768 32768 32768 32768 32768 32768 32768 32768 320 320 320 320 320 320 320 320 320 32768 32768 320 320 320 320 320 32768 32768 32768 32768 32768 32768 32768 32768 32768 32768 32768 32768 32768 32768 32768 32768 32768 32768 32768 32768 32768 32768 32768 32768 32768 32768 32768 32768 32768 32768 32768 32768 320 32768 32768 32768 32768 32768 32768 32768 32768 32768 32768 32768 32768 32768 32768 32768 32768 32768 32768 32768 32768 32768 32768 32768 32768 32768 32768 32768 32768 32768 32768 32768 32768 32768 32768 32768 32768 32768
32768 32768 32768 32768 32768 32768 32768 32768 32768 32768 32768 32768 32768 32768 32768 32768 32768 32768 32768 32768 32768 32768 32768 32768 32768 32768 32768 32768 32768 32768 32768 32768 32768 32768 32768 32768 32768 32768 32768 32768 32768 32768 32768 32768 32768 32768 32768 32784 32768 32768 32768 32784 32768 32768 32768 32768 32768 32768 32768 32768 32768 32768 32768 32768 32768 32768 32768 32768 32768 4416 4416 4416 4416 32768 32768 32768 32768 32768 32768 32768 32768 32768 32768 320 320 320 32768 32768 32768 32768 32768 32768 32768 32768 32768 32768 32768 32768 32768 32768 32768 32768 32768 32768 32768 32768 32768 32768 32768 32768 32768 32768 32768 320 320 320 320 320 320 320 320 320 320 320 320 320 320 320 320 320 32768 32768 32768 32768 32768 32768 32768 32768 32768 32768 32768 32768 32768 32768 32768 32768 32768 32768 32768 32768 32768 32768 32768 32768 32768 32768 32768 32768 32768 32768 32768 320 320 320 32768 32768 32768 32768 32768 32768 32768 32768 32768 32768 32768 32768 32768 32768 32768 32768 32768 32768 32768 32768 32768 32768 32768 32768 32768 32768 32768 32768 32768 32768 32768 32768 32768 32768 32768 32768
32768 32768 32768 32768 32768 32768 32768 32768 32768 32768 32768 32768 32768 32768 32768 32768 32768 32768 32768 32768 32768 32768 32768 32768 32768 32768 32768 32768 32768 32768 32768 32768 32768 32768 32768 32768 32768 32768 32768 32768 32768 32768 32768 32768 32768 32768 32768 32768 32784 32768 32768 32768 32784 32768 32768 32768 32768 32768 32768 32768 32768 32768 32768 32768 32768 32768 32768 32768 32768 32768 4416 4416 4416 4416 32768 32768 32768 32768 32768 32768 32768 32768 320 320 320 320 320 32768 32768 32768 32768 32768 32768 32768 32768 32768 32768 32768 32768 32768 32768 32768 32768 32768 32768 32768 32768 32768 32768 32768 32768 32768 32768 320 320 320 320 320 320 320 320 320 320 320 320 320 320 320 320 32768 32768 32768 32768 32768 32768 32768 32768 32768 32768 32768 32768 32768 32768 32768 32768 32768 32768 32768 32768 32768 32768 32768 32768 32768 32768 32768 32768 32768 32768 32768 320 320 320 320 32768 32768 32768 32768 32768 32768 32768 32768 32768 32768 32768 32768 32768 32768 32768 32768 32768 32768 32768 32768 32768 32768 32768 32768 32768 32768 32768 32768 32768 32768 32768 32768 32768 32768 32768 32768
32768 32768 32768 32768 32768 32768 32768 32768 32768 32768 32768 32768 32768 32768 32768 32768 32768 32768 32768 32768 32768 32768 32768 32768 32768 32768 32768 32768 32768 32768 32768 32768 32768 32768 32768 32768 32768 32768 32768 32768 32768 32768 32768 32768 32768 32768 32768 32768 32784 32768 32768 32768 32768 32784 32768 32768 32768 32768 32768 32768 32768 32768 32768 32768 32768 32768 32768 32768 32768 32768 320 4416 4416 4416 4416 32768 32768 32768 32768 32768 32768 320 320 320 320 320 320 320 32768 32768 32768 32768 32768 32768 32768 32768 32768 32768 32768 32768 32768 32768 32768 32768 32768 32768 32768 32768 32768 32768 32768 32768 32768 32768 320 320 320 320 320 320 320 320 320 320 320 320 320 320 320 32768 32768 32768 32768 32768 32768 32768 32768 32768 32768 32768 32768 32768 32768 32768 32768 32768 32768 32768 32768 32768 32768 32768 32768 32768 32768 32768 32768 32768 32768 32768 320 320 320 320 32768 32768 32768 32768 32768 32768 32768 32768 32768 32768 32768 32768 32768 32768 32768 32768 32768 32768 32768 32768 32768 32768 32768 32768 32768 32768 32768 32768 32768 32768 32768 32768 32768 32768 32768 32768
32768 32768 32768 32768 32768 32768 32768 32768 32768 32768 32768 32768 32768 32768 32768 32768 32768 32768 32768 32768 32768 32768 32768 32768 32768 32768 32768 32768 32768 32768 32768 32768 32768 32768 32768 32768 32768 32768 32768 32768 32768 32768 32768 32768 32768 32768 32768 32768 32768 32784 32768 32768 32768 32768 32784 32768 320 32768 32768 32768 32768 32768 32768 32768 32768 32768 32768 32768 320 320 320 320 4416 4416 4416 320 32768 32768 32768 32768 320 320 320 320 320 320 320 320 320 320 32768 32768 32768 32768 32768 32768 32768 32768 32768 32768 32768 32768 32768 32768 32768 32768 32768 32768 32768 32768 32768 32768 32768 32768 32768 320 320 320 320 320 320 320 320 320 320 320 320 320 32768 32768 32768 32768 32768 32768 32768 32768 32768 32768 32768 32768 32768 32768 32768 32768 32768 32768 32768 32768 32768 32768 32768 32768 32768 32768 32768 32768 32768 320 320 320 320 320 320 320 320 32768 320 320 32768 32768 32768 32768 32768 32768 32768 32768 32768 32768 32768 32768 32768 32768 32768 32768 32768 32768 32768 32768 32768 32768 32768 32768 32768 32768 32768 32768 32768 32768 32768 32768
32768 32768 32768 32768 32768 32768 32768 32768 32768 32768 32768 32768 32768 32768 32768 32768 32768 32768 32768 32768 32768 32768 32768 32768 32768 32768 32768 32768 32768 32768 32768 32768 32768 32768 32768 32768 32768 32768 32768 32768 32768 32768 32768 32768 32768 32768 32768 32768 32768 32784 32768 32768 32768 32768 32784 320 320 320 32768 32768 32768 32768 320 32768 32768 32768 32768 320 320 320 320 320 320 320 320 320 32768 32768 32768 32768 320 320 320 320 320 320 320 320 32768 32768 32768 32768 32768 32768 32768 32768 32768 32768 32768 32768 32768 32768 32768 32768 32768 32768 32768 32768 32768 32768 32768 32768 32768 32768 32768 320 320 320 320 320 320 320 320 320 320 32768 32768 32768 32768 32768 32768 32768 32768 32768 32768 32768 32768 32768 32768 32768 32768 32768 32768 32768 32768 32768 32768 32768 32768 32768 32768 32768 32768 32768 32768 32768 320 320 320 320 320 320 344 320 320 320 320 320 320 32768 32768 32768 32768 32768 32768 32768 32768 32768 32768 32768 32768 32768 32768 32768 32768 32768 32768 32768 32768 32768 32768 32768 32768 32768 32768 32768 32768 32768 32768 32768
32768 32768 32768 32768 32768 32768 32768 32768 32768 32768 32768 32768 32768 32768 32768 32768 32768 32768 32768 32768 32768 32768 32768 32768 32768 32768 32768 32768 32768 32768 32768 32768 32768 32768 32768 32768 32768 32768 32768 32768 32768 32768 32768 32768 32768 32768 32768 32768 32768 32768 32784 32768 32768 32768 32768 336 320 320 320 32768 320 320 320 32768 32768 32768 32768 32768 320 320 320 320 320 320 320 320 32768 32768 32768 32768 320 320 320 320 320 320 320 32768 32768 32768 32768 32768 32768 32768 32768 32768 32768 32768 32768 32768 32768 32768 32768 32768 32768 32768 32768 32768 32768 32768 32768 32768 32768 32768 32768 320 320 32768 32768 32768 32768 32768 32768 32768 32768 32768 32768 32768 32768 32768 32768 32768 32768 32768 32768 32768 32768 32768 32768 32768 32768 32768 32768 32768 32768 32768 32768 32768 32768 32768 32768 32768 32768 32768 32768 32768 32768 320 320 320 320 344 344 320 320 320 320 320 320 320 320 320 32768 32768 32768 32768 32768 32768 32768 32768 32768 32768 32768 32768 32768 32768 32768 32768 32768 32768 32768 32768 32768 32768 32768 32768 32768 32768 32768 32768
32768 32768 32768 32768 32768 32768 32768 32768 32768 32768 32768 32768 32768 32768 32768 32768 32768 32768 32768 32768 32768 32768 32768 32768 32768 32768 32768 32768 32768 32768 32768 32768 32768 32768 32768 32768 32768 32768 32768 32768 32768 32768 32768 32768 32768 32768 32768 32768 32768 32768 32784 32768 32768 32768 4416 4416 20816 320 320 320 320 320 320 32768 32768 32768 32768 32768 32768 32768 320 320 320 320 32768 32768 32768 32768 32768 32768 320 320 320 320 320 320 320 32768 32768 32768 32768 32768 32768 32768 32768 32768 32768 32768 32768 32768 32768 32768 32768 32768 32768 32768 32768 32768 32768 32768 32768 32768 32768 32768 32768 32768 32768 32768 32768 32768 32768 32768 32768 32768 32768 32768 32768 32768 32768 32768 32768 32768 32768 32768 32768 32768 32768 32768 32768 32768 32768 32768 32768 32768 32768 32768 32768 32768 32768 32768 32768 32768 32768 32768 32768 32768 32768 32768 32768 8528 344 344 328 344 320 320 320 320 320 320 320 320 320 320 32768 32768 32768 32768 32768 32768 32768 32768 32768 32768 32768 32768 32768 32768 32768 32768 32768 32768 32768 32768 32768 32768 32768 32768 32768 32768
32768 32768 32768 32768 32768 32768 32768 32768 32768 32768 32768 32768 32768 32768 32768 32768 32768 32768 32768 32768 32768 32768 32768 32768 32768 32768 32768 32768 32768 32768 32768 32768 32768 32768 32768 32768 32768 32768 32768 32768 32768 32768 32768 32768 32768 32768 32768 32768 32768 32768 32768 32784 32768 4416 4416 4416 4416 20816 320 320 320 320 320 320 32768 32768 32768 32768 32768 32768 32768 320 32768 32768 32768 32768 32768 32768 32768 32768 320 320 32768 320 320 320 320 320 32768 32768 32768 32768 32768 32768 32768 32768 32768 32768 32768 32768 32768 32768 32768 32768 32768 32768 32768 32768 32768 32768 32768 32768 32768 32768 32768 32768 32768 32768 32768 32768 32768 32768 32768 32768 32768 32768 32768 32768 32768 32768 32768 32768 192 32768 32768 32768 32768 32768 32768 32768 32768 32768 32768 32768 32768 32768 32768 32768 32768 32768 32768 32768 32768 32768 32768 32768 32768 32768 336 320 320 344 344 320 320 320 320 320 320 320 320 320 320 320 320 32768 32768 32768 32768 32768 32768 32768 32768 32768 32768 32768 32768 32768 32768 32768 32768 32768 32768 32768 32768 32768 32768 32768 32768 32768
32768 32768 32768 32768 32768 32768 32768 32768 32768 32768 32768 32768 32768 32768 32768 32768 32768 32768 32768 32768 32768 32768 32768 32768 32768 32768 32768 32768 32768 32768 32768 32768 32768 32768 32768 32768 32768 32768 32768 32768 32768 32768 32768 32768 32768 32768 32768 32768 32768 32768 32768 32784 320 4416 4416 4416 4416 20816 4416 4416 320 320 320 320 320 32768 32768 32768 32768 32768 32768 32768 32768 32768 32768 32768 32768 32768 32768 32768 32768 32768 32768 32768 320 320 320 32768 32768 32768 32768 32768 32768 32768 32768 32768 32768 32768 32768 32768 32768 32768 32768 32768 32768 32768 32768 32768 32768 32768 32768 32768 32768 32768 32768 32768 32768 32768 32768 32768 32768 32768 32768 32768 32768 32768 32768 32768 32768 32768 32768 32768 32768 640 640 640 32768 640 640 32768 32768 32768 32768 32768 32768 32768 32768 32768 32768 32768 32768 32768 32768 32768 32768 32768 32768 336 320 320 320 320 336 320 320 320 320 320 320 320 320 320 320 320 32768 32768 32768 32768 32768 32768 32768 32768 32768 32768 32768 32768 32768 32768 32768 32768 32768 32768 32768 32768 32768 32768 32768 32768 32768 32768
32768 32768 32768 32768 32768 32768 32768 32768 32768 32768 32768 32768 32768 32768 32768 32768 32768 32768 32768 32768 32768 32768 32768 32768 32768 32768 32768 32768 32768 32768 32768 32768 32768 32768 32768 32768 32768 32768 32768 32768 32768 32768 32768 32768 32768 32768 32768 32768 32768 32768 32768 32768 32784 320 4416 4416 4416 4416 20816 4416 4416 4416 320 320 320 32768 32768 32768 32768 32768 32768 32768 32768 32768 32768 32768 32768 32768 32768 32768 32768 32768 32768 32768 32768 32768 32768 32768 32768 32768 32768 32768 32768 32768 32768 32768 32768 32768 32768 32768 32768 32768 32768 32768 32768 32768 32768 32768 32768 32768 32768 32768 32768 32768 32768 32768 32768 32768 32768 640 640 640 32768 640 640 640 32768 32768 32768 32768 32768 32768 32768 640 640 664 640 32768 640 640 32768 640 640 640 32768 1664 640 32768 640 32768 32768 640 32768 32768 32768 32768 32768 336 320 320 320 320 336 320 320 320 320 320 320 320 320 32768 32768 32768 32768 32768 32768 32768 32768 32768 32768 32768 32768 32768 32768 32768 32768 32768 32768 32768 32768 32768 32768 32768 32768 32768 32768 32768 32768 32768
32768 32768 32768 32768 32768 32768 32768 32768 32768 32768 32768 32768 32768 32768 32768 32768 32768 32768 32768 32768 32768 32768 32768 32768 32768 32768 32768 32768 32768 32768 32768 32768 32768 32768 32768 32768 32768 32768 32768 32768 32768 32768 32768 32768 32768 32768 32768 32768 32768 32768 32768 32768 32784 32768 320 320 4416 4416 4416 20816 4416 4416 320 320 320 320 32768 32768 32768 32768 32768 32768 32768 32768 32768 32768 32768 32768 32768 32768 32768 32768 32768 32768 32768 32768 32768 32768 32768 32768 32768 32768 32768 32768 32768 32768 32768 32768 32768 32768 32768 32768 32768 32768 32768 32768 32768 32768 32768 32768 32768 32768 32768 32768 32768 32768 32768 640 32768 32768 640 32768 640 640 640 640 640 640 640 32768 640 640 32768 32768 664 664 664 640 640 640 640 32768 640 640 1664 1664 1664 1664 1664 1664 1664 640 640 32768 32768 32768 32784 32768 320 320 320 320 336 320 320 320 320 320 320 320 32768 32768 32768 32768 32768 32768 32768 32768 32768 32768 32768 32768 32768 32768 32768 32768 32768 32768 32768 32768 32768 32768 32768 32768 32768 32768 32768 32768 32768 32768
32768 32768 32768 32768 32768 32768 32768 32768 32768 32768 32768 32768 32768 32768 32768 32768 32768 32768 32768 32768 32768 32768 32768 32768 32768 32768 32768 32768 32768 32768 32768 32768 32768 32768 32768 32768 32768 32768 32768 32768 32768 32768 32768 32768 32768 32768 32768 32768 32768 32768 32768 32768 32768 336 320 320 320 320 4416 4416 20816 4416 320 320 32768 32768 32768 32768 32768 32768 32768 32768 32768 32768 32768 32768 32768 32768 32768 32768 32768 32768 32768 32768 32768 32768 32768 32768 32768 32768 32768 32768 32768 32768 32768 32768 32768 32768 32768 32768 32768 32768 32768 32768 32768 32768 32768 32768 32768 32768 32768 32768 640 664 640 32768 4736 4736 4736 640 640 640 640 640 640 640 640 640 640 32768 32768 640 32768 32768 664 648 640 640 640 640 32768 32768 32768 32768 1664 1664 1664 1664 1664 1664 1664 1664 640 32768 32768 32784 32768 32768 32768 32768 320 32768 336 320 320 320 320 320 32768 32768 32768 32768 32768 32768 32768 32768 32768 32768 32768 32768 32768 32768 32768 32768 32768 32768 32768 32768 32768 32768 32768 32768 32768 32768 32768 32768 32768 32768 32768 32768
32768 32768 32768 32768 32768 32768 32768 32768 32768 32768 32768 32768 32768 32768 32768 32768 32768 32768 32768 32768 32768 32768 32768 32768 32768 32768 32768 32768 32768 32768 32768 32768 32768 32768 32768 32768 32768 32768 32768 32768 32768 32768 32768 32768 32768 32768 32768 32768 32768 32768 32768 32768 32768 32784 320 320 320 320 320 320 320 336 320 320 32768 32768 32768 32768 32768 32768 32768 32768 32768 32768 32768 32768 32768 32768 32768 32768 32768 32768 32768 32768 32768 32768 32768 32768 32768 32768 32768 32768 32768 32768 32768 32768 32768 32768 32768 32768 32768 32768 32768 32768 32768 32768 32768 32768 32768 32768 32768 32768 664 664 664 4736 4736 4736 4736 640 640 640 640 640 640 640 640 640 640 640 640 640 640 664 664 640 640 640 640 640 32768 32768 32768 32768 32768 1664 1664 1664 1664 1664 1664 640 640 32768 32784 32768 32768 32768 32768 32768 32768 32768 336 320 320 320 320 32768 32768 32768 32768 32768 32768 32768 32768 32768 32768 32768 32768 32768 32768 32768 32768 32768 32768 32768 32768 32768 32768 32768 32768 32768 32768 32768 32768 32768 32768 32768 32768 32768
32768 32768 32768 32768 32768 32768 32768 32768 32768 32768 32768 32768 32768 32768 32768 32768 32768 32768 32768 32768 32768 32768 32768 32768 32768 32768 32768 32768 32768 32768 32768 32768 32768 32768 32768 32768 32768 32768 32768 32768 32768 32768 32768 32768 32768 32768 32768 32768 32768 32768 32768 32768 32768 32768 336 320 320 320 320 320 320 336 320 320 32768 32768 32768 32768 32768 32768 32768 32768 32768 32768 32768 32768 32768 32768 32768 32768 32768 32768 32768 32768 32768 32768 32768 32768 32768 32768 32768 32768 32768 32768 32768 32768 32768 32768 32768 32768 32768 32768 32768 32768 32768 32768 32768 32768 32768 640 640 32768 664 648 21144 4736 4736 4736 4736 640 640 640 640 640 640 640 640 640 640 640 640 640 640 640 640 656 640 640 1664 1664 1664 32768 32768 1664 1664 1664 1664 1664 1664 1664 1664 640 640 640 32784 32768 32768 32768 32768 32768 32768 32768 32768 32784 32768 320 32768 32768 32768 32768 32768 32768 32768 32768 32768 32768 32768 32768 32768 32768 32768 32768 32768 32768 32768 32768 32768 32768 32768 32768 32768 32768 32768 32768 32768 32768 32768 32768 32768 32768
32768 32768 32768 32768 32768 32768 32768 32768 32768 32768 32768 32768 32768 32768 32768 32768 32768 32768 32768 32768 32768 32768 32768 32768 32768 32768 32768 32768 32768 32768 32768 32768 32768 32768 32768 32768 32768 32768 32768 32768 32768 32768 32768 32768 32768 32768 32768 32768 32768 32768 32768 32768 32768 32768 32784 320 320 320 320 320 320 32768 336 32768 32768 32768 32768 32768 32768 32768 32768 32768 32768 32768 32768 32768 32768 32768 32768 32768 32768 32768 32768 32768 32768 32768 32768 32768 32768 32768 32768 32768 32768 32768 32768 32768 32768 32768 32768 32768 32768 32768 32768 32768 32768 32768 1664 640 640 640 640 640 664 21144 21144 21136 4736 4736 640 640 640 640 660 640 640 640 640 640 640 640 640 640 640 640 640 640 656 1664 1664 1664 1664 1664 1664 1664 1664 1664 1664 1664 1664 1664 656 656 32784 32784 32768 32768 32768 32768 32768 32768 32768 32768 32768 32784 32768 32768 32768 32768 32768 32768 32768 32768 32768 32768 32768 32768 32768 32768 32768 32768 32768 32768 32768 32768 32768 32768 32768 32768 32768 32768 32768 32768 32768 32768 32768 32768 32768 32768 32768 32768
32768 32768 32768 32768 32768 32768 32768 32768 32768 32768 32768 32768 32768 32768 32768 32768 32768 32768 32768 32768 32768 32768 32768 32768 32768 32768 32768 32768 32768 32768 32768 32768 32768 32768 32768 32768 32768 32768 32768 32768 32768 32768 32768 32768 32768 32768 32768 32768 32768 32768 32768 32768 32768 32768 32768 32784 320 320 320 320 32768 32768 32768 32784 32768 32768 32768 32768 32768 32768 32768 32768 32768 32768 32768 32768 32768 32768 32768 32768 32768 32768 32768 32768 32768 32768 32768 32768 32768 32768 32768 32768 32768 32768 32768 32768 32768 32768 32768 32768 32768 32768 32768 32768 32768 32768 1664 1664 640 640 640 640 640 4736 4736 4736 21136 656 640 640 660 660 660 660 640 640 640 640 640 640 640 640 640 640 640 640 1680 1664 1688 1664 1664 1664 1664 1664 1664 1680 1680 1680 1680 1680 656 658 658 32784 32768 32768 32768 32768 32768 32768 32768 32768 32768 32784 32768 32768 32768 32768 32768 32768 32768 32768 32768 32768 32768 32768 32768 32768 32768 32768 32768 32768 32768 32768 32768 32768 32768 32768 32768 32768 32768 32768 32768 32768 32768 32768 32768 32768 32768 32768
32768 32768 32768 32768 32768 32768 32768 32768 32768 32768 32768 32768 32768 32768 32768 32768 32768 32768 32768 32768 32768 32768 32768 32768 32768 32768 32768 32768 32768 32768 32768 32768 32768 32768 32768 32768 32768 32768 32768 32768 32768 32768 32768 32768 32768 32768 32768 32768 32768 32768 32768 32768 32768 32768 32768 32784 32768 320 32768 32768 32768 32768 32768 32768 32784 32768 32768 32768 32768 32768 32768 32768 32768 32768 32768 32768 32768 32768 32768 32768 32768 32768 32768 32768 32768 32768 32768 32768 32768 32768 32768 32768 32768 32768 32768 32768 32768 32768 32768 32768 32768 32768 32768 32768 1664 1664 1664 1664 640 640 640 640 4736 4736 4736 4736 640 640 656 660 660 644 660 660 640 640 640 640 640 640 640 640 640 640 640 1664 1664 1688 1672 1688 1664 1664 1664 1664 1664 1680 1682 1682 1680 1680 1682 658 658 32784 32768 32768 32768 32768 32768 32768 32768 32768 32768 32784 32768 32768 32768 32768 32768 32768 32768 32768 32768 32768 32768 32768 32768 32768 32768 32768 32768 32768 32768 32768 32768 32768 32768 32768 32768 32768 32768 32768 32768 32768 32768 32768 32768 32768 32768 32768
32768 32768 32768 32768 32768 32768 32768 32768 32768 32768 32768 32768 32768 32768 32768 32768 32768 32768 32768 32768 32768 32768 32768 32768 32768 32768 32768 32768 32768 32768 32768 32768 32768 32768 32768 32768 32768 32768 32768 32768 32768 32768 32768 32768 32768 32768 32768 32768 32768 32768 32768 32768 32768 32768 32768 32768 32784 32768 32768 32768 32768 32768 32768 32768 32784 32768 32768 32768 32768 32768 32768 32768 32768 32768 32768 32768 32768 32768 32768 32768 32768 32768 32768 32768 32768 32768 32768 32768 32768 32768 32768 32768 32768 32768 32768 32768 32768 32768 32768 32768 32768 32768 32768 640 32768 1664 1664 640 640 640 640 4736 4736 4736 4736 4736 640 640 640 640 660 660 660 660 640 640 640 640 640 640 640 640 640 640 1664 1664 1664 1688 1688 1688 1664 1664 1664 1664 1664 1680 1682 1682 1682 1682 658 658 658 658 32784 32784 32768 32768 32768 32768 32768 2688 2688 32784 32768 32768 32768 32768 32768 32768 32768 32768 32768 32768 32768 32768 32768 32768 32768 32768 32768 32768 32768 32768 32768 32768 32768 32768 32768 32768 32768 32768 32768 32768 32768 32768 32768 32768 32768 32768
32768 32768 32768 32768 32768 32768 32768 32768 32768 32768 32768 32768 32768 32768 32768 32768 32768 32768 32768 32768 32768 32768 32768 32768 32768 32768 32768 32768 32768 32768 32768 32768 32768 32768 32768 32768 32768 32768 32768 32768 32768 32768 32768 32768 32768 32768 32768 32768 32768 32768 32768 32768 32768 32768 32768 32768 32784 32768 32768 32768 32768 32768 32768 32768 32768 32784 32768 32768 32768 32768 32768 32768 32768 32768 32768 32768 32768 32768 32768 32768 32768 32768 32768 32768 32768 32768 32768 32768 32768 32768 32768 32768 32768 32768 32768 32768 32768 32768 32768 32768 32768 32768 32768 1664 1664 1664 1664 640 640 640 4736 4736 4736 4736 4736 640 640 640 640 640 640 640 660 640 656 640 640 640 640 640 640 640 640 640 640 1664 1680 1664 1688 1688 1664 1664 1664 1664 1664 1680 1682 1682 1682 658 658 658 658 658 2706 32784 32784 32768 32768 32768 2688 2688 2688 2704 32768 32768 32768 32768 32768 32768 32768 32768 32768 32768 32768 32768 32768 32768 32768 32768 32768 32768 32768 32768 32768 32768 32768 32768 32768 32768 32768 32768 32768 32768 32768 32768 32768 32768 32768 32768
32768 32768 32768 32768 32768 32768 32768 32768 32768 32768 32768 32768 32768 32768 32768 32768 32768 32768 32768 32768 32768 32768 32768 32768 32768 32768 32768 32768 32768 32768 32768 32768 32768 32768 32768 32768 32768 32768 32768 32768 32768 32768 32768 32768 32768 32768 32768 32768 32768 32768 32768 32768 32768 32768 32768 32768 32768 32784 32768 32768 32768 32768 32768 32768 32768 32768 32784 32768 32768 32768 32768 32768 192 192 32768 192 192 192 4288 4288 4288 192 192 192 32768 192 192 192 192 192 32768 192 32768 32768 32768 32768 32768 32768 32768 32768 32768 32768 32768 32768 32768 1664 1664 656 656 21136 4736 4736 4736 4736 640 640 640 640 640 640 640 640 656 640 640 656 640 640 640 640 640 640 640 640 640 656 1664 1664 1664 1664 1680 1664 1664 1664 1664 1680 1682 1682 1682 1682 658 2706 2706 2706 2706 2706 32784 2688 2688 2688 2688 2688 2688 32784 32768 32768 32768 32768 32768 32768 32768 32768 32768 32768 32768 32768 32768 32768 32768 32768 32768 32768 32768 32768 32768 32768 32768 32768 32768 32768 32768 32768 32768 32768 32768 32768 32768 32768 32768 32768
32768 32768 32768 32768 32768 32768 32768 32768 32768 32768 32768 32768 32768 32768 32768 32768 32768 32768 32768 32768 32768 32768 32768 32768 32768 32768 32768 32768 32768 32768 32768 32768 32768 32768 32768 32768 32768 32768 32768 32768 32768 32768 32768 32768 32768 32768 32768 32768 32768 32768 32768 32768 32768 32768 32768 32768 32768 32784 32768 32768 32768 32768 32784 32784 32784 32784 32768 208 192 192 32768 192 192 192 192 192 192 192 4288 4288 4288 4288 192 192 192 192 192 192 192 32768 192 32768 32768 32768 32768 32768 32768 32768 32768 32768 32768 32768 32768 1664 1664 1664 1680 1680 22162 21136 21136 4736 4736 640 640 640 640 640 640 640 640 656 192 192 192 192 208 192 192 192 192 192 192 192 1168 1152 1152 1152 1152 1152 1152 1168 1152 1152 1152 1168 1680 1682 1680 1682 2706 2704 2704 2704 2704 2704 2704 2688 2688 2688 2688 2688 32768 32784 32768 32768 32768 32768 32768 32768 32768 32768 32768 32768 32768 32768 32768 32768 32768 32768 32768 32768 32768 32768 32768 32768 32768 32768 32768 32768 32768 32768 32768 32768 32768 32768 32768 32768 32768 32768
32768 32768 32768 32768 32768 32768 32768 32768 32768 32768 32768 32768 32768 32768 32768 32768 32768 32768 32768 32768 32768 32768 32768 32768 32768 32768 32768 32768 32768 32768 32768 32768 32768 32768 32768 32768 32768 32768 32768 32768 32768 32768 32768 32768 32768 32768 32768 32768 32768 32768 32768 32768 32768 32768 32768 32768 32768 32768 32784 32768 32784 32784 32784 209 209 208 208 208 192 192 192 192 192 192 192 192 192 192 4288 4288 4288 4288 4288 192 192 192 192 192 192 192 32768 192 192 32768 32768 32768 32768 32768 32768 32768 32768 32768 1664 1664 1664 1680 1680 22162 22162 22162 22160 21136 640 640 640 640 640 640 640 192 192 208 192 192 192 192 192 208 192 192 192 192 192 1152 1168 1152 1152 1152 1152 1152 1152 1168 1152 1152 1152 1152 1168 1168 1168 1680 656 2704 2688 2688 2704 2704 2704 2688 2688 2688 2688 2688 32768 32784 32768 32768 32768 32768 32768 32768 32768 32768 32768 32768 32768 32768 32768 32768 32768 32768 32768 32768 32768 32768 320 32768 32768 32768 32768 32768 32768 32768 32768 32768 32768 32768 32768 32768 32768 32768
32768 32768 32768 32768 32768 32768 32768 32768 32768 32768 32768 32768 32768 32768 32768 32768 32768 32768 32768 32768 32768 32768 32768 32768 32768 32768 32768 32768 32768 32768 32768 32768 32768 32768 32768 32768 32768 32768 32768 32768 32768 32768 32768 32768 32768 32768 32768 32768 32768 32768 32768 32768 32768 32768 32768 32768 32768 192 208 32784 32784 209 209 209 209 209 208 192 208 192 192 192 192 192 192 192 192 192 192 4288 4288 4288 4288 4288 192 192 192 192 192 192 192 192 32768 640 640 640 32768 32768 32768 32768 192 32768 1664 1680 1680 1680 22162 22162 22162 22162 22162 656 640 640 640 640 192 192 192 192 208 192 192 192 192 192 192 192 208 192 192 192 192 208 1152 1152 1152 1152 1152 1152 1152 1152 1168 1152 1152 1152 1152 1152 1152 1152 192 2176 2688 2688 2704 2704 2704 2704 2688 2688 2688 2688 2688 2704 2688 32768 32768 32768 32768 32768 32768 32768 32768 32768 32768 32768 32768 32768 32768 32768 32768 32768 32768 320 320 320 320 320 320 32768 320 32768 32768 32768 32768 32768 32768 32768 32768 32768
32768 32768 32768 32768 32768 32768 32768 32768 32768 32768 32768 32768 32768 32768 32768 32768 32768 32768 32768 32768 32768 32768 32768 32768 32768 32768 32768 32768 32768 32768 32768 32768 32768 32768 320 32768 32768 32768 32768 32768 32768 32768 32768 32768 32768 32768 32768 32768 32768 32768 32768 32768 32768 32768 32768 32768 32768 192 208 209 32784 209 209 209 209 208 208 192 192 208 192 192 192 192 192 192 192 192 192 192 4288 4288 4288 4288 4288 192 192 192 192 192 32768 32768 192 640 640 640 640 640 32768 32768 32768 1664 1680 1680 1682 1682 22162 22162 22162 22162 1680 656 640 640 192 192 192 192 192 192 208 192 192 192 192 192 192 192 192 208 192 216 216 192 192 192 192 1152 1152 1152 1152 1152 1152 1168 1152 1152 1152 1152 1152 192 192 192 2176 2176 2192 22672 22672 22672 2176 2176 2688 2688 2688 2704 2688 32768 32768 2688 640 32768 32768 32768 32768 32768 32768 32768 32768 32768 32768 32768 32768 32768 320 320 320 320 320 320 320 320 320 320 32768 32768 32768 32768 32768 32768 32768 32768
32768 32768 32768 32768 32768 32768 32768 32768 32768 32768 32768 32768 32768 32768 32768 32768 32768 32768 32768 32768 32768 32768 32768 32768 32768 32768 32768 32768 32768 32768 32768 32768 32768 320 320 320 32768 32768 32768 32768 32768 32768 32768 32768 32768 32768 32768 32768 32768 32768 32768 32768 32768 32768 32768 32768 32768 208 208 209 209 209 209 209 209 209 208 192 192 192 208 192 192 192 192 192 192 192 192 192 192 4288 4288 4288 4288 192 192 192 192 192 192 192 192 192 640 640 640 640 640 1664 1664 1664 22160 1682 22162 22162 22162 22162 22162 1682 1680 192 192 192 192 192 192 192 192 192 208 192 192 192 192 192 192 192 192 192 216 216 200 216 192 192 192 192 1152 1152 1152 1152 1152 1152 1168 1152 1152 1152 1152 1152 192 192 192 2176 6272 22672 22672 22672 2176 2176 2176 2176 2176 2688 2704 2688 2688 2688 2688 640 32768 32768 32768 32768 32768 32768 32768 32768 32768 32768 32768 320 320 320 320 320 320 320 320 320 320 320 32768 32768 32768 32768 32768 32768 32768 32768
32768 32768 32768 32768 32768 32768 32768 32768 32768 32768 32768 32768 32768 32768 32768 32768 32768 32768 32768 32768 32768 32768 32768 32768 32768 32768 32768 32768 32768 32768 32768 32768 32768 320 320 320 32768 32768 32768 32768 32768 32768 32768 32768 32768 32768 32768 32768 32768 32768 32768 32768 32768 32768 32768 192 208 208 209 209 209 209 209 209 209 208 208 192 192 192 208 192 192 192 192 192 192 192 192 192 192 4288 4288 4288 4288 192 192 192 192 192 192 192 192 192 192 640 640 640 1664 1664 1664 5760 22160 22160 22162 22162 22162 22162 22162 1682 1168 192 192 192 192 192 192 192 192 208 192 192 192 192 192 192 192 192 192 192 192 216 216 192 192 192 192 192 1152 1152 1152 1152 1152 1152 1152 1168 1152 1152 1152 192 192 192 2176 6272 6272 22672 22672 22672 2176 2176 2176 2176 2176 2176 2192 2176 2688 2688 640 640 640 32768 32768 32768 32768 32768 32768 32768 32768 32768 32768 32768 320 320 320 320 320 320 320 320 320 320 320 32768 32768 32768 32768 32768 32768 32768
32768 32768 32768 32768 32768 32768 32768 32768 32768 32768 32768 32768 32768 32768 32768 32768 32768 32768 32768 32768 32768 32768 32768 32768 32768 32768 32768 32768 32768 32768 32768 32768 32768 320 320 320 32768 32768 32768 32768 32768 32768 32768 32768 32768 32768 32768 32768 32768 32768 32768 32768 32768 32768 32768 192 208 209 209 209 209 209 209 209 209 209 208 192 2176 2176 2176 2192 192 192 192 192 192 192 192 192 192 4288 4288 4288 4288 4288 192 192 192 192 192 192 192 1152 192 640 1664 1664 1664 1664 5760 1664 5760 22160 22160 22162 22160 22160 1170 1168 1168 192 192 192 192 192 192 192 192 216 192 192 192 192 192 192 192 192 192 192 192 192 4288 4288 4288 4288 4288 4288 192 1152 192 1152 1152 1152 1152 1168 1152 1152 192 192 192 192 192 6272 6272 22672 22672 2192 2176 2176 2176 2176 2176 2176 2192 2176 192 640 640 32768 32768 32768 32768 32768 32768 32768 320 32768 32768 32768 32768 32768 32768 320 320 320 320 320 320 320 320 320 320 32768 32768 32768 32768 32768 32768 32768
32768 32768 32768 32768 32768 32768 32768 32768 32768 32768 32768 32768 32768 32768 32768 32768 32768 32768 32768 32768 32768 32768 32768 32768 32768 32768 32768 32768 32768 32768 32768 32768 32768 320 320 320 32768 32768 32768 32768 32768 32768 32768 32768 32768 32768 32768 32768 32768 32768 32768 32768 32768 32768 32768 192 208 208 209 209 209 209 209 20689 20689 20689 208 2176 2176 2176 2176 2176 2200 216 216 192 192 192 192 192 192 192 4288 4288 4288 4288 4288 192 192 192 192 192 1152 1152 1152 1152 1664 1664 1664 5760 1664 1664 5760 5760 22160 22160 22160 1168 1168 1168 1152 192 192 192 192 192 192 192 216 20696 20696 4288 4288 4288 4288 4288 4288 4288 4288 4288 4288 4288 4288 4288 4288 4288 4288 4288 4288 4288 4288 4288 5248 5248 4288 5248 21648 1152 192 192 192 192 192 4288 4288 22672 2192 2192 2176 2176 2176 2176 192 2176 2192 2176 192 192 192 32768 32768 32768 32768 32768 32768 320 320 320 32768 32768 32768 32768 32768 320 320 320 320 320 320 320 320 320 32768 32768 32768 32768 32768 32768 32768 32768
32768 32768 32768 32768 32768 32768 32768 32768 32768 32768 32768 32768 32768 32768 32768 32768 32768 32768 32768 32768 32768 32768 32768 32768 32768 32768 32768 32768 32768 32768 32768 32768 32768 32768 320 320 32768 32768 32768 32768 32768 32768 32768 32768 32768 32768 32768 32768 32768 32768 32768 32768 32768 32768 32768 192 192 208 208 209 209 209 209 20689 20689 20688 20688 2176 2176 2176 2176 22680 6280 22680 20696 20688 20688 4288 4288 4288 4288 4288 4288 4288 4288 4288 4288 4288 4288 4288 4288 4288 5248 5248 5248 5248 5248 5760 5760 5760 5760 5760 5760 5760 22160 21648 21648 5248 5248 5248 5248 5248 4288 4288 4288 4288 4288 20696 20696 4296 20696 4288 4288 4288 4288 4288 4288 4288 4288 4288 4288 4288 4288 4288 4288 4288 4288 4288 4288 4288 4288 4288 4288 4288 4288 4288 5248 216 216 216 192 192 192 4288 4288 22672 2192 2192 2192 2176 192 192 192 192 2192 192 192 192 192 192 32768 32768 32768 32768 320 320 320 320 320 32768 32768 32768 32768 320 320 320 320 320 320 320 32768 32768 32768 32768 32768 32768 32768 32768 32768 32768
32768 32768 32768 32768 32768 32768 32768 32768 32768 32768 32768 32768 32768 32768 32768 32768 32768 32768 32768 32768 32768 32768 32768 32768 32768 32768 32768 32768 32768 32768 32768 32768 32768 32768 32768 32768 32768 32768 32768 32768 32768 32768 32768 32768 32768 32768 32768 32768 32768 32768 32768 32768 32768 32768 192 192 192 192 208 208 209 209 209 20689 20688 20688 4288 4288 2176 2176 2176 6272 22680 20696 4288 4288 4288 20688 20688 20688 20688 20688 20688 4288 4288 4288 20696 20696 4288 4288 4288 4288 5248 5248 5248 5248 5248 5760 5760 5760 5760 5760 5760 5760 21648 21648 21648 5248 5248 5248 5248 5248 4288 4288 4288 4288 4288 4288 4288 20696 4288 4288 4288 4288 4288 4288 4288 4288 4288 4288 4288 4288 4288 4288 4288 4288 4288 4288 4288 4288 4288 4288 4288 4288 4288 4288 20696 216 200 216 216 208 208 20688 20688 20688 22672 208 2192 192 192 192 192 192 216 216 192 192 192 192 32768 32768 32768 32768 32768 320 320 320 32768 32768 32768 32768 32768 320 320 320 320 320 320 320 320 32768 32768 32768 32768 32768 32768 32768 32768 32768
32768 32768 32768 32768 32768 32768 32768 32768 32768 32768 32768 32768 32768 32768 32768 32768 32768 32768 32768 32768 32768 32768 32768 32768 32768 32768 32768 32768 32768 32768 32768 32768 32768 32768 32768 32768 32768 32768 32768 32768 32768 32768 32768 32768 32768 32768 32768 32768 32768 32768 32768 32768 32768 192 192 192 192 192 192 208 208 209 209 208 20688 4288 4288 4288 4288 4288 192 6272 4288 20688 4288 4288 4288 4288 4288 4288 4288 4288 4288 20688 20688 20696 20696 4296 20696 4288 4288 4288 5248 5248 5248 5248 5248 5760 5760 5760 5760 5760 5760 5248 21648 21648 21648 5248 5248 5248 5248 5248 4288 4288 4288 4288 4288 4288 4288 4288 20688 4288 4288 4288 4288 4288 4288 4288 4288 4288 4288 4288 4288 4288 4288 4288 4288 4288 4288 4288 4288 4288 4288 4288 4288 4288 4288 20688 4288 192 192 192 192 4288 4288 4288 20688 208 208 208 208 208 208 216 200 216 216 192 192 32768 32768 32768 32768 32768 32768 320 320 320 32768 32768 32768 32768 32768 320 320 320 320 320 320 320 32768 32768 32768 32768 32768 32768 32768 32768 32768 32768
32768 32768 32768 32768 32768 32768 32768 32768 32768 32768 32768 32768 32768 32768 32768 32768 32768 32768 32768 32768 32768 32768 32768 32768 32768 32768 32768 32768 32768 32768 32768 32768 32768 32768 32768 32768 32768 32768 32768 32768 32768 32768 32768 32768 32768 32768 32768 32768 32768 32768 32768 192 32768 192 192 192 192 192 192 192 208 208 208 208 192 4288 4288 4288 4288 4288 4288 4288 192 208 192 4288 4288 4288 4288 192 192 192 192 192 192 192 20696 20696 4288 4288 4288 192 1152 1152 1152 5248 1152 5248 5760 5760 5760 5760 5248 5248 1168 1168 21648 5248 5248 5248 1152 1152 1152 192 192 192 192 192 192 4288 20688 4288 4288 4288 4288 4288 4288 4288 4288 4288 4288 4288 4288 4288 4288 4288 4288 4288 4288 4288 4288 4288 4288 4288 4288 4288 4288 20688 4288 4288 192 192 4288 4288 4288 4288 20688 208 208 192 192 192 192 192 216 216 192 192 192 32768 32768 32768 32768 32768 32768 320 320 320 32768 32768 32768 32768 320 320 320 320 320 320 320 32768 32768 32768 32768 32768 32768 32768 32768 32768 32768 32768
32768 32768 32768 32768 32768 32768 32768 32768 32768 32768 32768 32768 32768 32768 32768 32768 32768 32768 32768 32768 32768 32768 32768 32768 32768 32768 32768 32768 32768 32768 32768 32768 32768 32768 32768 32768 32768 32768 32768 32768 32768 32768 32768 32768 32768 32768 32768 32768 32768 32768 32768 192 192 192 192 192 192 192 192 192 192 208 208 208 208 192 4288 4288 4288 4288 4288 4288 4288 20688 4288 4288 4288 4288 4288 192 192 192 192 192 192 192 192 4288 4288 4288 4288 5248 1152 1152 5248 1152 5248 5248 5760 5760 5248 5248 1152 1152 1168 21648 21648 5248 5248 5248 5248 1152 1152 192 192 192 192 192 192 192 192 208 192 192 192 192 192 192 192 4288 4288 4288 4288 4288 192 4288 4288 4288 4288 4288 4288 192 192 192 192 4288 4288 4288 20688 4288 4288 192 4288 4288 4288 4288 208 208 208 192 192 192 192 192 216 192 192 192 192 192 192 32768 32768 32768 32768 32768 320 32768 32768 32768 32768 32768 320 320 320 320 320 320 320 320 32768 32768 32768 32768 32768 32768 32768 32768 32768 32768
32768 32768 32768 32768 32768 32768 32768 32768 32768 32768 32768 32768 32768 32768 32768 32768 32768 32768 32768 32768 32768 320 32768 32768 32768 32768 32768 32768 32768 32768 32768 32768 32768 32768 32768 32768 32768 32768 32768 32768 32768 32768 32768 32768 32768 32768 32768 32768 32768 32768 32768 192 192 192 192 192 192 192 192 640 640 656 208 208 208 192 192 4288 4288 4288 4288 4288 4288 20688 4288 4288 4288 192 192 192 192 192 192 192 192 192 192 192 4288 4288 5248 5248 5248 1152 5248 5248 5248 5248 5760 5248 5248 5248 1152 5248 21648 21648 21648 5248 5248 5248 5248 5248 5248 5248 4288 4288 4288 4288 4288 4288 4288 20688 4288 4288 4288 4288 192 192 192 192 192 192 192 192 192 192 4288 4288 4288 4288 4288 192 192 192 192 192 192 4288 20688 4288 4288 4288 4288 4288 4288 4288 208 208 208 192 192 192 192 192 192 192 192 192 192 192 192 32768 32768 32768 32768 32768 32768 32768 32768 32768 32768 32768 320 320 320 320 320 320 320 320 32768 32768 32768 32768 32768 32768 32768 32768 32768 32768
32768 32768 32768 32768 32768 32768 32768 32768 32768 32768 32768 32768 32768 32768 32768 32768 32768 32768 32768 32768 320 320 320 320 320 32768 32768 32768 32768 32768 32768 32768 32768 32768 32768 32768 32768 32768 32768 32768 32768 32768 32768 32768 32768 32768 32768 32768 32768 32768 192 192 192 192 192 192 192 192 640 640 640 640 656 208 208 4288 4288 4288 4288 4288 4288 4288 4288 20688 4288 4288 4288 4288 4288 4288 4288 4288 4288 4288 4288 4288 4288 4288 4288 4288 4288 5248 5248 5248 5248 5248 5248 5248 5248 5248 5248 5248 5248 5248 21648 21648 21648 5248 5248 5248 5248 5248 5248 5248 4288 4288 4288 4288 4288 4288 4288 4288 20688 4288 4288 4288 192 192 192 192 192 192 192 192 192 192 192 192 192 192 192 192 192 192 192 192 192 192 20692 4288 4288 4288 4288 4288 4288 4288 208 208 208 192 192 192 192 192 192 192 192 192 192 192 32768 32768 32768 32768 32768 32768 32768 32768 32768 32768 32768 320 320 320 320 320 320 320 320 320 32768 32768 32768 32768 32768 32768 32768 32768 32768 32768
32768 32768 32768 32768 32768 32768 32768 32768 32768 32768 32768 32768 32768 32768 32768 32768 32768 32768 32768 32768 320 320 320 320 320 320 32768 32768 32768 32768 32768 32768 32768 32768 32768 32768 32768 32768 32768 32768 32768 32768 32768 32768 32768 32768 32768 32768 32768 32768 32768 192 192 192 192 192 192 640 640 640 640 640 656 208 208 192 192 192 192 192 192 4288 4288 20688 4288 4288 4288 4288 4288 192 192 192 192 192 192 192 192 192 192 4288 4288 5248 5248 5248 5248 5248 5248 5248 1152 1152 1152 1152 5248 5248 21648 21648 21648 5248 5248 5248 5248 5248 5248 4288 4288 4288 4288 4288 4288 4288 4288 4288 4288 20688 4288 4288 4288 192 192 192 192 192 192 192 192 192 192 192 192 192 192 192 192 192 192 192 192 212 212 20692 4288 4288 4288 4288 4288 4288 208 208 208 208 192 192 192 192 192 192 192 192 192 192 192 32768 32768 32768 32768 32768 32768 32768 32768 32768 32768 320 320 320 320 320 320 320 320 32768 32768 32768 32768 32768 32768 32768 32768 32768 32768 32768
32768 32768 32768 32768 32768 32768 32768 32768 32768 32768 32768 32768 320 32768 320 32768 32768 32768 32768 32768 320 320 320 320 320 32768 32768 32768 32768 32768 32768 32768 32768 32768 32768 32768 32768 32768 32768 32768 32768 32768 32768 32768 32768 32768 32768 32768 32768 192 192 192 192 192 192 192 192 640 640 640 640 640 656 208 208 192 192 192 192 192 192 192 192 20688 4288 4288 4288 4288 4288 4288 192 192 192 192 192 192 192 192 192 4288 4288 5248 5248 5248 5248 5248 5248 5248 1152 1152 1152 1152 5248 5248 1168 1168 1168 1152 1152 5248 5248 5248 1152 1152 192 192 192 192 192 192 192 192 192 208 192 192 192 4288 4288 192 192 192 192 192 192 192 192 192 192 192 192 192 192 192 192 192 192 212 212 212 4288 4288 4288 4288 4288 4288 208 208 208 208 192 192 192 192 192 192 192 192 192 192 192 192 32768 32768 32768 32768 32768 32768 32768 32768 32768 32768 320 320 320 320 320 320 320 320 32768 32768 32768 32768 32768 32768 32768 32768 32768 32768
32768 32768 32768 32768 32768 32768 32768 32768 32768 32768 32768 32768 320 320 320 320 32768 32768 32768 32768 32768 32768 32768 32768 32768 32768 32768 32768 32768 32768 32768 320 32768 32768 32768 32768 32768 32768 32768 32768 32768 32768 32768 32768 32768 32768 32768 32768 32768 192 192 192 192 192 192 640 192 192 640 640 640 640 656 656 208 192 192 192 192 192 192 192 192 192 208 192 4288 4288 4288 4288 4288 192 192 192 192 192 192 192 4288 192 1152 5248 5248 5248 5248 5248 5248 5248 1152 1152 1152 1152 5248 5248 1168 1168 1168 1152 1152 1152 1152 1152 1152 1152 192 192 192 192 192 192 192 192 192 192 208 192 192 192 4288 4288 192 192 192 192 192 192 192 192 192 192 192 192 192 192 192 192 212 212 196 212 192 4288 4288 4288 4288 4288 192 208 208 208 192 192 192 192 192 192 192 192 192 192 192 192 32768 32768 32768 32768 32768 32768 32768 32768 32768 32768 32768 320 320 320 320 320 320 32768 32768 32768 32768 32768 32768 32768 32768 32768 32768 32768
32768 32768 32768 32768 32768 32768 32768 32768 32768 32768 32768 320 320 320 320 320 32768 32768 32768 32768 32768 32768 32768 32768 32768 32768 32768 32768 32768 320 320 320 320 32768 32768 32768 32768 32768 32768 32768 32768 32768 32768 32768 32768 32768 32768 32768 192 192 192 192 192 192 640 640 640 640 640 640 640 640 656 656 656 208 192 192 192 192 192 192 192 192 208 192 192 4288 4288 4288 4288 4288 192 192 192 192 192 4288 192 192 192 1152 5248 5248 5248 5248 5248 5248 1152 1152 1152 1152 5248 1152 21648 21648 1168 1152 1152 1152 1152 1152 1152 192 192 192 192 192 192 192 192 192 192 192 208 192 192 192 192 4288 4288 192 192 192 192 192 192 192 192 192 192 192 192 192 192 192 212 212 212 212 192 192 4288 4288 4288 4288 4288 208 208 208 208 208 208 208 208 192 192 192 192 192 192 192 192 192 192 32768 32768 32768 32768 32768 32768 32768 32768 32768 32768 320 320 320 320 32768 32768 32768 32768 32768 32768 32768 32768 32768 32768 32768
32768 32768 32768 32768 32768 32768 32768 32768 32768 32768 32768 32768 320 320 320 32768 32768 32768 32768 32768 32768 32768 32768 32768 32768 32768 32768 32768 320 320 320 320 320 320 32768 32768 32768 32768 32768 32768 32768 32768 32768 32768 32768 32768 32768 192 192 192 192 192 192 192 640 640 640 640 640 640 640 640 1680 656 208 208 192 192 192 1152 192 192 1152 192 208 192 192 192 4288 4288 4288 4288 4288 192 192 192 4288 192 192 192 192 5248 5248 5248 5248 5248 5248 5248 1152 1152 1152 5248 1152 1152 1168 1168 21648 1152 1152 1152 1152 1152 192 192 192 192 192 192 192 192 192 192 192 192 192 208 192 192 192 192 192 4288 192 192 192 192 192 192 192 192 192 192 192 192 192 192 192 212 212 192 192 192 192 4288 4288 4288 20688 20688 209 209 208 208 209 209 208 208 208 192 192 192 192 192 192 192 192 32768 32768 32768 32768 32768 32768 32768 32768 32768 32768 32768 320 320 320 32768 32768 32768 32768 32768 32768 32768 32768 32768 32768 32768
32768 32768 32768 32768 32768 32768 32768 32768 32768 32768 32768 32768 32768 32768 32768 32768 32768 32768 32768 32768 32768 32768 32768 32768 32768 32768 32768 320 320 320 320 4416 320 320 320 32768 32768 32768 32768 32768 32768 32768 32768 32768 32768 32768 192 192 192 192 192 192 192 664 664 640 640 640 640 640 640 1664 1664 1680 208 208 640 192 1664 1152 1152 1152 1152 1152 1168 192 192 192 192 4288 4288 4288 4288 4288 192 4288 192 192 192 192 4288 5248 5248 5248 5248 5248 5248 5248 1152 1152 5248 5248 1152 1152 1168 1168 1168 5248 1152 1152 1152 192 192 192 192 192 192 192 192 192 192 192 192 192 192 208 192 192 192 192 192 192 4288 192 192 192 192 192 192 192 192 192 192 192 192 192 192 192 208 192 192 192 192 4288 4288 4288 20688 20689 20689 20689 209 209 209 209 209 209 208 208 192 192 192 192 192 32768 32768 32768 32768 32768 32768 32768 32768 32768 32768 32768 32768 32768 32768 320 32768 32768 32768 32768 32768 32768 32768 32768 32768 32768 32768 32768
32768 32768 32768 32768 32768 32768 32768 32768 32768 32768 32768 32768 32768 32768 32768 32768 32768 32768 32768 32768 32768 32768 32768 32768 32768 320 320 320 320 4416 4416 4416 320 320 320 32768 32768 32768 32768 32768 32768 32768 32768 32768 32768 32768 192 192 192 192 192 192 216 216 648 664 640 640 640 640 1664 1664 1664 1680 1680 656 1664 1664 1664 1664 1152 1152 1152 1152 208 192 192 1152 192 192 4288 4288 4288 4288 4288 192 192 192 192 4288 4288 4288 5248 5248 5248 5248 5248 5248 1152 1152 5248 1152 1152 1152 1168 1168 1168 1152 5248 1152 192 192 192 192 192 192 192 192 192 192 192 192 192 192 192 192 212 212 192 192 192 192 192 4288 192 192 192 192 192 192 192 192 192 192 192 192 192 192 192 208 192 192 192 4288 4288 4288 20688 20688 20689 20689 20689 209 209 209 209 209 209 208 192 192 192 192 32768 32768 32768 32768 32768 32768 32768 32768 32768 32768 32768 32768 32768 32768 32768 32768 32768 32768 32768 32768 32768 32768 32768 32768 32768 32768 32768 32768
32768 32768 32768 32768 32768 32768 32768 32768 32768 32768 32768 32768 32768 32768 32768 32768 32768 32768 32768 32768 32768 32768 32768 32768 32768 32768 320 320 4416 4416 4416 4416 320 320 32768 32768 32768 32768 32768 32768 32768 32768 32768 32768 192 192 192 192 192 192 192 192 192 664 664 640 640 640 640 1664 1664 1664 1664 1680 656 1680 1664 1664 1664 1664 1152 1152 1152 1152 1168 192 1152 1152 1152 192 192 4288 4288 4288 4288 192 192 192 192 4288 4288 4288 5248 1152 5248 5248 5248 5248 5248 5248 1152 1152 1152 1152 1168 1168 1168 1152 1152 4288 192 192 192 192 192 192 192 192 192 192 192 192 192 192 192 212 212 212 212 192 192 192 192 192 4288 4288 192 192 192 192 192 192 192 192 192 192 192 192 192 208 192 192 192 4288 4288 4288 4288 20688 20689 20689 20689 20689 209 209 209 209 209 208 192 192 192 32768 32768 32768 32768 32768 32768 32768 32768 32768 32768 32768 32768 32768 32768 32768 32768 32768 32768 32768 32768 32768 32768 32768 32768 32768 32768 32768 32768 32768
32768 32768 32768 32768 32768 32768 32768 32768 32768 32768 32768 32768 32768 32768 32768 32768 32768 32768 32768 32768 32768 32768 32768 32768 32768 32768 32768 4416 4416 4416 4416 4416 32768 32768 32768 32768 32768 32768 32768 32768 32768 32768 32768 32768 32768 192 192 192 192 192 192 640 656 640 640 640 640 640 640 640 1664 1664 1664 1680 1680 1680 1680 1664 1664 1664 1152 1152 1152 1152 1168 1152 1152 1152 1152 192 4288 4288 4288 4288 4288 4288 192 192 4288 4288 4288 4288 1152 1152 1152 5248 5248 5248 5248 5248 1152 1152 1152 1152 1168 1168 1168 1152 5248 4288 192 192 192 192 192 192 192 192 192 192 192 192 192 192 208 212 196 20692 20692 4288 192 192 192 192 192 192 4288 4288 192 192 192 192 192 192 192 192 192 192 192 208 192 192 192 4288 4288 4288 192 20688 20688 20689 20689 20689 20689 209 209 209 209 208 192 192 32768 32768 32768 32768 32768 32768 32768 32768 32768 32768 32768 32768 32768 32768 32768 32768 32768 32768 32768 32768 32768 32768 32768 32768 32768 32768 32768 32768 32768 32768
32768 32768 32768 32768 32768 32768 32768 32768 32768 32768 32768 32768 32768 32768 32768 32768 32768 32768 32768 32768 32768 32768 32768 32768 32768 32768 32768 32768 4416 4416 4416 32768 32768 32768 32768 32768 32768 32768 32768 32768 32768 32768 32768 32768 32768 192 192 192 192 192 640 656 640 640 640 640 640 640 1664 1664 1664 1664 1664 1680 1680 1680 1680 1664 1664 1664 1152 1152 1152 1152 1168 1152 1152 1152 1152 192 4288 4288 4288 4288 4288 4288 192 4288 4288 4288 4288 4288 192 1152 1152 5248 5248 5248 5248 5248 5248 1152 1152 1152 1168 1168 1168 1152 192 4288 192 192 192 192 192 192 192 192 192 192 192 192 208 208 192 192 20692 20692 20692 4288 192 192 192 192 192 192 192 4288 4288 192 192 192 192 192 192 192 192 192 192 192 208 192 192 4288 4288 4288 192 192 208 20688 20688 20689 20689 20689 209 209 208 208 208 208 32768 32768 32768 32768 32768 32768 32768 32768 32768 32768 32768 32768 32768 32768 32768 32768 32768 32768 32768 32768 32768 32768 32768 32768 32768 32768 32768 32768 32768 32768
32768 32768 32768 32768 32768 32768 32768 32768 32768 32768 32768 32768 32768 32768 32768 32768 32768 32768 32768 32768 32768 32768 32768 32768 32768 32768 32768 32768 32768 32768 32768 32768 32768 32768 32768 32768 32768 32768 32768 32768 32768 32768 32768 32768 32768 192 192 192 192 192 208 640 640 640 640 640 640 1664 1664 1664 1664 1664 1664 1664 1680 1680 1680 1664 1664 1664 1152 1152 1152 1152 1176 1176 1152 1152 1152 1152 4288 4288 4288 4288 4288 4288 4288 4288 4288 4288 4288 192 192 1152 5248 5248 1152 5248 5248 5248 5248 1152 1152 1152 1168 1168 1168 1152 192 4288 192 192 192 192 192 192 192 216 192 192 208 208 192 192 192 4288 4288 20692 4288 4288 192 192 192 192 192 192 192 192 192 4288 192 192 192 192 192 192 192 192 192 192 216 216 192 4288 4288 4288 192 192 192 192 20688 20689 20689 20689 20689 208 208 192 192 192 32784 32784 32768 32768 32768 32768 32768 32768 32768 32768 32768 32768 32768 32768 32768 32768 32768 32768 32768 32768 32768 32768 32768 32768 32768 32768 32768 32768 32768 32768
32768 32768 32768 32768 32768 32768 32768 32768 32768 32768 32768 32768 32768 32768 32768 32768 32768 32768 32768 32768 32768 32768 32768 32768 32768 32768 32768 32768 32768 32768 32768 32768 32768 32768 32768 32768 32768 32768 32768 32768 32768 32768 32768 32768 192 192 192 192 192 656 192 640 640 640 640 640 640 640 1664 1664 1664 1664 1664 1664 1680 1680 1680 1664 1664 1664 1152 1152 1152 1152 1152 1176 1176 1152 1152 5248 4288 4288 4288 4288 4288 4288 4288 4288 4288 4288 192 192 192 1152 5248 1152 192 192 5248 5248 5248 5248 1152 1152 1168 1168 1168 1152 192 4288 192 192 192 192 192 192 216 216 216 208 192 192 192 192 4288 4288 4288 4288 20688 192 192 192 192 192 192 192 192 192 192 192 4288 192 192 192 192 192 192 192 192 216 200 216 216 4288 4288 4288 192 192 192 208 208 20689 20689 20689 20688 208 192 192 32768 32768 32768 32768 32784 32784 32768 32768 32768 32768 32768 32768 32768 32768 32768 32768 32768 32768 32768 32768 32768 32768 32768 32768 32768 32768 32768 32768 32768 32768 32768 32768
32768 32768 32768 32768 32768 32768 32768 32768 32768 32768 32768 32768 32768 32768 32768 32768 32768 32768 32768 32768 32768 32768 32768 32768 32768 32768 32768 32768 32768 32768 32768 32768 32768 32768 32768 32768 32768 32768 32768 32768 32768 32768 32768 32768 32768 32768 192 192 656 640 640 640 640 640 640 640 640 640 640 1664 1664 1664 1664 1664 1680 1680 1680 1664 1664 1152 1152 1152 1152 1152 1152 1160 1176 1152 5248 5248 4288 4288 4288 192 4288 4288 4288 4288 4288 192 192 192 192 4288 5248 192 192 192 4288 4288 5248 4288 192 1152 1168 208 1168 192 192 4288 192 192 192 208 208 216 200 216 216 192 192 192 192 4288 4288 4288 4288 4288 192 208 192 192 192 192 192 192 192 192 192 192 192 4288 4288 192 192 192 192 192 192 192 216 216 192 4288 4288 4288 192 192 208 208 208 208 20689 32784 20688 192 192 192 192 32768 32768 32768 32768 32768 32784 32784 32784 32768 32768 32768 32768 32768 32768 32768 32768 32768 32768 32768 32768 32768 32768 32768 32768 32768 32768 32768 32768 32768 32768 32768
32768 32768 32768 32768 32768 32768 32768 32768 32768 32768 32768 32768 32768 32768 32768 32768 32768 32768 32768 32768 32768 32768 32768 32768 32768 32768 32768 32768 32768 32768 32768 32768 32768 32768 32768 32768 32768 32768 32768 32768 32768 32768 192 192 32768 32768 192 656 640 640 640 640 640 640 640 640 640 640 640 640 640 640 640 640 208 656 208 192 192 1176 1176 1168 1168 1168 1168 1176 1152 5248 5248 4288 4288 4288 192 192 4288 4288 4288 4288 4288 4288 192 192 192 4288 192 192 192 192 4288 4288 4288 4288 4288 192 208 208 208 192 192 20696 216 208 208 192 192 192 216 216 192 192 192 4288 4288 4288 4288 4288 4288 192 192 208 192 192 192 192 192 192 192 192 192 192 192 192 192 4288 192 192 192 192 192 192 192 208 192 4288 4288 4288 192 208 208 208 208 208 32784 32784 32768 192 32768 192 32768 32768 32768 32768 32768 32768 32768 32768 32768 32784 32784 32768 32768 32768 32768 32768 32768 32768 32768 32768 32768 32768 32768 32768 32768 32768 32768 32768 32768 32768 32768 32768
32768 32768 32768 32768 32768 32768 32768 32768 32768 32768 32768 32768 32768 32768 32768 32768 32768 32768 32768 32768 32768 32768 32768 32768 32768 32768 32768 32768 32768 32768 32768 32768 32768 32768 32768 32768 32768 32768 32768 32768 32768 32768 32768 192 192 32768 664 640 640 640 640 640 640 640 640 640 640 640 640 640 640 640 640 640 208 208 208 208 216 216 216 192 192 192 192 1152 5248 5248 4288 4288 4288 192 192 4288 4288 4288 4288 4288 4288 4288 4288 192 4288 192 192 192 192 192 192 4288 4288 4288 4288 4288 208 208 208 192 216 20696 200 192 192 192 192 192 192 192 192 192 4288 4288 4288 4288 4288 4288 192 192 192 640 656 640 212 212 192 192 192 640 640 192 192 192 192 192 4288 192 192 192 192 192 192 208 192 4288 4288 20688 208 208 208 208 208 32768 32768 32768 32768 32768 32768 32768 32768 32768 32768 32768 32768 32768 32768 32768 32768 32768 32768 32784 32784 32768 32768 32768 32768 32768 32768 32768 32768 32768 32768 32768 32768 32768 32768 32768 32768 32768 32768 32768
32768 32768 32768 32768 32768 32768 32768 32768 32768 32768 32768 32768 32768 32768 32768 32768 32768 32768 32768 32768 32768 32768 32768 32768 32768 32768 32768 32768 32768 32768 32768 32768 32768 32768 32768 32768 32768 32768 32768 32768 32768 192 192 192 192 216 216 664 640 640 640 640 640 640 640 640 640 640 640 640 640 640 640 192 208 208 208 208 216 200 216 192 192 192 192 4288 4288 4288 4288 4288 192 192 4288 4288 4288 4288 4288 4288 4288 4288 4288 4288 192 192 192 192 192 192 192 192 4288 4288 4288 4288 208 208 208 192 20696 20696 216 192 192 192 192 192 192 192 192 4288 4288 4288 4288 4288 4288 192 192 192 640 640 640 660 660 196 660 640 640 640 640 640 192 640 192 192 192 4288 192 192 192 192 192 208 192 4288 20688 20688 208 208 208 208 192 32768 32768 32768 32768 32768 32768 32768 32768 32768 32768 32768 32768 32768 32768 32768 32768 32768 32768 32768 32768 32784 32784 32768 32768 32768 32768 32768 32768 32768 32768 32768 32768 32768 32768 32768 32768 32768 32768 32768
32768 32768 32768 32768 32768 32768 32768 32768 32768 32768 32768 32768 32768 32768 32768 32768 32768 32768 32768 32768 32768 32768 32768 32768 32768 32768 32768 32768 32768 32768 32768 32768 32768 32768 32768 32768 32768 32768 32768 32768 32768 192 192 192 192 216 200 216 192 192 640 640 640 640 640 640 640 640 640 640 640 640 640 192 192 208 208 208 192 216 192 192 192 192 4288 4288 4288 4288 4288 192 192 4288 4288 4288 4288 4288 192 192 4288 4288 4288 4288 4288 192 192 192 192 192 192 192 192 4288 4288 4288 20688 208 208 192 4288 192 192 192 192 192 192 192 192 192 192 4288 4288 4288 4288 4288 640 640 192 192 640 640 640 640 660 660 660 640 640 640 640 640 640 640 640 192 192 192 4288 4288 192 192 192 208 192 20688 20688 20688 208 208 208 192 192 32768 32768 32768 32768 32768 32768 32768 32768 32768 32768 320 320 320 32768 32768 32768 32768 32768 32768 32768 32768 32768 32784 32784 32784 32768 32768 32768 32768 32768 32768 32768 32768 32768 32768 32768 32768 32768 32768
32768 32768 32768 32768 32768 32768 32768 32768 32768 32768 32768 32768 32768 32768 32768 32768 32768 32768 32768 32768 32768 32768 32768 32768 32768 32768 32768 32768 32768 32768 32768 32768 32768 32768 32768 32768 32768 32768 32768 32768 32768 32768 192 192 192 192 216 192 192 192 192 640 640 640 640 640 640 640 640 640 640 664 216 192 208 208 208 208 192 192 192 192 192 192 4288 4288 4288 4288 192 192 4288 4288 4288 4288 4288 192 192 192 192 4288 4288 4288 4288 4288 192 192 192 192 192 192 192 4288 4288 4288 20688 20688 20688 192 192 4288 192 192 192 192 192 192 192 192 4288 4288 4288 4288 192 640 640 640 640 640 640 640 640 640 660 660 660 640 640 640 640 640 640 640 640 640 192 192 192 640 4736 4288 640 656 656 20688 20688 20688 208 192 192 192 192 32768 32768 32768 32768 32768 32768 32768 32768 32768 320 320 320 320 320 32768 32768 32768 32768 32768 32768 32768 32768 32768 32768 32768 32784 32784 32768 32768 32768 32768 32768 32768 32768 32768 32768 32768 32768 32768
32768 32768 32768 32768 32768 32768 32768 32768 32768 32768 32768 32768 32768 32768 32768 32768 32768 32768 32768 32768 32768 32768 32768 32768 32768 32768 32768 32768 32768 32768 32768 32768 32768 32768 32768 32768 32768 32768 32768 32768 32768 32768 192 192 192 208 192 208 192 192 192 640 640 640 640 640 640 640 640 640 216 200 216 216 192 208 208 208 192 192 192 192 192 4288 4288 4288 4288 192 192 4288 4288 4288 4288 4288 192 192 192 192 192 192 4288 4288 4288 4288 192 192 192 192 192 192 192 192 4288 4288 20688 20688 20688 4288 192 4288 192 192 192 192 192 192 192 4288 4288 4288 4288 4288 640 640 640 640 640 640 640 640 640 640 640 660 640 640 640 640 640 640 640 640 640 640 640 640 640 640 640 640 4736 656 656 21136 20688 20688 192 192 192 192 192 192 192 32768 32768 32768 32768 32768 32768 32768 320 320 320 320 32768 32768 32768 32768 32768 32768 32768 32768 32768 32768 32768 32768 32768 32768 32784 32784 32768 32768 32768 32768 32768 32768 320 32768 32768 32768
32768 32768 32768 32768 32768 32768 32768 32768 32768 32768 32768 32768 32768 32768 32768 32768 32768 32768 32768 32768 32768 32768 32768 32768 32768 32768 32768 32768 32768 32768 32768 32768 32768 32768 32768 32768 32768 32768 32768 32768 192 192 192 192 208 192 192 192 208 192 192 640 640 640 192 640 192 192 640 192 192 216 216 192 192 208 208 208 192 192 192 192 4288 192 192 192 192 192 4288 4288 4288 4288 4288 192 192 192 192 192 192 192 192 4288 4288 4288 4288 192 192 192 192 192 192 192 192 4288 20688 20688 20688 4288 192 4288 192 192 192 192 192 192 4288 4288 4288 4288 4288 640 640 640 640 640 640 640 640 640 640 640 656 640 640 640 640 640 640 640 640 640 640 640 640 640 640 640 640 640 656 21136 656 20688 20688 4288 192 192 192 32768 192 32768 32768 32768 32768 32768 32768 32768 32768 32768 32768 320 32768 32768 32768 32768 32768 32768 32768 32768 32768 32768 32768 32768 32768 32768 32768 32768 32768 32768 32784 32784 32768 32768 320 320 320 320 32768 32768
32768 32768 32768 32768 32768 32768 32768 32768 32768 32768 32768 32768 32768 32768 32768 32768 32768 32768 32768 32768 32768 32768 32768 32768 32768 32768 32768 32768 32768 32768 32768 32768 32768 32768 32768 32768 32768 32768 32768 32768 32768 192 192 208 192 32768 192 192 192 208 192 192 640 192 192 192 192 192 192 192 208 192 192 192 192 208 208 208 208 192 192 4288 192 192 192 192 192 192 4288 4288 4288 4288 4288 192 192 192 192 192 192 192 192 4288 4288 4288 4288 4288 192 192 192 192 192 192 192 208 208 20690 20688 20688 4288 4288 192 192 192 192 192 4288 4288 4288 4288 4736 640 640 640 640 640 640 640 640 640 640 640 640 656 640 640 640 640 640 640 640 640 640 640 640 640 640 640 640 640 656 656 660 21136 21136 4288 4736 192 192 192 192 32768 32768 32768 32768 32768 32768 32768 32768 32768 32768 32768 32768 32768 32768 32768 32768 32768 32768 32768 32768 32768 32768 32768 32768 32768 32768 32768 32768 32768 32768 32768 4416 20816 29008 4416 320 320 320 320 32768
32768 32768 32768 32768 32768 32768 32768 32768 32768 32768 32768 32768 32768 32768 32768 32768 32768 32768 32768 32768 32768 32768 32768 32768 32768 32768 32768 32768 32768 32768 32768 32768 32768 32768 32768 32768 32768 32768 32768 32768 192 192 208 192 192 32768 32768 192 192 192 208 208 192 192 192 192 192 192 192 208 192 192 192 192 192 208 208 208 208 192 4288 192 192 192 192 192 192 4288 4288 4288 4288 192 192 192 192 192 192 192 192 192 192 4288 4288 4288 4288 4288 4288 192 192 192 192 192 192 208 210 20690 20690 20688 20688 4288 192 192 192 192 4288 4288 4288 4288 4736 640 640 640 640 640 640 640 640 640 640 640 640 656 640 640 640 640 640 640 640 640 640 640 640 640 640 640 640 640 656 656 660 660 660 4736 4736 4736 640 192 192 192 192 32768 192 32768 32768 32768 32768 32768 32768 32768 32768 32768 32768 32768 32768 32768 32768 32768 32768 32768 32768 32768 32768 32768 32768 32768 32768 32768 32768 32768 4416 4416 4416 20816 4416 4416 320 320 320 32768
32768 32768 32768 32768 32768 32768 32768 32768 32768 32768 32768 32768 32768 32768 32768 32768 32768 32768 32768 32768 32768 32768 32768 32768 32768 32768 32768 32768 32768 32768 32768 32768 32768 32768 32768 32768 32768 32768 32768 32768 32768 32784 192 192 32768 32768 192 192 192 192 192 192 208 192 192 192 192 192 208 192 192 192 192 192 192 192 208 208 208 4288 192 192 192 192 192 192 4288 4288 4288 4288 4288 192 192 192 192 192 192 192 192 192 192 4288 192 4288 4288 4288 4288 4288 192 192 192 192 192 208 210 20690 20690 20690 20688 20688 192 192 192 4288 4288 4288 4288 4736 640 640 640 640 640 640 640 640 640 640 640 640 640 656 640 640 640 640 640 640 640 640 640 640 640 640 640 640 640 656 656 660 660 660 660 4736 4736 4736 640 640 192 640 192 192 192 192 32768 32768 32768 32768 32768 32768 32768 32768 32768 32768 32768 32768 32768 32768 32768 32768 32768 32768 32768 32768 32768 32768 32768 32768 32768 32768 32768 4416 4416 4416 20824 4416 4416 4416 320 32768
32768 32768 32768 32768 32768 32768 32768 32768 32768 32768 32768 32768 32768 32768 32768 32768 32768 32768 32768 32768 32768 32768 32768 32768 32768 32768 32768 32768 32768 32768 32768 32768 32768 32768 32768 32768 32768 32768 32768 32768 32768 208 32768 32768 32768 32768 32768 192 192 192 192 192 192 208 192 192 192 208 192 192 192 192 192 208 208 208 208 210 20688 208 192 192 192 192 192 4288 4288 4288 4288 4288 192 192 192 192 192 192 192 192 192 192 192 4288 192 192 4288 4288 4288 4288 4288 192 192 192 208 208 210 210 20690 20690 20690 20688 20688 4288 4288 4288 4288 4288 4288 4736 640 640 640 640 640 640 640 640 640 640 640 640 656 640 640 640 640 640 640 640 640 640 640 640 640 640 640 656 656 656 656 656 660 660 660 4736 4736 4736 4736 4736 640 640 640 192 192 192 32768 32768 32768 32768 32768 32768 32768 32768 32768 32768 32768 32768 32768 32768 32768 32768 32768 32768 32768 32768 32768 32768 32768 32768 32768 32768 32768 32768 320 20824 20824 20824 20824 4416 32768 32768
32768 32768 32768 32768 32768 32768 32768 32768 32768 32768 32768 32768 32768 32768 32768 32768 32768 32768 32768 32768 32768 32768 32768 32768 32768 32768 32768 32768 32768 32768 32768 32768 32768 32768 32768 32768 32768 32768 32768 32768 32784 32768 32768 32768 32768 32768 192 192 192 192 192 192 192 192 208 192 216 192 192 192 192 192 208 208 210 210 210 20690 210 208 208 208 192 192 4288 4288 4288 4288 4288 192 192 192 192 192 192 192 192 192 192 192 192 4288 192 192 192 4288 4288 4288 4288 192 192 192 208 210 210 210 210 20690 20690 20690 20688 4288 4288 4288 4288 4288 192 4288 640 640 640 640 640 640 640 640 640 640 640 656 640 640 640 640 640 640 640 640 640 640 640 640 640 640 656 656 656 656 656 660 660 660 660 4736 4736 4736 4736 640 4736 4736 640 640 192 32768 192 32768 32768 32768 32768 32768 32768 32768 32768 32768 32768 32768 32768 32768 32768 32768 32768 32768 32768 32768 32768 32768 32768 32768 32768 32768 32768 32768 336 344 20824 20824 32768 32768 32768 32768
32768 32768 32768 32768 32768 32768 32768 32768 32768 32768 32768 32768 32768 32768 32768 32768 32768 32768 32768 32768 32768 32768 32768 32768 32768 32768 32768 32768 32768 32768 32768 32768 32768 32768 32768 32768 32768 32768 32768 32784 32768 32768 32768 32768 32768 32768 32768 192 192 192 192 192 192 192 192 216 216 216 192 192 1152 192 208 210 1170 210 20690 210 210 210 210 208 208 192 4288 4288 4288 4288 192 192 192 192 192 192 192 192 192 192 192 192 192 4288 192 192 192 212 20692 4288 4288 192 192 192 208 210 210 210 210 20690 20690 20690 20688 4288 4288 4288 4288 192 192 4736 640 640 640 640 640 640 640 640 640 640 640 656 640 640 640 640 640 640 640 640 656 656 656 640 640 656 656 656 656 656 656 640 660 660 640 4736 4736 4736 4736 640 640 640 640 640 640 640 640 32768 32768 32768 32768 32768 32768 32768 32768 32768 32768 32768 32768 32768 32768 32768 32768 32768 32768 32768 32768 32768 32768 32768 32768 32768 32784 32784 32768 328 344 32768 32768 32768 32768 32768
32768 32768 32768 32768 32768 32768 32768 32768 32768 32768 32768 32768 32768 32768 32768 32768 32768 32768 32768 32768 32768 32768 32768 32768 32768 32768 32768 32768 32768 32768 32768 32768 32768 32768 32768 32768 32768 32768 32784 32768 32768 32768 32768 32768 32768 32768 192 192 192 192 192 192 192 192 192 216 200 216 192 1152 1152 1152 208 1170 1170 21650 210 210 210 1170 1170 210 208 192 4288 4288 4288 192 192 192 192 192 192 192 192 192 192 192 192 192 192 4288 192 212 212 196 212 212 192 192 192 192 208 210 210 210 210 20690 20690 20690 20688 20688 20688 20688 192 192 640 4736 640 640 640 640 640 640 640 640 640 640 656 640 640 640 640 640 640 640 640 640 656 657 656 656 656 656 656 656 656 640 640 640 640 640 656 4736 4736 4736 4736 640 640 640 640 640 640 640 640 192 32768 32768 32768 32768 32768 32768 32768 32768 32768 32768 32768 32768 32768 32768 32768 32768 32768 32768 32768 32768 32768 32784 32784 32784 32768 32768 32768 32768 32768 32768 32768 32768 32768 32768
32768 32768 32768 32768 32768 32768 32768 32768 32768 32768 32768 32768 32768 32768 32768 32768 32768 32768 32768 32768 32768 32768 32768 32768 32768 32768 32768 32768 32768 32768 32768 32768 32768 32768 32768 32768 32768 32784 32768 32768 32768 32768 32768 32768 32768 192 192 192 192 192 192 192 192 192 192 192 216 192 192 1152 1152 1152 1168 1168 21650 1170 1170 210 1170 1170 1170 1168 208 192 4288 4288 5248 192 192 192 192 192 192 192 192 192 192 192 192 192 192 4288 212 212 212 212 212 192 192 192 192 192 208 208 210 208 20688 20690 20690 20690 20688 20688 20688 20688 20688 656 656 21136 656 656 640 640 640 640 640 640 640 640 656 640 640 640 640 640 640 640 640 656 656 657 656 657 656 656 656 656 640 640 640 640 640 640 640 21136 4736 4736 4736 640 640 640 640 640 640 640 640 32768 32768 32768 32768 32768 32768 32768 32768 32768 32768 32768 32768 32768 32768 32768 32768 32768 32768 32768 32784 32784 32784 32768 32768 32768 32768 32768 32768 32768 32768 32768 32768 32768 32768 32768
32768 32768 32768 32768 32768 32768 32768 32768 32768 32768 32768 32768 32768 32768 32768 32768 32768 32768 32768 32768 32768 32768 32768 32768 32768 32768 32768 32768 32768 32768 32768 32768 32768 32768 32768 32768 32784 32768 32768 32768 32768 32768 32768 32768 32768 32768 32768 32768 192 192 192 192 192 192 192 192 192 208 192 1152 1152 1152 1152 1168 21650 1170 210 1170 1170 1170 1168 1168 192 192 4288 5248 5248 1152 192 192 192 192 192 192 192 192 192 192 192 192 192 4288 192 212 212 212 192 192 192 192 192 192 208 208 208 20688 20688 20688 20690 20688 20688 20688 20688 20688 21136 656 21136 21136 21136 656 656 656 656 656 656 656 660 660 640 640 640 640 640 640 640 640 656 656 657 657 657 657 657 656 656 640 640 640 640 640 640 640 640 4736 21136 4736 4736 640 640 640 640 640 640 640 192 32768 32768 32768 32768 32768 32768 32768 32768 32768 32768 32768 32768 32768 32768 32768 32768 32768 32784 32784 32768 32768 32768 32768 32768 32768 32768 32768 32768 32768 32768 32768 32768 32768 32768 32768
32768 32768 32768 32768 32768 32768 32768 32768 32768 32768 32768 32768 32768 32768 32768 32768 32768 32768 32768 32768 32768 32768 32768 32768 32768 32768 32768 32768 32768 32768 32768 32768 32768 32768 32768 32784 32768 32768 32768 32768 32768 32768 32768 32768 32768 32768 32768 32768 192 192 192 192 192 192 192 192 192 192 1168 1152 1152 1152 1152 1168 1170 1170 1170 208 1168 1168 1168 1168 1168 192 5248 5248 5248 1152 1152 192 192 192 192 192 192 192 192 192 192 192 192 4288 192 192 212 192 192 192 192 192 192 208 208 208 20688 4288 4288 20688 20688 20688 4288 4288 20688 20688 21136 656 21136 21136 21136 656 656 656 656 656 656 660 660 660 660 656 656 656 656 640 640 656 656 657 657 657 657 657 657 656 640 640 640 640 640 640 640 640 640 4736 4736 21136 4736 640 640 640 640 640 640 192 192 192 32768 32768 32768 32768 32768 32768 32768 32768 32768 32768 32768 32768 32768 32784 32784 32784 32768 32768 32768 32768 32768 32768 32768 32768 32768 32768 32768 32768 32768 32768 32768 32768 32768 32768
32768 32768 32768 32768 32768 32768 32768 32768 32768 32768 32768 32768 32768 32768 32768 32768 32768 32768 32768 32768 32768 32768 32768 32768 32768 32768 32768 32768 32768 32768 32768 32768 32768 32768 32784 32768 32768 32768 32768 32768 32768 32768 32768 32768 32768 32768 32768 32768 32768 32768 192 192 192 192 192 192 192 192 1152 1168 1152 1152 1152 1168 1168 1170 1170 1168 1152 1168 1168 1168 208 1168 5248 5248 5248 1152 1152 1152 192 192 192 192 192 192 192 192 192 192 192 4288 4288 208 192 192 192 192 192 192 208 208 208 20688 20688 4288 4288 4288 4288 4288 4288 4288 4288 4736 4736 4736 4736 4736 21136 656 656 656 656 656 656 660 660 660 656 656 656 656 656 656 656 656 657 657 657 657 657 657 657 656 640 640 640 640 640 640 640 640 640 4736 4736 21136 4736 640 640 640 640 640 640 32768 32768 192 32768 32768 32768 32768 32768 32768 32768 32768 32768 32768 32768 32784 32784 32768 32768 32768 32768 32768 32768 32768 32768 32768 32768 32768 32768 32768 32768 32768 32768 32768 32768 32768 32768 32768
32768 32768 32768 32768 32768 32768 32768 32768 32768 32768 32768 32768 32768 32768 32768 32768 32768 32768 32768 32768 32768 32768 32768 32768 32768 32768 32768 32768 32768 32768 32768 32768 32768 32784 32768 32768 32768 32768 32768 32768 32768 32768 32768 32768 32768 32768 32768 32768 32768 32768 192 192 192 192 192 192 192 1152 1152 1152 1168 1152 1152 1152 1168 1168 1168 1168 1152 1152 1168 208 1168 1168 21648 5248 5248 1152 1152 192 192 192 192 192 192 192 192 192 192 192 192 192 20688 192 192 192 192 192 192 208 208 208 20688 20688 4288 4288 4288 192 4288 4288 4288 192 4288 4736 4736 4736 4736 4736 4736 640 640 640 640 640 660 660 660 660 660 656 656 656 656 656 656 657 657 657 657 657 657 657 657 656 656 640 640 640 640 640 640 640 640 4736 4736 4736 656 640 640 640 640 640 640 32768 32768 192 192 32768 32768 32768 32768 32768 32768 32768 32784 32784 32784 32768 32768 32768 32768 32768 32768 32768 32768 32768 32768 32768 32768 32768 32768 32768 32768 32768 32768 32768 32768 32768 32768 32768
32768 32768 32768 32768 32768 32768 32768 32768 32768 32768 32768 32768 32768 32768 32768 32768 32768 32768 32768 32768 32768 32768 32768 32768 32768 32768 32768 32768 32768 32768 32768 32768 32784 32768 32768 32768 32768 32768 32768 32768 32768 32768 32768 32768 32768 32768 32768 32768 192 32768 192 192 192 192 192 192 1152 1152 1152 1152 1152 1168 1152 1152 1152 1152 1152 1152 1152 1152 1152 1168 1168 1168 21648 21648 5248 192 192 192 192 1152 192 192 192 192 192 192 192 192 192 4288 208 192 192 192 192 192 192 208 208 20688 20688 4288 4288 4288 192 192 4288 4288 4288 192 192 4288 4736 4736 4736 4736 4736 640 640 640 640 640 640 660 660 660 640 640 640 656 656 656 656 656 657 657 657 657 657 657 657 657 656 640 640 640 640 640 640 640 640 4736 4736 4736 640 656 640 640 640 640 640 32768 32768 32768 32768 32768 32768 32768 32768 32768 32784 32784 32768 32768 32768 32768 32768 32768 32768 32768 32768 32768 32768 32768 32768 32768 32768 32768 32768 32768 32768 32768 32768 32768 32768 32768 32768 32768
32768 32768 32768 32768 32768 32768 32768 32768 32768 32768 32768 32768 32768 32768 32768 32768 32768 32768 32768 32768 32768 32768 32768 32768 32768 32768 32768 32768 32768 32768 32768 32768 32784 32768 32768 32768 32768 32768 32768 32768 32768 32768 32768 32768 32768 32768 32768 32768 32768 192 32768 192 192 192 192 192 192 1152 1152 1152 1152 1168 1152 1152 1152 1152 1152 1152 1152 1152 1152 1152 1168 1168 21648 21648 21648 1152 192 192 1152 1152 1152 192 192 192 192 192 192 192 192 20688 192 192 192 192 192 192 208 208 208 20688 4288 4288 4288 192 192 192 4288 4288 4288 192 192 192 4288 4736 4736 4736 4736 640 640 640 640 640 656 640 640 640 640 640 640 640 640 640 640 656 656 656 657 657 657 657 657 657 656 640 640 640 640 2688 640 640 640 4736 4736 4736 640 640 656 640 640 640 640 32768 32768 32768 32768 32768 32768 32784 32784 32784 32768 32768 32768 32768 32768 32768 32768 32768 32768 32768 32768 32768 32768 32768 32768 32768 32768 32768 32768 32768 32768 32768 32768 32768 32768 32768 32768 32768
32768 32768 32768 32768 32768 32768 32768 32768 32768 32768 32768 32768 32768 32768 32768 32768 32768 32768 32768 32768 32768 32768 32768 32768 32768 32768 32768 32768 32768 32768 32768 32784 32768 32768 32768 32768 32768 32768 32768 32768 32768 32768 32768 32768 32768 32768 32768 32768 192 192 192 192 192 192 192 192 192 1152 1152 1152 3200 3200 1168 3200 1152 3200 1152 1152 1152 1152 1152 1152 1152 1168 21648 21648 21648 1168 1152 1152 1152 1152 1152 192 192 192 192 192 192 216 216 4288 192 192 192 192 192 208 208 208 20688 20688 4288 4288 192 192 192 192 4288 4288 4288 192 192 192 4288 4288 4736 4736 4736 4288 192 640 640 640 656 640 640 640 640 640 640 640 640 640 640 640 640 656 656 657 657 656 657 656 656 640 640 640 640 2688 640 640 4736 4736 4736 4736 640 640 640 656 640 640 32768 32768 32768 32768 32784 32784 32784 32768 32768 32768 32768 32768 32768 32768 32768 32768 32768 32768 32768 32768 32768 32768 32768 32768 32768 32768 32768 32768 32768 32768 32768 32768 32768 32768 32768 32768 32768 32768
32768 32768 32768 32768 32768 32768 32768 32768 32768 32768 32768 32768 32768 32768 32768 32768 32768 32768 32768 32768 32768 32768 32768 32768 32768 32768 32768 32768 32768 32768 32784 32768 32768 32768 32768 32768 32768 32768 32768 32768 32768 32768 32768 32768 32768 32768 32768 32768 32768 32768 32768 32768 192 192 192 1152 1152 1152 1152 3200 3200 3200 3200 3216 3200 3200 3200 3200 3200 1152 1152 1152 1152 1152 21648 21648 21648 1168 1168 1152 1152 1152 1152 192 192 192 192 192 192 216 216 20696 192 192 192 192 208 208 208 20688 20688 4288 4288 4288 192 192 192 192 4288 4288 4288 192 192 4288 4288 4288 4288 4736 4288 4288 4288 192 192 656 640 640 640 640 640 640 640 640 640 640 640 640 640 640 656 656 656 656 656 656 640 640 640 640 2688 2688 2688 2688 4736 4736 4736 4736 640 640 640 640 216 216 192 192 208 32784 32768 32768 32768 32768 32768 32768 32768 32768 32768 32768 32768 32768 32768 32768 32768 32768 32768 32768 32768 32768 32768 32768 32768 32768 32768 32768 32768 32768 32768 32768 32768 32768 32768 32768
32768 32768 32768 32768 32768 32768 32768 32768 32768 32768 32768 32768 32768 32768 32768 32768 32768 32768 32768 32768 32768 32768 32768 32768 32768 32768 32768 32768 32768 32784 32768 32768 32768 32768 32768 32768 32768 32768 32768 32768 32768 32768 32768 32768 32768 32768 32768 32768 32768 32768 32768 192 32768 192 1152 1152 1152 1152 1152 3200 3200 3200 3200 3200 3216 3200 3200 3200 3200 3200 3200 1152 1152 1152 5248 21648 21648 1168 1168 1152 1152 1152 1152 1152 192 192 192 208 216 216 200 20696 192 192 192 192 208 208 20688 20688 4288 4288 4288 192 192 192 192 192 4288 4288 4288 192 4288 4288 4288 4288 4288 4288 4288 4288 4288 4288 192 656 640 640 640 640 640 640 640 640 640 640 640 640 640 640 640 640 640 640 640 640 640 640 640 32768 2688 2688 2688 6784 6784 4736 4736 4736 640 32768 192 216 216 200 216 208 32768 32768 32768 32768 32768 32768 32768 32768 32768 32768 32768 32768 32768 32768 32768 32768 32768 32768 32768 32768 32768 32768 32768 32768 32768 32768 32768 32768 32768 32768 32768 32768 32768 32768 32768 32768
32768 32768 32768 32768 32768 32768 32768 32768 32768 32768 32768 32768 32768 32768 32768 32768 32768 32768 32768 32768 32768 32768 32768 32768 32768 32768 32768 32768 32784 32768 32768 32768 32768 32768 32768 32768 32768 32768 32768 32768 32768 32768 32768 32768 32768 32768 32768 32768 32768 32768 32768 32768 32768 192 1152 1152 1152 1152 3200 3200 3200 3200 3200 3200 3200 3216 3200 3200 3200 3200 3200 3200 1152 1152 5248 5248 21648 21648 1168 1168 1152 1152 1152 1152 1168 208 208 192 192 192 192 4288 208 208 192 208 208 208 20688 4288 4288 4288 192 192 192 192 192 4288 4288 4288 4288 4288 4288 4288 4288 4288 192 192 4288 4288 4288 4288 20688 640 640 640 640 640 640 640 640 640 640 640 640 640 640 640 640 640 640 640 640 640 32768 32768 32768 640 2688 2688 2688 6784 4736 4736 4736 640 640 32768 32768 192 216 216 216 32768 32768 32768 32768 32768 32768 32768 32768 32768 32768 32768 32768 32768 32768 32768 32768 32768 32768 32768 32768 32768 32768 32768 32768 32768 32768 32768 32768 32768 32768 32768 32768 32768 32768 32768 32768 32768
32768 32768 32768 32768 32768 32768 32768 32768 32768 32768 32768 32768 32768 32768 32768 32768 32768 32768 32768 32768 32768 32768 32768 32768 32768 32768 32768 32784 32768 32768 32768 32768 32768 32768 32768 32768 32768 32768 32768 32768 32768 32768 32768 32768 32768 32768 32768 32768 32768 32768 32768 32768 32768 32768 32768 32768 5248 5248 32768 32768 32768 3200 3200 3200 3200 3200 3220 3200 3200 3200 3200 1152 1152 1152 5248 5248 21648 21648 1168 1168 1168 1152 1168 1680 1152 192 192 192 192 192 192 4288 192 192 208 208 208 20688 20688 4288 4288 192 192 192 192 192 192 4288 4288 4288 4288 4288 4288 4288 4288 192 192 192 192 4288 4288 20688 4288 4736 640 640 640 640 640 640 640 640 640 640 640 640 640 640 640 640 640 32768 640 640 32768 32768 32768 32768 32768 32768 32768 32768 4288 32768 32768 640 32768 32768 32768 32768 192 216 192 32768 32768 32768 32768 32768 32768 32768 32768 32768 32768 32768 32768 32768 32768 32768 32768 32768 32768 32768 32768 32768 32768 32768 32768 32768 32768 32768 32768 32768 32768 32768 32768 32768 32768 32768 32768 32768
32768 32768 32768 32768 32768 32768 32768 32768 32768 32768 32768 32768 32768 32768 32768 32768 32768 32768 32768 32768 32768 32768 32768 32768 32768 32768 32784 32768 32768 32768 32768 32768 32768 32768 32768 32768 32768 32768 32768 32768 32768 32768 32768 32768 32768 32768 32768 32768 32768 32768 32768 32768 32768 32768 32768 32768 32768 4288 32768 32768 32768 32768 3200 3200 3200 3220 3220 3220 3200 3200 3200 1152 1152 1152 5248 21656 21656 21648 1168 1168 1168 1168 1664 1664 640 192 192 192 192 192 192 4288 192 208 208 208 20688 20688 4288 4288 4288 192 192 192 192 192 192 4288 4288 4288 4288 4288 4288 4288 192 192 192 192 192 192 4288 20688 4288 4288 4736 640 640 640 640 640 640 640 640 640 640 640 640 192 192 32768 32768 32768 192 32768 32768 32768 32768 32768 32768 32768 32768 32768 32768 32768 32768 32768 32768 32768 32768 32768 192 192 192 32768 32768 32768 32768 32768 32768 32768 32768 32768 32768 32768 32768 32768 32768 32768 32768 32768 32768 32768 32768 32768 32768 32768 32768 32768 32768 32768 32768 32768 32768 32768 32768 32768 32768 32768 32768 32768
32768 32768 32768 32768 32768 32768 32768 32768 32768 32768 32768 32768 32768 32768 32768 32768 32768 32768 32768 32768 32768 32768 32768 32768 32768 32784 32768 32768 32768 32768 32768 32768 32768 32768 32768 32768 32768 32768 32768 32768 32768 32768 32768 32768 32768 32768 32768 32768 32768 32768 32768 32768 32768 32768 4288 4288 4288 4288 4288 4288 4288 32768 32768 3200 3220 3220 3220 3220 3216 3216 3216 3216 3216 1168 21656 21656 21656 21656 1168 1168 1168 1680 656 640 640 192 192 208 208 208 208 4288 192 208 208 20688 20688 20688 4288 4288 192 192 192 192 192 192 192 192 4288 4288 6272 4288 4288 192 192 192 192 192 192 4288 20688 4288 4288 4288 4736 4736 640 640 640 640 640 640 640 192 192 192 192 192 192 32768 32768 32768 32768 32768 32768 32768 32768 32768 32768 32768 32768 32768 32768 32768 32768 32768 32768 32768 32768 32768 32768 32768 32768 32768 32768 32768 32768 32768 32768 32768 32768 32768 32768 32768 32768 32768 32768 32768 32768 32768 32768 32768 32768 32768 32768 32768 32768 32768 32768 32768 32768 32768 32768 32768 32768 32768 32768 32768 32768 32768
32768 32768 32768 32768 32768 32768 32768 32768 32768 32768 32768 32768 32768 32768 32768 32768 32768 32768 32768 32768 32768 32768 32768 32768 32784 32768 32768 32768 32768 32768 32768 32768 32768 32768 32768 32768 32768 32768 32768 32768 32768 32768 32768 32768 32768 32768 32768 32768 32768 32768 32768 32768 32768 32768 4288 4288 4288 4288 4288 4288 4288 32768 32768 3200 3220 3220 3220 3200 3200 3200 3200 3200 3200 3200 21656 5256 21656 5248 1152 1680 1680 656 656 656 640 192 208 208 210 210 20688 20688 208 208 20688 20688 4288 4288 20688 192 192 192 192 192 192 192 192 6272 4288 6272 6272 6272 192 192 192 192 192 192 4288 20688 4288 4288 4288 4736 4736 4736 4288 192 192 192 192 192 192 192 192 192 192 32768 192 192 32768 32768 32768 32768 32768 32768 32768 32768 32768 32768 32768 32768 32768 32768 32768 32768 32768 32768 32768 32768 32768 32768 32768 32768 32768 32768 32768 32768 32768 32768 32768 32768 32768 32768 32768 32768 32768 32768 32768 32768 32768 32768 32768 32768 32768 32768 32768 32768 32768 32768 32768 32768 32768 32768 32768 32768 32768 32768 32768 32768
32768 32768 32768 32768 32768 32768 32768 32768 32768 32768 32768 32768 32768 32768 32768 32768 32768 32768 32768 32768 32768 32768 32768 32784 32768 32768 32768 32768 32768 32768 32768 32768 32768 32768 32768 32768 32768 32768 32768 32768 32768 32768 32768 32768 32768 32768 32768 32768 32768 32768 32768 32768 32768 32768 32768 32768 4288 4288 4288 4288 32768 32768 192 32768 3220 3204 3220 3200 3200 3200 3200 3200 3200 5248 5248 21656 5248 1152 1664 1664 656 656 656 656 656 656 208 210 210 210 210 20688 20688 208 20688 20688 4288 4288 192 208 208 192 216 192 192 192 6272 6272 6272 6272 6272 2176 2176 192 192 192 192 4288 4288 20688 4288 4288 192 4288 4288 4288 4288 4288 192 192 192 192 192 192 192 192 32768 32768 32768 32768 32768 32768 32768 32768 32768 32768 32768 32768 32768 32768 32768 32768 32768 32768 32768 32768 32768 32768 32768 32768 32768 32768 32768 32768 32768 32768 32768 32768 32768 32768 32768 32768 32768 32768 32768 32768 32768 32768 32768 32768 32768 32768 32768 32768 32768 32768 32768 32768 32768 32768 32768 32768 32768 32768 32768 32768 32768 32768 32768 32768
32768 32768 32768 32768 32768 32768 32768 32768 32768 32768 32768 32768 32768 32768 32768 32768 32768 32768 32768 32768 32768 32768 32768 32784 32768 32768 32768 32768 32768 32768 32768 32768 32768 32768 32768 32768 32768 32768 32768 32768 32768 32768 32768 32768 32768 32768 32768 32768 32768 32768 32768 32768 32768 32768 32768 32768 32768 32768 32768 32768 32768 32768 32768 32768 3200 32768 3200 3200 3200 3200 3200 1152 1152 5248 5248 5248 5760 1664 1664 1664 640 656 656 656 656 658 210 210 210 210 210 20690 210 20688 20688 4288 4288 192 192 192 192 216 200 216 216 22672 6272 6272 6272 6272 6272 2176 192 192 192 192 4288 4288 20688 4288 4288 192 192 192 4288 4288 4288 4288 4288 192 192 192 192 192 192 192 32768 32768 32768 32768 32768 32768 32768 32768 32768 32768 32768 32768 32768 32768 32768 32768 32768 32768 32768 32768 32768 32768 32768 32768 32768 32768 32768 32768 32768 32768 32768 32768 32768 32768 32768 32768 32768 32768 32768 32768 32768 32768 32768 32768 32768 32768 32768 32768 32768 32768 32768 32768 32768 32768 32768 32768 32768 32768 32768 32768 32768 32768 32768 32768
32768 32768 32768 32768 32768 32768 32768 32768 32768 32768 32768 32768 32768 32768 32768 32768 32768 32768 32768 32768 32768 32768 32784 32768 32768 32768 32768 32768 32768 32768 32768 32768 32768 32768 32768 32768 32768 32768 32768 32768 32768 32768 32768 32768 32768 32768 32768 32768 32768 32768 32768 32768 32768 32768 32768 32768 32768 32768 32768 32768 32768 32768 32768 32768 32768 3200 3200 3200 3200 1152 1152 1152 1152 5248 5248 5760 5760 1664 1664 640 640 640 656 656 658 658 210 210 210 210 210 20690 20690 20688 20688 20688 4288 192 192 192 192 216 216 216 4288 4288 22672 22672 22672 22672 6272 2176 2176 192 192 4288 4288 4288 20688 4288 192 192 192 192 192 4288 4288 4288 4288 4288 192 192 32768 32768 32768 32768 32768 32768 32768 32768 32768 32768 32768 32768 32768 32768 32768 32768 32768 32768 32768 32768 32768 32768 32768 32768 32768 32768 32768 32768 32768 32768 32768 32768 32768 32768 32768 32768 32768 32768 32768 32768 32768 32768 32768 32768 32768 32768 32768 32768 32768 32768 32768 32768 32768 32768 32768 32768 32768 32768 32768 32768 32768 32768 32768 32768 32768 32768 32768 32768
32768 32768 32768 32768 32768 32768 32768 32768 32768 32768 32768 32768 32768 32768 32768 32768 32768 32768 32768 32768 32768 32784 32768 32768 32768 32768 32768 32768 32768 32768 32768 32768 32768 32768 32768 32768 32768 32768 32768 32768 32768 32768 32768 32768 32768 32768 32768 32768 32768 32768 32768 32768 32768 32768 32768 32768 32768 32768 32768 32768 32768 32768 32768 32768 32768 32768 32768 3200 1152 1152 1152 1152 1152 5760 5760 5760 5760 640 640 640 640 640 640 656 656 658 658 210 210 210 210 20690 20688 20688 20688 20688 208 192 192 192 192 192 216 4288 4288 6272 6272 6272 6272 6272 22672 2192 2192 2176 4288 20696 20696 20696 4288 192 192 192 192 192 192 192 4288 4288 4288 32768 32768 32768 32768 32768 32768 32768 32768 32768 32768 32768 32768 32768 32768 32768 32768 32768 32768 32768 32768 32768 32768 32768 32768 32768 32768 32768 32768 32768 32768 32768 32768 32768 32768 32768 32768 32768 32768 32768 32768 32768 32768 32768 32768 32768 32768 32768 32768 32768 32768 32768 32768 32768 32768 32768 32768 32768 32768 32768 32768 32768 32768 32768 32768 32768 32768 32768 32768 32768 32768 32768
32768 32768 32768 32768 32768 32768 32768 32768 32768 32768 32768 32768 32768 32768 32768 32768 32768 32768 32768 32768 32784 32768 32768 32768 32768 32768 32768 32768 32768 32768 32768 32768 32768 32768 32768 32768 32768 32768 32768 32768 32768 32768 32768 32768 32768 32768 32768 32768 32768 32768 32768 32768 32768 32768 32768 32768 32768 32768 32768 32768 32768 32768 32768 32768 32768 32768 32768 32768 1152 1152 1152 1152 1664 1664 5760 5760 4736 640 640 640 640 640 640 640 656 658 658 658 210 210 20690 20688 20688 20688 20688 20688 208 208 192 192 192 192 22672 4288 4288 6272 6272 6272 6272 6272 6272 2176 2176 22672 20696 20696 4296 20696 216 192 192 192 192 192 192 192 4288 4288 32768 4288 32768 32768 32768 32768 32768 32768 32768 32768 32768 32768 32768 32768 32768 32768 32768 32768 32768 32768 32768 32768 32768 32768 32768 32768 32768 32768 32768 32768 32768 32768 32768 32768 32768 32768 32768 32768 32768 32768 32768 32768 32768 32768 32768 32768 32768 32768 32768 32768 32768 32768 32768 32768 32768 32768 32768 32768 32768 32768 32768 32768 32768 32768 32768 32768 32768 32768 32768 32768 32768 32768
32768 32768 32768 32768 32768 32768 32768 32768 32768 32768 32768 32768 32768 32768 32768 32768 32768 32768 32768 336 32768 32768 32768 32768 32768 32768 32768 32768 32768 32768 32768 32768 32768 32768 32768 32768 32768 32768 32768 32768 32768 32768 32768 32768 32768 32768 32768 32768 32768 32768 32768 320 320 320 320 32768 32768 32768 32768 32768 32768 32768 32768 32768 32768 32768 32768 1152 1152 1664 1664 1664 1664 1664 5760 4736 4736 640 640 640 640 640 640 640 656 656 658 656 210 20690 20690 20688 4288 4288 20688 208 208 208 208 208 192 2176 22672 6272 4288 6272 2176 6272 6272 6272 6272 6272 6272 6272 4288 6272 20696 216 192 192 192 192 192 192 192 192 4288 4288 4288 4288 4288 32768 192 32768 32768 32768 32768 32768 32768 32768 32768 32768 32768 32768 32768 32768 32768 32768 32768 32768 32768 32768 32768 32768 32768 32768 32768 32768 32768 32768 32768 32768 32768 32768 32768 32768 32768 32768 32768 32768 32768 32768 32768 32768 32768 32768 32768 32768 32768 32768 32768 32768 32768 32768 32768 32768 32768 32768 32768 32768 32768 32768 32768 32768 32768 32768 32768 32768 32768 32768
32768 32768 32768 32768 32768 32768 32768 32768 32768 32768 32768 32768 32768 32768 32768 32768 32768 32768 344 320 320 32768 32768 32768 32768 32768 32768 32768 32768 32768 32768 32768 32768 32768 32768 32768 32768 32768 32768 32768 32768 32768 32768 32768 32768 32768 32768 32768 32768 32768 320 320 320 320 320 320 320 32768 32768 32768 32768 32768 32768 32768 32768 32768 32768 32768 1664 1664 1664 1664 1664 1664 5760 4736 4736 640 640 640 640 640 640 640 640 656 656 656 21136 20690 20688 20688 4288 192 192 208 208 208 208 208 208 22672 6272 6272 6272 6272 2176 6272 6272 6272 6272 6272 6272 6272 6272 6272 2176 192 192 192 192 192 192 192 192 192 192 4288 4288 4288 4288 4288 192 32768 32768 32768 32768 32768 32768 32768 32768 32768 32768 32768 32768 32768 32768 32768 32768 32768 32768 32768 32768 32768 32768 32768 32768 32768 32768 32768 32768 32768 32768 32768 32768 32768 32768 32768 32768 32768 32768 32768 32768 32768 32768 32768 32768 32768 32768 32768 32768 32768 32768 32768 32768 32768 32768 32768 32768 32768 32768 32768 32768 32768 32768 32768 32768 32768 32768 32768
32768 32768 32768 32768 32768 32768 32768 32768 32768 32768 32768 32768 32768 32768 32768 32768 32768 344 344 344 320 320 32768 320 320 320 32768 32768 32768 32768 32768 32768 32768 32768 32768 32768 32768 32768 32768 32768 32768 32768 32768 32768 32768 32768 32768 32768 32768 4416 4416 320 320 320 320 320 320 320 32768 32768 32768 32768 32768 32768 32768 32768 32768 32768 32768 1664 1664 1664 1664 1664 4736 4736 4736 640 640 640 640 640 640 640 640 640 640 4736 21136 21136 20688 4288 4288 4288 192 192 208 208 208 208 20688 20688 6272 6272 6272 2176 6272 6272 6272 6272 6272 6272 6272 6272 6272 2176 2176 2176 192 192 192 192 192 192 192 192 192 192 4288 4288 4288 4288 4288 32768 32768 32768 32768 32768 32768 32768 32768 32768 32768 32768 320 320 32768 32768 32768 32768 32768 32768 32768 32768 32768 32768 32768 32768 32768 32768 32768 32768 32768 32768 32768 32768 32768 32768 32768 32768 32768 32768 32768 32768 32768 32768 32768 32768 32768 32768 32768 32768 32768 32768 32768 32768 32768 32768 32768 32768 32768 32768 32768 32768 32768 32768 32768 32768 32768 32768
32768 32768 32768 32768 32768 32768 32768 32768 32768 32768 32768 32768 32768 32768 32768 32768 32768 344 344 320 320 320 320 320 320 320 320 32768 32768 32768 32768 32768 32768 32768 32768 32768 32768 32768 32768 32768 32768 32768 32768 32768 32768 32768 32768 32768 4416 4416 4416 4416 320 320 320 320 320 320 32768 32768 32768 32768 32768 32768 32768 32768 32768 32768 32768 32768 1664 1664 1664 640 4736 4736 4736 640 640 640 640 640 640 640 640 640 4736 4736 4736 4736 4288 4288 4288 4288 192 192 192 192 208 20688 20688 20688 22672 22672 6272 6272 6272 6272 6272 6272 6272 6272 6272 2176 2176 2176 2176 2176 2176 192 192 192 192 192 192 192 192 192 4288 4288 4288 4288 4288 32768 32768 32768 32768 32768 32768 32768 32768 32768 32768 320 320 320 320 320 32768 32768 32768 32768 32768 32768 32768 32768 32768 32768 32768 32768 32768 32768 32768 32768 32768 32768 32768 32768 32768 32768 32768 32768 32768 32768 32768 32768 32768 32768 32768 32768 32768 32768 32768 32768 32768 32768 32768 32768 32768 32768 32768 32768 32768 32768 32768 32768 32768 32768 32768 32768
32768 32768 32768 32768 32768 32768 32768 32768 32768 32768 32768 32768 32768 32768 32768 32768 32768 328 344 344 320 320 320 320 320 320 32768 32768 32768 32768 32768 32768 32768 32768 32768 32768 32768 32768 32768 32768 32768 32768 32768 32768 32768 32768 32768 32768 32768 4416 4416 4416 4416 4416 320 320 320 320 32768 32768 32768 32768 32768 32768 32768 32768 32768 32768 32768 1664 1664 1664 640 640 4736 4736 4736 640 640 640 640 640 640 640 640 4736 4736 4736 4736 4736 4736 4288 4288 4288 4288 192 192 192 4288 20688 20688 20688 22672 22672 22672 6272 6272 6272 6272 6272 6272 6272 2176 2176 2176 2176 2176 2176 192 192 192 192 192 192 192 192 192 192 4288 4288 4288 4288 4288 32768 32768 32768 32768 32768 32768 32768 32768 32768 32768 32768 320 320 320 320 320 320 32768 32768 32768 32768 32768 32768 32768 32768 32768 32768 32768 32768 32768 32768 32768 32768 32768 32768 32768 32768 32768 32768 32768 32768 32768 32768 32768 32768 32768 32768 32768 32768 32768 32768 32768 32768 32768 32768 32768 32768 32768 32768 32768 32768 32768 32768 32768 32768 32768 32768
32768 32768 32768 32768 32768 32768 32768 32768 32768 32768 32768 32768 32768 32768 32768 32768 32768 32768 344 320 320 320 320 320 320 320 32768 32768 32768 32768 32768 32768 32768 32768 32768 32768 32768 32768 32768 32768 32768 32768 32768 32768 32768 32768 32768 32768 32768 4416 4416 4416 4416 4416 4416 320 320 32768 32768 32768 32768 32768 32768 32768 32768 32768 32768 32768 32768 1664 1664 1664 640 640 4736 4736 4736 640 640 640 640 640 640 640 640 4736 4736 4736 4736 4736 4736 4736 4288 4288 4288 192 192 192 4288 4288 20688 20688 20688 22672 22672 22672 6272 6272 6272 6272 6272 2176 2176 2176 2176 2176 2176 192 192 192 192 192 192 192 192 192 192 192 4288 4288 32768 32768 32768 32768 32768 32768 32768 32768 32768 32768 32768 32768 32768 320 320 320 320 320 320 32768 32768 32768 32768 32768 32768 32768 32768 32768 32768 32768 32768 32768 32768 32768 32768 32768 32768 32768 32768 32768 32768 32768 32768 32768 32768 32768 32768 32768 32768 32768 32768 32768 32768 32768 32768 32768 32768 32768 32768 32768 32768 32768 32768 32768 32768 32768 32768 32768 32768 32768
32768 32768 32768 32768 32768 32768 32768 32768 32768 32768 32768 32768 32768 32768 32768 32768 32768 32768 32768 336 320 320 320 320 320 320 32768 32768 32768 32768 32768 32768 32768 32768 32768 32768 32768 32768 32768 32768 32768 32768 32768 32768 32768 32768 32768 32768 32768 32768 32768 4416 4416 4416 4416 320 32768 32768 32768 32768 32768 32768 32768 32768 32768 32768 32768 32768 32768 1664 1664 640 640 640 4736 4736 4736 640 640 640 640 640 640 640 640 4736 4736 4736 4736 4736 4736 4736 4736 4288 4288 4288 4288 4288 4288 4288 20696 4288 20688 20688 20688 22672 22672 2192 2176 6272 2176 2176 2176 192 192 2176 192 192 192 192 192 192 192 192 192 192 192 192 4288 4288 4288 4288 32768 32768 32768 32768 32768 32768 32768 32768 32768 32768 320 320 320 320 320 320 32768 32768 32768 32768 32768 32768 32768 32768 32768 32768 32768 32768 32768 32768 32768 32768 32768 32768 32768 32768 32768 32768 32768 32768 32768 32768 32768 32768 32768 32768 32768 32768 32768 32768 32768 32768 32768 32768 32768 32768 32768 32768 32768 32768 32768 32768 32768 32768 32768 32768 32768 32768
32768 32768 32768 32768 32768 32768 32768 32768 32768 32768 32768 32768 32768 32768 32768 32768 32768 32768 32768 32768 8528 320 320 320 320 32768 32768 32768 32768 32768 32768 32768 32768 32768 32768 32768 32768 32768 32768 32768 32768 320 320 32768 32768 32768 32768 32768 32768 32768 32768 32768 32768 4416 4416 32768 32768 32768 32768 32768 32768 32768 32768 32768 32768 32768 32768 32768 1664 1664 1664 640 640 640 4736 4736 4736 4736 4736 4736 4736 4736 4736 4736 4736 4736 4736 4736 4736 4736 4736 4736 4736 4736 4288 4288 4288 4288 4288 20696 4296 20696 4288 22672 22672 2192 2192 2192 2192 6272 2176 2176 2176 2176 192 192 192 192 192 192 192 192 192 192 192 192 192 192 192 4288 4288 4288 32768 32768 32768 32768 32768 32768 32768 32768 32768 320 320 320 320 320 320 320 320 32768 32768 32768 32768 32768 32768 32768 32768 32768 32768 32768 32768 32768 32768 32768 32768 32768 32768 32768 32768 32768 32768 32768 32768 32768 32768 32768 32768 32768 32768 32768 32768 32768 32768 32768 32768 32768 32768 32768 32768 32768 32768 32768 32768 32768 32768 32768 32768 32768 32768 32768
32768 32768 32768 32768 32768 32768 32768 32768 32768 32768 32768 32768 32768 32768 320 32768 32768 32768 32768 32768 32784 320 320 32768 32768 32768 32768 32768 32768 32768 32768 32768 32768 32768 32768 32768 32768 32768 32768 32768 320 320 320 320 32768 32768 32768 32768 32768 32768 32768 32768 32768 32768 32768 32768 32768 32768 32768 32768 32768 32768 32768 32768 32768 32768 32768 32768 32768 1664 640 640 640 640 4736 4736 4736 4736 4736 4736 4736 4736 4736 4736 4736 4736 4736 4736 4736 4736 4736 4736 4736 4736 4736 4288 4288 4288 4288 21656 21656 20696 4288 4288 2192 2192 2192 2192 2192 22672 2176 2176 2176 2176 192 192 192 192 192 192 192 192 192 192 192 192 192 192 192 4288 4288 32768 32768 32768 32768 32768 32768 32768 32768 32768 32768 32768 320 320 320 320 320 320 32768 32768 32768 32768 32768 32768 32768 32768 32768 32768 32768 32768 32768 32768 32768 32768 32768 32768 32768 32768 32768 32768 32768 32768 32768 32768 32768 32768 32768 32768 32768 32768 32768 32768 32768 32768 32768 32768 32768 32768 32768 32768 32768 32768 32768 32768 32768 32768 32768 32768 32768 32768
32768 32768 32768 32768 32768 32768 32768 32768 32768 32768 32768 32768 32768 320 320 320 32768 32768 32768 32768 32768 336 32768 32768 32768 32768 32768 32768 32768 32768 32768 32768 32768 32768 32768 32768 32768 32768 32768 32768 320 320 320 320 320 32768 32768 32768 32768 32768 32768 32768 32768 32768 32768 32768 32768 32768 32768 32768 32768 32768 32768 32768 32768 32768 32768 32768 640 32768 640 640 640 640 4736 4736 4736 4736 4736 4736 4736 4736 4736 4736 4736 4736 4736 4736 4736 4736 4736 4736 4736 4736 4736 4736 4288 5248 21648 5248 5248 5248 1168 1152 192 2176 2192 208 2192 22672 2192 2192 2176 192 192 192 192 192 192 192 192 192 192 192 192 192 192 192 192 192 192 192 32768 32768 32768 32768 32768 32768 32768 32768 32768 32768 32768 320 320 320 320 32768 32768 32768 32768 32768 32768 32768 32768 32768 32768 32768 32768 32768 32768 32768 32768 32768 32768 32768 32768 32768 32768 32768 32768 32768 32768 32768 32768 32768 32768 32768 32768 32768 32768 32768 32768 32768 32768 32768 32768 32768 32768 32768 32768 32768 32768 32768 32768 32768 32768 32768 32768 32768
32768 32768 32768 32768 32768 32768 32768 32768 32768 32768 32768 32768 32768 320 320 320 320 32768 32768 32768 32768 32784 32768 32768 32768 32768 32768 32768 32768 32768 32768 32768 32768 32768 320 32768 32768 32768 32768 32768 320 320 320 320 320 32768 32768 32768 32768 32768 32768 32768 32768 32768 32768 32768 32768 32768 32768 32768 32768 32768 32768 32768 32768 32768 32768 32768 640 32768 32768 640 640 640 4736 4736 4736 640 640 640 640 4736 4736 4736 640 4736 4736 4736 640 4736 4736 4736 4736 640 4736 640 1664 1168 5248 5248 5248 1152 1152 1168 192 1152 192 208 208 22672 2192 208 208 192 192 192 192 192 192 192 192 192 192 192 192 192 192 192 192 192 192 192 32768 32768 32768 32768 32768 32768 32768 32768 32768 32768 32768 32768 32768 320 32768 32768 32768 32768 32768 32768 32768 32768 32768 32768 32768 32768 32768 32768 32768 32768 32768 32768 32768 32768 32768 32768 32768 32768 32768 32768 32768 32768 32768 32768 32768 32768 32768 32768 32768 32768 32768 32768 32768 32768 32768 32768 32768 32768 32768 32768 32768 32768 32768 32768 32768 32768 32768 32768
32768 32768 32768 32768 32768 32768 32768 32768 32768 32768 32768 32768 32768 32768 320 320 320 32768 32768 32768 32768 32768 32784 32768 32768 32768 32768 32768 32768 32768 32768 32768 320 320 320 320 32768 32768 32768 32768 32768 32768 320 320 32768 32768 32768 32768 32768 32768 32768 32768 32768 32768 32768 32768 32768 32768 32768 32768 32768 32768 32768 32768 32768 32768 32768 32768 640 640 640 640 640 640 4736 4736 4736 640 640 640 640 640 640 640 640 4736 4736 4736 640 640 4736 4736 4736 640 4736 640 640 1680 1152 1152 1152 1152 1152 1152 1168 1152 1152 192 208 20688 208 208 208 208 192 192 192 192 192 192 192 192 192 192 192 192 192 192 192 192 192 192 192 32768 32768 32768 32768 32768 32768 32768 32768 32768 32768 32768 32768 32768 32768 32768 32768 32768 32768 32768 32768 32768 32768 32768 32768 32768 32768 32768 32768 32768 32768 32768 32768 32768 32768 32768 32768 32768 32768 32768 32768 32768 32768 32768 32768 32768 32768 32768 32768 32768 32768 32768 32768 32768 32768 32768 32768 32768 32768 32768 32768 32768 32768 32768 32768 32768 32768 32768
32768 32768 32768 32768 32768 32768 32768 32768 32768 32768 32768 32768 32768 32768 320 320 320 32768 32768 32768 32768 32768 32784 32768 32768 32768 32768 32768 32768 32768 32768 320 320 320 320 320 32768 32768 32768 32768 32768 32768 32768 32768 32768 32768 32768 32768 32768 32768 32768 32768 32768 32768 32768 32768 32768 32768 32768 32768 32768 32768 32768 32768 32768 32768 32768 32768 32768 32768 640 640 640 640 4736 4736 4736 640 640 640 640 640 640 640 640 4736 4736 4736 640 640 4736 4736 4736 4736 640 640 1680 1664 1664 1664 1152 1152 1152 1152 1152 1168 1152 192 192 4288 208 208 208 208 208 208 192 192 192 192 192 192 192 192 192 192 192 192 192 192 192 192 192 32768 32768 32768 32768 32768 32768 32768 32768 32768 32768 32768 32768 32768 32768 32768 32768 32768 32768 32768 32768 32768 32768 32768 32768 32768 32768 32768 32768 32768 32768 32768 32768 32768 32768 32768 32768 32768 32768 32768 32768 32768 32768 32768 32768 32768 32768 32768 32768 32768 32768 32768 32768 32768 32768 32768 32768 32768 32768 32768 32768 32768 32768 32768 32768 32768 32768 32768
32768 32768 32768 32768 32768 32768 32768 32768 32768 32768 32768 32768 32768 32768 32768 320 32768 32768 32768 32768 32768 32768 32784 32768 32768 32768 32768 32768 32768 32768 32768 32768 320 320 320 320 320 32768 32768 32768 32768 32768 32768 32768 32768 32768 32768 32768 32768 32768 32768 32768 32768 32768 32768 32768 32768 32768 32768 32768 32768 32768 32768 320 32768 32768 32768 32768 32768 32768 32768 640 640 640 4736 4736 4736 640 640 640 640 640 640 640 640 4736 4736 4736 640 640 4736 4736 4736 640 1664 656 1664 1664 1664 1664 1152 1152 1152 1152 1152 1152 208 192 216 4288 192 208 208 208 208 208 208 208 208 208 208 208 208 192 192 192 192 192 192 192 192 192 192 32768 32768 32768 32768 32768 32768 32768 32768 32768 32768 32768 32768 32768 32768 32768 32768 32768 32768 32768 32768 32768 32768 32768 32768 32768 32768 32768 32768 32768 32768 32768 32768 32768 32768 32768 32768 32768 32768 32768 32768 32768 32768 32768 32768 32768 32768 32768 32768 32768 32768 32768 32768 32768 32768 32768 32768 32768 32768 32768 32768 32768 32768 32768 32768 32768 32768 32768
32768 32768 32768 32768 32768 32768 32768 32768 32768 32768 32768 32768 32768 32768 32768 32768 32768 32768 32768 32768 32768 32768 32768 32784 32768 32768 32768 32768 32768 32768 32768 32768 32768 32768 320 32768 32768 32768 32768 32768 32768 32768 32768 32768 32768 32768 32768 32768 32768 32768 32768 32768 32768 32768 32768 32768 32768 32768 32768 32768 32768 32768 320 320 320 32768 32768 32768 32768 32768 640 640 640 640 4736 4736 4736 640 640 640 640 640 640 640 640 4736 4736 4736 640 640 4736 4736 5760 1664 1688 1664 1664 1664 1664 1664 1664 1152 1152 1152 1152 1152 1152 216 216 21656 1152 192 208 208 208 208 208 209 209 208 208 209 208 208 192 192 192 192 192 192 192 192 32768 32768 32768 32768 32768 32768 32768 32768 32768 32768 32768 32768 32768 32768 32768 32768 32768 32768 32768 32768 32768 32768 32768 32768 32768 32768 32768 32768 32768 32768 32768 32768 32768 32768 32768 32768 32768 32768 32768 32768 32768 32768 32768 32768 32768 32768 32768 32768 32768 32768 32768 32768 32768 32768 32768 32768 32768 32768 32768 32768 32768 32768 32768 32768 32768 320 320 32768
32768 32768 32768 32768 32768 32768 32768 32768 32768 32768 32768 32768 32768 32768 32768 32768 32768 32768 32768 32768 32768 32768 32768 32784 32768 32768 32768 32768 32768 32768 32768 32768 32768 32768 32768 32768 32768 32768 32768 32768 32768 32768 32768 32768 32768 32768 32768 32768 32768 32768 32768 32768 32768 32768 32768 32768 32768 32768 32768 32768 32768 32768 320 320 320 320 32768 32768 32768 32768 32768 640 640 640 4736 4736 4736 640 640 640 640 640 640 640 640 4736 4736 4736 640 640 640 5760 5760 22168 1688 1688 1664 1664 1664 1664 1664 1664 1152 1152 1152 1152 1152 1176 1160 21656 1152 1152 192 192 208 208 209 209 209 209 209 209 209 208 192 192 192 192 192 192 32768 32768 32768 32768 32768 32768 32768 32768 32768 32768 32768 32768 32768 32768 32768 32768 32768 32768 32768 32768 32768 32768 32768 32768 32768 32768 32768 32768 32768 32768 32768 32768 32768 32768 32768 32768 32768 32768 32768 32768 32768 32768 32768 32768 32768 32768 32768 32768 32768 32768 32768 32768 32768 32768 32768 32768 32768 32768 32768 32768 32768 32768 32768 32768 32768 32768 320 320 320 320
32768 32768 320 32768 32768 32768 32768 32768 32768 32768 32768 32768 32768 32768 32768 32768 32768 32768 32768 32768 32768 32768 32768 32768 32784 32768 32768 32768 32768 32768 32768 32768 32768 32768 32768 32768 32768 32768 32768 32768 32768 32768 32768 32768 32768 32768 32768 32768 32768 32768 32768 32768 32768 32768 32768 32768 32768 32768 32768 32768 32768 320 320 320 320 320 32768 32768 32768 32768 640 640 640 640 4736 4736 4736 640 640 640 640 640 640 640 640 4736 4736 4736 640 4736 4736 5760 5760 1688 1688 1672 1688 1664 1664 1664 1664 1152 1152 1152 1152 1152 1152 1152 1176 5248 1152 1152 1152 192 192 208 209 209 209 209 209 209 209 208 192 192 192 192 192 32768 32768 32768 32768 32768 32768 32768 32768 32768 32768 32768 32768 32768 32768 32768 32768 32768 32768 32768 32768 32768 32768 32768 32768 32768 32768 32768 32768 320 32768 32768 32768 32768 32768 32768 32768 32768 32768 32768 32768 32768 32768 32768 32768 32768 32768 32768 32768 32768 32768 32768 32768 32768 32768 32768 32768 32768 32768 32768 32768 32768 32768 32768 32768 32768 32768 32768 320 320 320 320
32768 320 320 32768 32768 32768 32768 32768 32768 32768 32768 32768 32768 32768 32768 32768 32768 32768 32768 32768 32768 32768 32768 32768 32784 32768 32768 32768 32768 32768 32768 32768 32768 32768 32768 32768 32768 32768 32768 32768 32768 32768 32768 32768 32768 32768 32768 32768 32768 32768 32768 32768 32768 32768 32768 32768 32768 32768 32768 32768 320 320 320 4416 4416 4416 32768 32768 32768 32768 32768 32768 640 640 4736 4736 4736 640 640 640 640 640 640 640 640 4736 4736 4736 640 640 5760 5760 1664 1664 1688 1688 1664 1664 1664 1664 1664 1152 1152 1152 1152 1152 1152 1152 1152 5248 1152 1152 192 192 192 208 208 209 209 209 209 209 209 208 192 192 192 192 192 192 32768 32768 32768 32768 32768 32768 32768 32768 32768 32768 32768 32768 32768 32768 32768 32768 32768 32768 32768 32768 32768 32768 32768 32768 32768 32768 320 320 320 32768 32768 32768 32768 32768 32768 32768 32768 32768 32768 32768 32768 32768 32768 32768 32768 32768 32768 32768 32768 32768 32768 32768 32768 32768 32768 32768 32768 32768 32768 32768 32768 32768 32768 32768 32768 32768 320 320 320 32768
320 320 320 320 32768 32768 32768 32768 32768 32768 32768 32768 32768 32768 32768 32768 32768 32768 32768 32768 32768 32768 32768 32768 32784 32768 32768 32768 32768 32768 32768 32768 32768 32768 32768 32768 32768 32768 32768 32768 32768 32768 32768 32768 32768 32768 32768 32768 32768 32768 32768 32768 32768 32768 32768 32768 32768 32768 32768 320 320 320 320 4416 4416 4416 32768 32768 32768 32768 32768 192 32768 640 4736 4736 4736 640 640 640 640 640 640 640 640 4736 4736 4736 640 640 4736 5760 1664 1680 1664 1664 1664 1664 1664 1664 1664 1152 1152 1152 1152 1152 1152 1152 1152 5248 1152 1152 1152 1152 192 208 208 209 209 209 209 209 209 208 192 192 192 192 192 32768 32768 32768 32768 32768 32768 32768 32768 32768 32768 32768 32768 32768 32768 32768 32768 32768 32768 32768 32768 32768 32768 32768 32768 32768 32768 320 320 320 320 320 32768 32768 32768 32768 32768 32768 32768 32768 32768 32768 32768 32768 32768 32768 32768 32768 32768 32768 32768 32768 32768 32768 32768 32768 32768 32768 32768 32768 32768 32768 32768 32768 32768 32768 32768 32768 32768 320 32768 32768
320 320 320 320 32768 32768 32768 32768 32768 32768 32768 32768 32768 32768 32768 32768 32768 32768 32768 32768 32768 32768 32768 32768 32768 32784 32768 32768 32768 32768 32768 32768 32768 32768 32768 32768 32768 32768 32768 32768 32768 32768 32768 32768 32768 32768 32768 32768 32768 32768 32768 32768 32768 32768 32768 32768 32768 32768 32768 320 320 320 320 4416 4416 4416 320 32768 32768 32768 32768 32768 32768 32768 640 640 640 640 640 640 640 640 640 640 4736 4736 4736 4736 640 4736 640 5760 1680 1664 1664 1664 1664 1664 1664 1664 1152 1152 1152 1152 1152 1152 1152 1152 1152 5248 1152 1152 1152 1152 1152 208 209 209 209 209 209 209 209 208 208 192 192 192 32768 192 32768 32768 32768 32768 32768 32768 32768 32768 32768 32768 32768 32768 32768 32768 32768 32768 32768 32768 32768 32768 32768 32768 32768 32768 32768 32768 320 320 320 320 320 32768 32768 32768 32768 32768 32768 32768 32768 32768 32768 32768 32768 32768 32768 32768 32768 32768 32768 32768 32768 32768 32768 32768 32768 32768 32768 32768 32768 32768 32768 32768 32768 32768 32768 32768 32768 32768 32768 32768
320 320 320 32768 32768 32768 32768 32768 32768 32768 32768 32768 32768 32768 32768 32768 32768 32768 32768 32768 32768 32768 32768 32768 32768 32784 32768 32768 32768 32768 32768 32768 32768 32768 32768 32768 32768 32768 32768 32768 32768 32768 32768 32768 32768 32768 32768 32768 32768 32768 32768 32768 32768 32768 32768 32768 32768 32768 320 320 320 320 320 4416 4416 4416 320 32768 32768 32768 32768 32768 32768 192 192 192 192 192 640 640 640 640 640 640 4736 4736 4736 4736 4736 640 640 22160 1664 1664 1664 1664 1664 1664 1664 1664 1152 1152 1152 1152 1152 1152 1152 1152 1152 5248 1152 1152 1152 1152 1152 208 208 209 209 209 209 209 209 209 208 192 32768 32768 32768 32768 32768 32768 32768 32768 32768 32768 32768 32768 32768 32768 32768 32768 32768 32768 32768 32768 32768 32768 32768 32768 32768 32768 32768 32768 32768 32768 32768 320 320 32768 32768 32768 32768 32768 32768 32768 32768 32768 32768 32768 32768 32768 32768 32768 32768 32768 32768 32768 32768 32768 32768 32768 32768 32768 32768 32768 32768 32768 32768 32768 32768 32768 32768 32768 32768 32768 32768 32768 32768 32768
32768 320 32768 32768 32768 32768 32768 32768 32768 32768 32768 32768 32768 32768 32768 32768 32768 32768 32768 32768 32768 32768 32768 32768 32768 32768 32784 32768 32768 32768 32768 32768 32768 32768 32768 32768 32768 32768 32768 32768 32768 32768 32768 32768 32768 32768 32768 32768 32768 32768 32768 32768 32768 32768 32768 32768 320 320 320 320 320 320 320 4416 4416 4416 320 320 32768 32768 32768 32768 32768 32768 32768 192 192 192 192 192 192 640 640 640 4736 4736 4736 4736 640 640 656 4736 1664 1664 1664 1664 1664 1664 1664 1152 1152 1152 1152 1152 1152 1152 1152 1152 1152 5248 1152 1152 1152 1152 1152 192 208 208 209 209 209 32784 32784 32784 32784 32768 192 32768 32768 32768 32768 32768 32768 32768 32768 32768 32768 32768 32768 32768 32768 32768 32768 32768 32768 32768 32768 32768 32768 32768 32768 32768 32768 32768 32768 32768 32768 32768 32768 32768 32768 32768 32768 32768 32768 32768 32768 32768 32768 32768 32768 32768 320 32768 32768 32768 32768 32768 32768 32768 32768 32768 32768 32768 32768 32768 32768 32768 32768 32768 32768 32768 32768 32768 32768 32768 32768 32768 32768 32768
32768 32768 32768 32768 32768 32768 32768 32768 32768 32768 32768 32768 32768 32768 32768 32768 32768 32768 32768 32768 32768 32768 32768 32768 32768 32768 32784 32768 32768 32768 32768 32768 32768 32768 32768 32768 32768 32768 32768 32768 32768 32768 32768 32768 32768 32768 32768 32768 32768 32768 32768 32768 32768 32768 32768 320 320 320 320 320 320 320 320 4416 320 344 344 344 320 32768 32768 32768 32768 32768 32768 192 192 192 192 192 192 192 192 192 640 4736 4736 4736 640 656 640 5760 1664 1664 1664 1664 1664 1664 1152 1152 1152 1152 1152 1152 1152 1152 1152 1152 1152 5248 1152 1152 1152 1152 1152 192 192 208 209 209 32784 32784 32768 32768 32768 32768 32768 32768 32768 32768 32768 32768 32768 32768 32768 32768 32768 32768 32768 32768 32768 32768 32768 32768 32768 32768 32768 32768 32768 32768 32768 32768 32768 32768 32768 32768 32768 32768 32768 32768 32768 32768 32768 32768 32768 32768 32768 32768 32768 32768 32768 320 320 320 320 32768 32768 32768 32768 32768 32768 32768 32768 32768 32768 32768 32768 32768 32768 32768 32768 32768 32768 32768 32768 32768 32768 32768 32768 32768
32768 32768 32768 32768 32768 32768 32768 32768 32768 32768 32768 32768 32768 32768 32768 32768 32768 32768 32768 32768 32768 32768 32768 32768 32768 32768 32784 32768 32768 32768 32768 32768 32768 32768 32768 32768 32768 32768 32768 32768 32768 32768 32768 32768 32768 32768 32768 32768 32768 32768 32768 32768 32768 32768 32768 320 320 320 320 320 320 320 320 320 344 344 328 344 336 336 32784 32784 32768 32768 32768 32768 192 192 192 192 192 192 192 192 192 4736 4736 4736 656 640 640 5760 1664 1664 1664 1664 1664 1664 1152 1152 1152 1152 1152 1152 1152 1152 1152 1152 1152 5248 1152 1152 1152 1152 192 192 192 208 208 209 208 32768 32768 32768 32768 32768 32768 32768 32768 32768 32768 32768 32768 32768 32768 32768 32768 32768 32768 32768 32768 32768 32768 32768 640 32768 32768 32768 32768 32768 32768 32768 32768 32768 32768 32768 32768 32768 32768 32768 32768 32768 32768 32768 32768 32768 32768 32768 32768 32768 320 320 320 320 320 320 32768 32768 32768 32768 32768 32768 32768 32768 32768 32768 32768 32768 32768 32768 32768 32768 32768 32768 32768 32768 32768 32768 32768 32768
32768 32768 32768 32768 32768 32768 32768 32768 32768 32768 32768 32768 32768 32768 32768 32768 32768 32768 32768 32768 32768 32768 32768 32768 32768 32768 32768 32784 32768 32768 32768 32768 32768 32768 32768 32768 32768 32768 32768 32768 32768 32768 32768 32768 32768 32768 32768 32768 32768 32768 32768 32768 32768 32768 32768 32768 320 32768 320 320 320 320 320 320 320 8536 344 336 336 336 336 32784 32784 32784 32784 32784 32784 208 208 208 192 192 192 192 192 20696 20696 21144 640 640 1664 5760 1664 1664 1664 1664 1664 1664 1152 1152 1152 1152 1152 1152 1152 1152 1152 1152 1152 5248 1152 1152 192 192 32768 192 192 192 208 208 32784 32768 32768 32768 32768 32768 32768 32768 32768 32768 32768 32768 32768 32768 32768 32768 32768 32768 32768 32768 32768 32768 32768 32768 640 640 32768 32768 32768 32768 32768 32768 32768 32768 32768 32768 32768 32768 32768 32768 32768 32768 32768 32768 32768 32768 32768 32768 32768 32768 32768 320 320 320 320 32768 32768 32768 32768 32768 32768 32768 32768 32768 32768 32768 32768 32768 32768 32768 32768 32768 32768 32768 32768 32768 32768 32768 32768 32768
32768 32768 32768 32768 32768 32768 32768 32768 32768 32768 32768 32768 32768 32768 32768 32768 32768 32768 32768 32768 32768 32768 32768 32768 32768 32768 32768 32784 32768 32768 32768 32768 32768 32768 32768 32768 32768 32768 32768 32768 32768 32768 32768 32768 32768 32768 32768 32768 32768 32768 32768 32768 32768 32768 32768 32768 32768 32768 32768 32768 32768 32768 32768 32768 32768 32768 32768 32768 32768 320 320 320 32768 32768 32768 32784 32784 208 208 208 208 208 208 208 216 20696 200 216 664 640 1664 5760 1664 1664 1664 1664 1664 1152 1152 1152 1152 1152 1152 1152 1152 1152 1152 1152 1152 5248 32768 32768 32768 32768 192 192 192 192 208 208 32784 32784 32768 32768 32768 32768 32768 32768 32768 32768 32768 32768 32768 640 32768 32768 32768 32768 32768 32768 32768 32768 32768 640 640 640 640 640 32768 640 32768 32768 32768 32768 32768 32768 32768 32768 32768 32768 32768 32768 32768 32768 32768 32768 32768 32768 32768 32768 32768 32768 320 32768 32768 32768 32768 32768 32768 32768 32768 32768 32768 32768 32768 32768 32768 32768 32768 32768 32768 32768 32768 32768 32768 32768 32768 32768 32768 32768
32768 32768 32768 32768 32768 32768 32768 32768 32768 32768 32768 32768 32768 32768 32768 32768 32768 32768 32768 32768 32768 32768 32768 32768 32768 32768 32768 32768 32784 32768 32768 32768 32768 32768 32768 32768 32768 32768 32768 32768 32768 32768 32768 32768 32768 32768 32768 32768 32768 32768 32768 32768 32768 32768 32768 32768 32768 32768 32768 32768 32768 32768 32768 32768 32768 32768 32768 32768 32768 32768 32768 32768 32768 32768 32768 32768 32768 192 192 192 192 192 192 192 4288 216 32768 192 192 192 640 5760 1664 1664 1664 1664 1664 1152 1152 1152 1152 1152 1152 1152 1152 1152 1152 1152 1152 5248 1152 32768 32768 32768 192 32768 32768 192 32784 32784 32784 32784 32768 32768 32768 32768 32768 32768 32768 32768 32768 32768 32768 640 640 32768 32768 32768 32768 32768 32768 4736 32768 640 640 640 640 640 640 640 640 32768 640 640 640 32768 32768 32768 32768 32768 32768 32768 32768 32768 32768 32768 32768 32768 32768 32768 32768 32768 32768 32768 32768 32768 32768 32768 32768 32768 32768 32768 32768 32768 32768 32768 32768 32768 32768 32768 32768 32768 32768 32768 32768 32768 32768 32768 32768 32768
32768 32768 32768 32768 32768 32768 32768 32768 32768 32768 32768 32768 32768 32768 32768 32768 32768 32768 32768 32768 32768 32768 32768 32768 32768 32768 32768 32768 32784 32768 32768 32768 32768 32768 32768 32768 32768 32768 32768 32768 32768 32768 32768 32768 32768 32768 32768 32768 32768 32768 32768 32768 32768 32768 32768 32768 32768 32768 32768 32768 32768 32768 32768 32768 32768 32768 32768 32768 32768 32768 32768 32768 32768 32768 32768 32768 32768 192 192 192 192 192 192 4288 32768 32784 32768 32768 32768 192 192 5760 1664 1664 1664 1664 1664 1152 1152 1152 1152 1152 1152 1152 1152 1152 1152 1152 1152 5248 32768 32768 32768 32768 32768 32768 32768 32768 32768 32784 32784 32784 32768 32768 32768 32768 32768 32768 32768 32768 32768 32768 640 4736 32768 32768 32768 32768 32768 32768 640 4736 32768 640 640 640 640 640 640 640 640 640 640 640 640 32768 32768 32768 32768 32768 32768 32768 32768 32768 32768 32768 32768 32768 32768 32768 32768 32768 32768 32768 32768 32768 32768 32768 32768 32768 32768 32768 32768 32768 32768 32768 32768 32768 32768 32768 32768 32768 32768 32768 32768 32768 32768 32768 32768 32768
32768 32768 32768 32768 32768 32768 32768 32768 32768 32768 32768 32768 32768 32768 32768 32768 32768 32768 32768 32768 32768 32768 32768 32768 32768 32768 32768 32768 32784 32768 32768 32768 32768 32768 32768 32768 32768 32768 32768 32768 32768 32768 32768 32768 32768 32768 32768 32768 32768 32768 32768 32768 32768 32768 32768 32768 32768 32768 32768 32768 32768 32768 32768 32768 32768 32768 32768 32768 32768 32768 32768 32768 32768 32768 32768 32768 192 192 192 192 192 192 192 4288 32768 32784 32768 32768 32768 192 192 5248 1664 32768 1664 1664 32768 1152 1152 1152 1152 1152 1152 32768 1152 1152 1152 1152 1152 32768 32768 32768 32768 32768 32768 32768 32768 32768 32768 32784 32784 32784 32768 32768 32768 32768 32768 32768 32768 32768 32768 32768 4736 4736 4736 32768 32768 4736 4736 4736 4736 4736 4736 640 640 640 640 640 640 640 640 640 640 640 32768 32768 32768 32768 32768 32768 32768 32768 32768 32768 32768 32768 32768 32768 32768 32768 32768 32768 32768 32768 32768 32768 32768 32768 32768 32768 32768 32768 32768 32768 32768 32768 32768 32768 32768 32768 32768 32768 32768 32768 32768 32768 32768 32768 32768 32768
32768 32768 32768 32768 32768 32768 32768 32768 32768 32768 32768 32768 32768 32768 32768 32768 32768 32768 32768 32768 32768 32768 32768 32768 32768 32768 32768 32768 32768 32784 32768 32768 32768 32768 32768 32768 32768 32768 32768 32768 32768 32768 32768 32768 32768 32768 32768 32768 32768 32768 32768 32768 32768 32768 32768 32768 32768 32768 32768 32768 32768 32768 192 192 192 32768 192 32768 32768 32768 32768 32768 32768 32768 32768 32768 32768 192 192 192 192 192 4288 4288 4288 32784 32768 32768 32768 32768 32768 32768 32768 32768 32768 1664 32768 1152 1152 1152 1152 1152 1152 1152 32768 32768 1152 1152 32768 32768 32768 32768 32768 32768 32768 32768 32768 32768 32768 32784 32784 32784 32784 32768 32768 32768 32768 32768 640 640 640 4736 4736 4736 4736 32768 4736 4736 640 640 640 640 640 640 640 640 640 640 640 640 640 640 640 640 640 32768 32768 32768 32768 32768 32768 32768 32768 32768 32768 32768 32768 32768 32768 32768 32768 32768 32768 32768 32768 32768 32768 32768 32768 32768 32768 32768 32768 32768 32768 32768 32768 32768 32768 32768 32768 32768 32768 32768 32768 32768 32768 32768 32768 32768
32768 32768 32768 32768 32768 32768 32768 32768 32768 32768 32768 32768 32768 32768 32768 32768 32768 32768 32768 32768 32768 32768 32768 32768 32768 32768 32768 32768 32768 32784 32768 32768 32768 32768 32768 32768 32768 32768 32768 32768 32768 32768 32768 32768 32768 32768 32768 32768 32768 32768 32768 32768 32768 32768 32768 32768 192 32768 32768 32768 32768 32768 32768 192 192 192 32768 192 192 192 32768 32768 32768 32768 32768 32768 192 192 192 192 192 192 192 192 4288 32784 32768 32768 32768 32768 32768 32768 32768 32768 32768 32768 1152 1152 32768 1152 1152 1152 1152 1152 32768 32768 1152 32768 32768 32768 32768 32768 32768 32768 32768 32768 32768 32768 32768 32784 32784 32784 32784 32768 32768 32768 32768 32768 32768 640 4736 4736 4736 4736 4736 4736 4736 640 640 640 640 640 640 640 640 640 656 656 656 640 640 640 640 640 640 640 640 32768 32768 32768 32768 32768 32768 32768 32768 32768 32768 32768 32768 32768 32768 32768 32768 32768 32768 32768 32768 32768 32768 32768 32768 32768 32768 32768 32768 32768 32768 32768 32768 32768 32768 32768 32768 32768 32768 32768 32768 32768 32768 32768
32768 32768 32768 32768 32768 32768 32768 32768 32768 32768 32768 32768 32768 32768 32768 32768 32768 32768 32768 32768 32768 32768 32768 32768 32768 32768 32768 32768 32768 32768 336 320 320 320 32768 32768 32768 32768 32768 32768 32768 32768 32768 32768 32768 32768 32768 32768 32768 32768 32768 32768 32768 32768 32768 32768 32768 2176 32768 32768 32768 32768 32768 192 192 192 192 192 192 192 192 32768 192 32768 4288 4288 192 192 192 192 192 192 192 192 4288 32768 32784 32768 32768 32768 32768 32768 32768 32768 32768 32768 32768 32768 32768 32768 32768 32768 32768 32768 32768 32768 32768 32768 32768 32768 32768 32768 32768 32768 32768 32768 32768 32768 32768 32768 32784 32784 32784 192 32768 32768 192 32768 192 32768 4736 4736 4736 4736 640 4736 640 640 640 640 640 640 640 640 640 656 656 658 656 656 640 640 640 640 640 640 640 640 640 192 32768 32768 32768 32768 32768 32768 32768 32768 32768 32768 32768 32768 32768 32768 32768 32768 32768 32768 32768 32768 32768 32768 32768 32768 32768 32768 32768 32768 32768 32768 32768 32768 32768 32768 32768 32768 32768 32768 32768 32768
32768 32768 32768 32768 32768 32768 32768 32768 32768 32768 32768 32768 32768 32768 32768 32768 32768 32768 32768 32768 32768 32768 32768 32768 32768 32768 32768 32768 32768 320 336 320 320 320 320 32768 32768 32768 32768 32768 32768 32768 32768 32768 32768 32768 32768 32768 32768 32768 32768 32768 32768 32768 32768 32768 2176 2176 32768 32768 32768 32768 192 192 192 192 192 192 192 192 192 192 192 192 192 4288 192 192 192 192 192 192 192 192 4288 32768 32784 32768 32768 32768 32768 32768 32768 32768 32768 32768 32768 32768 32768 32768 32768 32768 32768 32768 32768 32768 32768 32768 32768 32768 32768 32768 32768 32768 32768 32768 32768 32768 32768 32768 32784 32784 20688 32768 32768 192 192 192 4736 4736 4736 4736 4736 640 640 4736 640 640 4736 4736 4736 640 640 640 640 656 658 658 658 656 656 656 640 640 640 640 640 640 640 192 192 32768 32768 32768 32768 32768 32768 32768 32768 32768 32768 32768 32768 32768 32768 32768 32768 32768 32768 32768 32768 32768 32768 32768 32768 32768 32768 32768 32768 32768 32768 32768 32768 32768 32768 32768 32768 32768 32768 32768
32768 32768 32768 32768 32768 32768 32768 32768 32768 32768 32768 32768 32768 32768 32768 32768 32768 32768 32768 32768 32768 32768 32768 32768 32768 32768 32768 32768 32768 32768 336 320 320 320 32768 32768 32768 32768 32768 32768 32768 32768 32768 32768 32768 32768 32768 32768 32768 32768 32768 32768 32768 32768 32768 32768 2176 2176 2176 32768 192 192 192 192 192 192 192 192 192 192 192 192 192 192 192 4288 4288 192 192 192 192 192 192 4288 4288 32768 32784 32768 32768 32768 32768 32768 32768 32768 32768 32768 32768 32768 32768 32768 32768 32768 32768 32768 32768 32768 32768 32768 32768 32768 32768 32768 32768 32768 32768 32768 32768 4288 32768 4288 20688 208 20688 4288 4288 4288 192 4736 4736 4736 4736 4736 4736 4736 4736 4736 4736 4736 4736 4736 4736 4736 4736 4736 4736 21136 21138 21138 21138 658 658 656 656 640 640 640 640 640 192 192 32768 32768 32768 32768 32768 32768 32768 32768 32768 32768 32768 32768 32768 32768 32768 32768 32768 32768 32768 32768 32768 32768 32768 32768 32768 32768 32768 32768 32768 32768 32768 32768 32768 32768 32768 32768 32768 32768 32768 32768
32768 32768 32768 32768 32768 32768 32768 32768 32768 32768 32768 32768 32768 32768 32768 32768 32768 32768 32768 32768 32768 32768 32768 32768 32768 32768 32768 32768 32768 32768 32768 336 320 32768 32768 32768 32768 32768 32768 32768 32768 32768 32768 32768 32768 32768 32768 32768 32768 32768 32768 32768 32768 32768 32768 2176 2176 2176 2176 2176 2176 192 192 192 192 192 192 192 192 192 192 192 192 192 192 4288 192 192 192 192 192 192 192 192 4288 4288 20688 32768 32768 32768 32768 32768 32768 32768 32768 32768 32768 32768 32768 32768 32768 32768 32768 32768 32768 32768 32768 32768 32768 32768 32768 32768 32768 32768 32768 32768 32768 32768 4288 4288 20688 20688 20688 20688 4288 4288 4736 4736 4736 4736 4736 4736 4736 4736 4736 4736 4736 4736 4736 4736 4736 4736 4736 4736 21136 21136 21138 21138 21138 21138 21138 21138 21136 21136 4736 4736 4736 4736 192 192 192 192 192 32768 32768 32768 32768 32768 32768 32768 32768 32768 32768 32768 32768 32768 32768 32768 32768 32768 32768 32768 32768 32768 32768 32768 32768 32768 32768 32768 32768 32768 32768 32768 32768 32768 32768 32768 32768 32768
32768 32768 32768 32768 32768 32768 32768 32768 32768 32768 32768 32768 32768 32768 32768 32768 32768 32768 32768 32768 32768 32768 32768 32768 32768 32768 32768 32768 32768 32768 32768 32784 32768 32768 32768 32768 32768 32768 32768 32768 32768 32768 32768 32768 32768 32768 32768 32768 32768 32768 32768 32768 32768 192 2176 2176 2176 2176 2176 2176 192 192 192 192 192 192 192 192 192 192 192 192 192 192 4288 4288 4288 192 192 192 192 192 192 192 192 192 20696 20696 32768 32768 32768 32768 32768 32768 32768 32768 32768 32768 32768 32768 32768 32768 32768 32768 32768 32768 32768 32768 32768 32768 32768 32768 32768 32768 32768 192 192 192 192 4288 208 208 20688 208 192 4736 4736 4736 4736 4736 640 640 640 640 640 4736 4736 4736 4736 4736 4736 4736 4736 4736 21136 21138 21138 21138 21138 658 658 658 658 656 640 640 640 640 192 192 192 192 192 192 32768 32768 32768 32768 32768 32768 32768 32768 32768 32768 32768 32768 32768 32768 32768 32768 32768 32768 32768 32768 32768 32768 32768 32768 32768 32768 32768 32768 32768 32768 32768 32768 32768 32768 32768 32768
32768 32768 32768 32768 32768 32768 32768 32768 32768 32768 32768 32768 32768 32768 32768 32768 32768 32768 32768 32768 32768 32768 32768 32768 32768 32768 32768 32768 32768 32768 32768 32768 32784 32768 32768 32768 32768 32768 32768 32768 32768 32768 32768 32768 32768 32768 32768 32768 32768 32768 32768 192 192 192 192 2176 2176 2176 192 192 192 192 192 192 192 192 192 192 192 192 192 192 192 4288 4288 4288 4288 192 192 192 192 192 192 192 192 216 216 4296 20696 32768 32768 32768 32768 32768 32768 32768 32768 32768 32768 32768 32768 32768 32768 32768 32768 32768 32768 32768 32768 32768 32768 32768 32768 32768 192 192 192 192 192 4288 192 208 208 208 4288 4288 4736 4736 4736 4736 640 640 640 640 640 4736 640 640 640 640 640 640 640 656 656 658 658 658 658 658 658 658 656 656 640 640 640 640 192 192 192 192 192 192 32768 32768 32768 32768 32768 32768 32768 32768 32768 32768 32768 32768 32768 32768 32768 32768 32768 32768 32768 32768 32768 32768 32768 32768 32768 32768 32768 32768 32768 32768 32768 32768 32768 32768 32768 32768
32768 32768 32768 32768 32768 32768 32768 32768 32768 32768 32768 32768 32768 32768 32768 32768 32768 32768 32768 32768 32768 32768 32768 32768 32768 32768 32768 32768 32768 32768 32768 32768 32784 32768 32768 32768 32768 32768 32768 32768 32768 32768 32768 32768 32768 32768 32768 32768 32768 32768 32768 32768 192 192 192 192 2176 2176 192 192 192 192 192 192 192 192 192 192 192 192 192 192 192 6272 4288 4288 4288 192 192 192 192 192 192 192 192 192 216 216 20696 4288 4288 32768 32768 32768 32768 32768 32768 32768 32768 32768 32768 32768 32768 32768 32768 32768 32768 32768 32768 32768 32768 32768 192 192 192 192 192 192 192 4288 192 208 208 20688 4288 4288 4736 4736 4736 4736 4736 640 640 640 640 4736 640 640 640 640 640 656 656 656 656 656 658 658 658 658 658 656 656 640 640 640 640 640 640 192 192 192 192 192 32768 32768 32768 32768 32768 32768 32768 32768 32768 32768 32768 32768 32768 32768 32768 32768 32768 32768 32768 32768 32768 32768 32768 32768 32768 32768 32768 32768 32768 32768 32768 32768 32768 32768 32768 32768
32768 32768 32768 32768 32768 32768 32768 32768 32768 32768 32768 32768 32768 32768 32768 32768 32768 32768 32768 32768 32768 32768 32768 32768 32768 32768 32768 32768 32768 32768 32768 32768 32784 32768 32768 32768 32768 32768 32768 32768 32768 32768 32768 32768 32768 32768 32768 192 32768 32768 192 192 192 192 192 192 192 192 192 192 192 192 192 192 192 192 192 192 192 192 192 192 2176 6272 6272 4288 4288 192 192 192 192 192 192 192 192 192 192 216 192 4288 192 192 32768 32768 32768 32768 32768 32768 32768 32768 32768 32768 32768 32768 32768 32768 32768 32768 32768 32768 4288 32768 192 192 192 192 192 192 4288 192 192 208 20688 20688 4288 4288 4288 4736 4288 4736 4736 4736 640 640 640 4736 640 640 640 640 656 656 656 656 656 656 656 658 658 658 656 656 640 640 640 640 640 640 640 640 192 192 192 192 192 192 192 192 32768 32768 32768 32768 32768 32768 32768 32768 32768 32768 32768 32768 32768 32768 32768 32768 32768 32768 32768 32768 32768 32768 32768 32768 32768 32768 32768 32768 32768 32768 32768 32768
32768 32768 32768 32768 32768 32768 32768 32768 32768 32768 32768 32768 32768 32768 32768 32768 32768 32768 32768 32768 32768 32768 32768 32768 32768 32768 32768 32768 32768 32768 32768 32768 32768 32784 32768 32768 32768 32768 32768 32768 32768 32768 192 192 32768 32768 192 192 192 192 192 192 192 192 192 192 192 192 192 192 192 192 192 192 192 192 192 192 192 192 192 192 2176 6272 6272 6272 4288 192 192 192 192 192 192 192 192 192 192 208 4288 192 192 192 32768 32768 32768 32768 32768 32768 32768 32768 32768 32768 32768 32768 32768 32768 32768 32768 32768 32768 32768 4288 192 192 192 192 192 4288 192 192 192 20688 20688 20688 20688 4288 192 192 4288 4288 4736 4736 4736 640 4736 4736 4736 640 640 656 656 656 656 656 656 640 656 658 658 658 656 640 640 640 640 640 640 640 640 192 192 192 192 192 192 192 192 192 32768 32768 32768 32768 32768 32768 32768 32768 32768 32768 32768 32768 32768 32768 32768 32768 32768 32768 32768 32768 32768 32768 32768 32768 32768 32768 32768 32768 32768 32768 32768 32768
32768 32768 32768 32768 32768 32768 32768 32768 32768 32768 32768 32768 32768 32768 32768 32768 32768 32768 32768 32768 32768 32768 32768 32768 32768 32768 32768 32768 32768 32768 32768 32768 32768 32784 32768 32768 192 192 32768 32768 32768 192 192 192 192 32768 192 192 192 192 192 192 192 192 192 192 192 192 192 192 192 192 192 192 192 192 192 192 192 192 192 2176 2176 6272 6272 4288 4288 4288 192 192 192 192 192 192 192 192 192 192 20688 192 192 32768 32768 32768 32768 32768 32768 32768 32768 32768 32768 32768 32768 32768 32768 32768 32768 32768 192 32768 192 4288 4288 192 192 192 4288 192 192 192 4288 20688 20688 20688 20688 192 192 192 192 4288 4288 4288 4288 4736 4736 4736 4736 656 656 656 656 656 656 640 640 640 656 656 658 656 656 640 640 640 640 640 640 640 640 640 192 192 192 192 192 192 192 32768 32768 32768 32768 32768 32768 32768 32768 32768 32768 32768 32768 32768 32768 32768 32768 32768 32768 32768 32768 32768 32768 32768 32768 32768 32768 32768 32768 32768 32768 32768 32768 32768
32768 32768 32768 32768 32768 32768 32768 32768 32768 32768 32768 32768 32768 32768 32768 32768 32768 32768 32768 32768 32768 32768 32768 32768 32768 32768 32768 32768 32768 32768 32768 32768 192 208 208 32784 192 192 192 32768 192 192 192 192 192 192 192 192 192 192 192 192 192 192 192 20692 20692 192 192 192 192 192 192 192 192 192 192 192 192 192 2176 2176 2176 2176 6272 4288 4288 4288 4288 192 192 192 192 192 192 192 192 4288 208 32768 192 192 32768 32768 32768 32768 32768 32768 32768 32768 32768 32768 32768 32768 32768 32768 32768 32768 192 192 192 192 4288 4288 192 4288 192 192 192 4288 4288 4288 20688 20688 208 192 192 192 192 192 4288 4288 4288 4736 4736 4736 21136 656 656 656 656 656 640 640 640 640 640 656 656 656 640 640 640 640 640 640 640 640 640 640 640 192 192 192 192 192 32768 32768 32768 32768 32768 32768 32768 32768 32768 32768 32768 32768 32768 32768 32768 32768 32768 32768 32768 32768 32768 32768 32768 32768 32768 32768 32768 32768 32768 32768 32768 32768 32768 32768
32768 32768 32768 32768 32768 32768 32768 32768 32768 32768 32768 32768 32768 32768 32768 32768 32768 32768 32768 32768 32768 32768 32768 32768 32768 32768 32768 32768 32768 32768 32768 32768 32768 32784 209 208 208 208 208 32784 192 192 192 192 192 192 192 192 192 1152 192 192 192 192 212 196 20692 20692 4288 4288 4288 192 192 192 192 192 192 192 192 192 2176 2176 2176 2176 2176 4288 4288 4288 4288 192 192 192 192 192 192 192 192 4288 32784 192 192 32768 32768 32768 32768 32768 32768 32768 32768 32768 32768 32768 32768 32768 32768 32768 32768 32768 192 192 192 192 192 4288 4288 192 192 192 5248 4288 4288 4288 20688 208 208 192 192 192 192 192 192 4288 4736 4736 4736 21136 21136 656 656 656 656 640 640 640 640 640 640 640 640 640 640 640 640 640 640 640 640 640 640 640 192 192 192 192 192 192 192 32768 32768 32768 32768 32768 32768 32768 32768 32768 32768 32768 32768 32768 32768 32768 32768 32768 32768 32768 32768 32768 32768 32768 32768 32768 32768 32768 32768 32768 32768 32768 32768 32768
32768 32768 32768 32768 32768 32768 32768 32768 32768 32768 32768 32768 32768 32768 32768 32768 32768 32768 32768 32768 32768 32768 32768 32768 32768 32768 32768 32768 32768 32768 32768 32768 32768 32784 209 209 208 209 209 208 192 192 192 192 192 192 192 192 1152 1152 1152 192 192 212 212 212 212 192 4288 4288 4288 4288 192 192 192 192 192 192 192 192 2176 2176 2176 2176 2176 192 4288 4288 4288 192 192 192 192 192 192 192 192 4288 208 32768 32768 32768 32768 32768 32768 32768 32768 32768 32768 32768 32768 32768 32768 32768 32768 192 192 192 192 4288 4288 4288 4288 4288 192 4288 192 5248 5248 5248 4288 4288 208 208 208 208 192 192 192 192 192 640 4736 21136 21136 21136 21136 656 656 640 640 640 640 640 640 640 640 640 640 640 640 640 640 640 640 640 640 640 192 192 192 192 192 192 192 192 32768 192 32768 32768 32768 32768 32768 32768 32768 32768 32768 32768 32768 32768 32768 32768 32768 32768 32768 32768 32768 32768 32768 32768 32768 32768 32768 32768 32768 32768 32768 32768 32768 32768
32768 32768 32768 32768 32768 32768 32768 32768 32768 32768 32768 32768 32768 32768 32768 32768 32768 32768 32768 32768 32768 32768 32768 32768 32768 32768 32768 32768 32768 32768 32768 32784 32784 32784 209 209 209 209 209 208 192 192 192 192 192 192 192 192 1152 1152 1152 192 192 212 212 212 192 192 4288 4288 4288 4288 4288 192 192 192 192 192 192 192 192 2176 192 2176 192 192 192 192 192 4288 192 192 192 192 192 192 4288 192 32768 32784 32768 32768 32768 32768 32768 32768 32768 32768 32768 32768 32768 32768 32768 32768 192 192 192 192 4288 192 4288 4288 192 192 192 1152 5248 5248 5248 5248 5248 192 208 208 208 208 192 192 192 192 192 640 656 21136 21136 21136 21136 21136 640 640 640 640 640 640 640 640 640 640 640 640 640 640 640 640 640 640 640 192 192 192 192 192 192 192 192 192 192 192 32768 32768 32768 32768 32768 32768 32768 32768 32768 32768 32768 32768 32768 32768 32768 32768 32768 32768 32768 32768 32768 32768 32768 32768 32768 32768 32768 32768 32768 32768 32768 32768
32768 32768 32768 32768 32768 32768 32768 32768 32768 32768 32768 32768 32768 32768 32768 32768 32768 32768 32768 32768 32768 32768 32768 32768 32768 32768 32768 32768 32768 32768 32768 32784 209 209 209 209 209 209 209 208 192 192 192 192 192 192 192 1152 1152 1152 1152 1152 192 212 212 212 192 192 192 4288 4288 4288 4288 192 192 192 192 192 192 192 192 192 192 192 192 192 192 192 192 4288 192 192 192 192 192 192 4288 4288 32768 32784 32768 32768 32768 32768 32768 32768 32768 32768 32768 32768 32768 32768 32768 32768 192 192 192 192 192 192 192 192 192 1152 1152 5248 5248 5248 5248 5248 1152 1152 192 208 208 208 192 192 192 192 192 656 656 656 20688 21136 21136 4736 4736 640 640 640 640 640 640 640 640 640 640 640 640 640 640 640 192 192 192 192 192 192 192 192 192 192 192 192 192 32768 192 32768 32768 32768 32768 32768 32768 32768 32768 32768 32768 32768 32768 32768 32768 32768 32768 32768 32768 32768 32768 32768 32768 32768 32768 32768 32768 32768 32768 32768 32768 32768
32768 32768 32768 32768 32768 32768 32768 32768 32768 32768 32768 32768 32768 32768 32768 32768 32768 32768 32768 32768 32768 32768 32768 32768 32768 32768 32768 32768 32768 32768 32768 32784 209 209 209 209 209 209 208 208 192 192 192 192 192 192 192 1152 1152 1152 1152 192 208 192 212 192 192 192 192 192 4288 4288 4288 192 192 192 192 192 192 192 192 192 192 192 192 192 192 192 192 192 4288 4288 192 192 192 192 192 4288 4288 20688 4288 4288 32768 32768 32768 32768 32768 32768 32768 32768 32768 32768 32768 32768 192 192 192 192 192 192 4288 192 192 1152 5248 5248 5248 5248 5248 1152 1152 208 208 208 209 208 208 192 192 208 208 208 656 656 20688 4288 4736 4736 4736 640 640 640 640 640 640 640 640 640 640 640 640 640 640 192 192 192 192 192 192 192 192 192 192 192 192 192 192 192 32768 32768 32768 32768 32768 32768 32768 32768 32768 32768 32768 32768 32768 32768 32768 32768 32768 32768 32768 32768 32768 32768 32768 32768 32768 32768 32768 32768 32768 32768 32768 32768
32768 32768 32768 32768 32768 32768 32768 32768 32768 32768 32768 32768 32768 32768 32768 32768 32768 32768 32768 32768 32768 32768 32768 32768 32768 32768 32768 32768 32768 32768 32768 32784 32784 209 209 209 209 209 208 192 192 192 192 192 192 1152 192 1152 1152 1152 1152 208 192 192 192 192 192 192 192 192 192 192 4288 4288 192 192 192 192 192 192 192 192 192 192 192 192 192 192 192 192 192 192 4288 192 192 192 192 192 192 192 20688 4288 32768 32768 32768 32768 32768 32768 32768 32768 32768 32768 4288 32768 32768 192 192 192 192 192 4288 192 192 4288 5248 5248 5248 21648 21648 1168 1168 1168 209 209 209 209 208 208 208 208 208 208 208 208 4288 4288 4288 4736 4736 640 640 640 640 640 640 640 640 640 640 640 640 192 192 192 192 192 192 192 192 192 192 192 192 192 192 192 192 192 192 192 192 32768 32768 32768 32768 32768 32768 32768 32768 32768 32768 32768 32768 32768 32768 32768 32768 32768 32768 32768 32768 32768 32768 32768 32768 32768 32768 32768 32768 32768
32768 32768 32768 32768 32768 32768 32768 32768 32768 32768 32768 32768 32768 32768 32768 32768 32768 32768 32768 32768 32768 32768 32768 32768 32768 32768 32768 32768 32768 32768 32768 32768 32784 32784 209 209 209 209 208 192 192 192 1152 1152 1152 1152 1152 1152 1152 1152 1168 192 192 192 192 192 192 192 192 192 192 192 208 208 208 192 192 192 192 192 192 192 192 192 192 192 192 192 192 192 192 192 192 4288 192 192 192 192 192 4288 20696 20696 32768 32768 32768 32768 32768 32768 32768 32768 32768 192 4288 4288 4288 192 192 192 192 192 192 4288 4288 5248 5248 5248 21648 1168 1169 21649 1169 1169 1169 209 209 209 209 209 208 208 208 208 208 4288 4288 4288 4288 640 4736 640 640 640 640 640 640 640 640 640 640 640 640 640 192 192 192 192 192 192 192 192 192 192 192 216 192 192 192 192 192 192 192 192 192 32768 32768 32768 32768 32768 32768 32768 32768 32768 32768 32768 32768 32768 32768 32768 32768 32768 32768 32768 32768 32768 32768 32768 32768 32768 32768 32768
32768 32768 32768 32768 32768 32768 32768 32768 32768 32768 32768 32768 32768 32768 32768 32768 32768 32768 32768 32768 32768 32768 32768 32768 32768 32768 32768 32768 32768 32768 32768 32768 32784 209 209 209 209 209 208 192 192 1152 1152 1152 1152 1152 1152 1152 1152 1168 192 192 192 640 640 640 192 192 208 208 208 208 208 209 208 656 192 192 192 192 640 192 192 192 192 192 192 192 192 192 192 192 192 192 4288 192 192 192 192 20696 4296 20696 20696 4288 4288 4288 32768 32768 32768 32768 32768 192 32768 192 4288 192 192 192 192 192 192 4288 5248 5248 5248 5248 1168 1169 1169 21649 1169 1169 1169 209 209 209 209 209 209 208 208 192 192 4288 4288 4288 4288 640 640 4736 640 640 640 640 640 640 640 640 640 640 640 640 216 192 192 192 192 192 192 192 192 192 216 216 216 192 192 192 192 192 192 192 192 192 32768 32768 32768 32768 32768 32768 32768 32768 32768 32768 32768 32768 32768 32768 32768 32768 32768 32768 32768 32768 32768 32768 32768 32768 32768 32768
32768 32768 32768 32768 32768 32768 32768 32768 32768 32768 32768 32768 32768 32768 32768 32768 32768 32768 32768 32768 32768 32768 32768 32768 32768 32768 32768 32768 32768 32768 32768 32768 32784 32784 209 209 209 209 208 208 208 208 1168 1168 1168 1176 1176 1168 1168 1152 1152 192 640 640 640 640 640 208 208 209 209 209 657 209 657 656 640 192 192 640 640 640 192 192 192 192 192 192 192 192 192 192 192 192 192 4288 4288 192 192 20696 20696 20696 192 192 192 4288 192 32768 32768 32768 32768 32768 32768 192 4288 192 192 192 192 192 4288 4288 4288 5248 5248 1152 1168 1169 1169 1169 21649 1169 1169 1169 209 209 209 209 209 208 192 192 192 4288 4288 4288 4288 640 640 640 4736 640 640 640 640 640 640 640 640 192 640 216 216 216 208 208 208 208 208 208 208 208 216 200 216 192 192 192 192 192 192 192 192 192 32768 32768 32768 32768 32768 32768 32768 32768 32768 32768 32768 32768 32768 32768 32768 32768 32768 32768 32768 32768 32768 32768 32768 32768 32768 32768
32768 32768 32768 32768 32768 32768 32768 32768 32768 32768 32768 32768 32768 32768 32768 32768 32768 32768 32768 32768 32768 32768 32768 32768 32768 32768 32768 32768 32768 32768 32768 32768 32768 32784 32784 209 209 209 208 208 208 1168 1168 1168 1176 1176 1176 1176 1168 1168 1168 208 208 656 656 656 656 656 209 657 209 657 657 657 657 656 656 640 640 640 640 640 640 192 192 192 192 192 192 192 192 192 192 192 192 192 192 4288 4288 192 216 192 192 192 4288 192 192 32768 32768 32768 32768 192 192 32768 4288 192 192 192 192 4288 4288 4288 4288 4288 5248 1152 1168 1168 1169 1169 1169 21649 1168 209 209 209 209 209 209 208 192 192 192 4288 4288 4288 4288 192 640 640 4736 640 640 640 640 640 640 640 640 192 192 216 200 216 192 192 192 192 192 192 192 192 192 216 192 208 208 192 192 192 192 192 192 192 32768 32768 32768 32768 32768 32768 32768 32768 32768 32768 32768 32768 32768 32768 32768 32768 32768 32768 32768 32768 32768 32768 32768 32768 32768 32768
32768 32768 32768 32768 32768 32768 32768 32768 32768 32768 32768 32768 32768 32768 32768 32768 32768 32768 32768 32768 32768 32768 32768 32768 32768 32768 32768 32768 32768 32768 32768 32768 32768 192 208 32784 209 208 208 32784 1168 1168 1168 1168 1176 1176 1176 1168 1168 1168 208 208 656 656 656 656 656 657 657 657 657 657 657 657 657 657 656 640 640 640 640 640 640 192 192 192 192 192 192 192 192 192 192 192 192 192 192 4288 4288 192 192 208 192 4288 192 192 32768 32768 32768 32768 32768 32768 192 192 4288 192 192 192 4288 4288 4288 4288 4288 192 192 4288 5248 1168 1168 1169 1169 1168 20688 208 209 208 208 209 208 208 192 192 192 4288 4288 4288 4288 192 192 192 192 4736 640 192 640 640 192 640 192 192 192 192 216 192 192 192 192 192 192 192 192 192 192 192 192 192 192 208 192 192 192 192 192 192 32768 32768 32768 32768 32768 32768 32768 32768 32768 32768 32768 32768 32768 32768 32768 32768 32768 32768 32768 32768 32768 32768 32768 32768 32768 32768
32768 32768 32768 32768 32768 32768 32768 32768 32768 32768 32768 32768 32768 32768 32768 32768 32768 32768 32768 32768 32768 32768 32768 32768 32768 32768 32768 32768 32768 32768 32768 32768 32768 32768 32768 208 208 208 192 192 32768 32768 1152 1152 1152 1176 1152 1168 1168 1168 208 208 656 656 656 656 656 657 657 657 657 657 657 657 657 656 656 640 640 640 640 640 640 192 192 192 192 192 192 192 192 192 192 192 192 4288 4288 4288 4288 192 192 192 208 192 192 192 32768 32768 32768 32768 32768 32768 32768 192 4288 4288 4288 4288 4288 4288 4288 4288 192 192 192 192 192 5248 1168 1168 1169 208 192 20688 208 208 208 208 208 208 192 192 192 192 4288 4288 4288 192 192 192 192 192 4288 192 192 192 192 192 192 192 192 192 208 192 192 192 192 192 192 192 192 192 192 192 192 192 192 192 208 208 192 192 192 192 32768 32768 32768 32768 32768 32768 32768 32768 32768 32768 32768 32768 32768 32768 32768 32768 32768 32768 32768 32768 32768 32768 32768 32768 32768 32768
32768 32768 32768 32768 32768 32768 32768 32768 32768 32768 32768 32768 32768 32768 32768 32768 32768 32768 32768 32768 32768 32768 32768 32768 32768 32768 32768 32768 32768 32768 32768 32768 32768 32768 32768 208 208 208 192 192 32768 192 32768 1152 1168 1152 1152 1152 1168 1152 192 192 192 640 640 640 656 656 657 657 657 657 657 657 657 656 640 640 640 640 640 640 640 192 192 192 192 192 192 192 192 192 192 192 4288 4288 192 192 4288 4288 4288 192 192 208 192 192 192 32768 32768 32768 32768 32768 32768 192 4288 4288 4288 4288 4288 4288 4288 192 192 192 192 192 192 192 4288 21648 20688 208 4288 4288 4288 192 208 208 208 208 192 192 192 192 4288 4288 4288 192 192 192 192 1152 1152 4288 192 192 192 192 192 192 192 208 192 192 192 192 192 4288 192 192 192 192 192 192 192 192 192 192 192 192 208 192 32768 32768 32768 32768 32768 32768 32768 32768 32768 32768 32768 32768 32768 32768 32768 32768 32768 32768 32768 32768 32768 32768 32768 32768 32768 32768 32768 32768
32768 32768 32768 32768 32768 32768 32768 32768 32768 32768 32768 32768 32768 32768 32768 32768 32768 32768 32768 32768 32768 32768 32768 32768 32768 32768 32768 32768 32768 32768 32768 32768 32768 32768 32768 208 208 32784 32768 32768 32768 192 192 208 1152 1152 1152 1152 1152 208 192 192 192 640 640 640 640 656 657 657 657 657 657 657 657 656 640 640 640 640 640 640 640 640 192 192 192 192 192 192 192 192 192 4288 192 192 192 192 192 192 192 192 192 208 192 192 192 32768 32768 32768 4288 4288 32768 4288 4288 4288 4288 4288 4288 4288 192 192 192 192 192 192 192 192 4288 4288 4288 4288 4288 4288 4288 192 192 208 208 208 192 192 192 4288 4288 4288 4288 192 192 192 1152 1152 1152 1152 4288 192 192 192 192 192 192 208 192 192 192 192 4288 192 192 192 192 192 192 192 192 192 192 192 192 192 192 208 32768 32768 32768 32768 32768 32768 32768 32768 32768 32768 32768 32768 32768 32768 32768 32768 32768 32768 32768 32768 32768 32768 32768 32768 32768 32768 32768 32768
32768 32768 32768 32768 32768 32768 32768 32768 32768 32768 32768 32768 32768 32768 32768 32768 32768 32768 32768 32768 32768 32768 32768 32768 32768 32768 32768 32768 32768 32768 32768 32768 32768 32768 32768 32784 32784 32784 32768 32768 192 32768 32784 192 192 192 1152 192 192 208 640 640 640 640 640 640 640 656 657 657 657 21137 656 657 656 656 640 640 640 640 640 640 640 640 640 640 192 192 192 192 192 192 192 192 192 192 192 192 192 192 192 192 192 192 20688 32768 32768 32768 4288 4288 4288 4288 4288 4288 4288 4288 4288 4288 4288 192 192 192 192 192 192 192 192 192 4288 4288 4288 4288 4288 4288 4288 192 192 208 208 208 208 192 192 4288 4288 4288 4288 192 192 1152 1152 1152 1152 1152 192 4288 192 192 192 192 192 208 192 4288 4288 4288 192 192 192 192 192 192 192 192 192 192 192 192 192 192 192 192 32784 32784 200 32768 32768 32768 32768 32768 32768 32768 32768 32768 32768 32768 32768 32768 32768 32768 32768 32768 32768 32768 32768 32768 32768 32768 32768 32768
32768 32768 32768 32768 32768 32768 32768 32768 32768 32768 32768 32768 32768 32768 32768 32768 32768 32768 32768 32768 32768 32768 32768 32768 32768 32768 32768 32768 32768 32768 32768 32768 32768 32768 32768 32784 32784 32784 32768 32768 192 208 192 192 192 192 192 192 192 640 656 640 640 640 640 640 640 656 656 657 657 656 21136 656 21136 640 640 640 640 640 640 640 640 640 640 640 640 192 192 192 192 192 192 192 192 192 192 192 192 192 192 192 4288 4288 4288 20688 32768 5248 32768 4288 4288 4288 4288 4288 4288 4288 192 192 192 192 192 192 192 192 192 192 192 192 192 4288 4288 4288 4288 4288 4288 4288 192 208 208 208 208 192 192 4288 4288 4288 4288 192 192 1152 1152 1152 1152 1152 1152 192 4288 192 192 192 192 208 4288 192 192 192 192 192 192 192 192 192 192 192 192 192 192 192 192 192 32768 32768 32768 192 216 216 216 32768 32768 32768 32768 32768 32768 32768 32768 32768 32768 32768 32768 32768 32768 32768 32768 32768 32768 32768 32768 32768 32768 32768
32768 32768 32768 32768 32768 32768 32768 32768 32768 32768 32768 32768 32768 32768 32768 32768 32768 32768 32768 32768 32768 32768 32768 32768 32768 32768 32768 32768 32768 32768 32768 32768 32768 32768 32768 32784 32784 32784 32768 32768 32768 32784 192 192 192 192 192 192 192 192 640 664 640 640 640 640 640 640 656 656 656 656 640 4736 4736 4736 640 640 640 640 640 640 640 640 640 640 640 192 192 192 192 192 192 192 192 192 192 192 192 192 192 4288 4288 4288 4288 4288 20688 32768 32768 192 4288 4288 4288 4288 4288 4288 4288 192 192 192 192 192 192 192 192 192 192 192 192 192 4288 4288 4288 4288 4288 4288 4288 192 208 208 208 192 192 4288 4288 4288 4288 192 192 192 1152 1152 1152 1152 1152 1152 192 4288 192 4288 20688 4288 192 192 192 192 192 192 192 192 192 192 192 192 192 192 192 192 32768 32768 32768 32768 32768 32768 192 32768 32768 32768 32768 32768 32768 32768 32768 32768 32768 32768 32768 32768 32768 32768 32768 32768 32768 32768 32768 32768 32768 32768 32768 32768
32768 32768 32768 32768 32768 32768 32768 32768 32768 32768 32768 32768 32768 32768 32768 32768 32768 32768 32768 32768 32768 32768 32768 32768 32768 32768 32768 32768 32768 192 192 32768 32768 32768 32768 32784 32784 32784 32768 32768 32784 32768 192 192 192 192 192 192 192 192 216 216 664 640 640 640 640 640 640 640 640 640 640 640 4736 640 4736 4736 4736 640 640 640 640 640 640 640 640 640 192 192 192 192 192 192 192 192 192 192 192 192 4288 4288 4288 4288 4288 4288 4288 20696 32768 192 4736 4288 4288 4736 4288 4288 20696 20696 192 192 192 192 192 192 192 192 192 192 192 192 192 4288 4288 4288 4288 4288 4288 192 208 208 208 192 192 4288 4288 4288 4288 4288 192 192 1152 1152 1152 1152 1152 1152 192 4288 4288 4288 208 192 192 192 192 192 192 192 192 192 192 192 192 192 192 192 192 192 192 32768 32768 32768 32768 32768 192 32768 32768 32768 32768 32768 32768 32768 32768 32768 32768 32768 32768 32768 32768 32768 32768 32768 32768 32768 32768 32768 32768 32768 32768 32768
32768 32768 32768 32768 32768 32768 32768 32768 32768 32768 32768 32768 32768 32768 32768 32768 32768 32768 32768 32768 32768 32768 32768 32768 32768 32768 32768 192 192 192 192 32768 192 32768 32768 32784 32784 32784 32768 32784 32768 192 192 192 192 192 192 192 192 192 216 200 664 640 192 640 640 640 640 640 640 640 640 640 640 640 4736 4736 4736 4736 640 640 640 640 640 640 640 192 192 192 192 192 192 192 192 192 192 192 192 4288 4288 4288 4288 4288 4288 4288 20696 216 664 656 656 21136 21136 21136 21136 20696 21144 4296 20696 208 192 192 192 192 192 192 192 192 192 192 192 192 4288 4288 4288 4288 4288 192 208 208 208 208 192 192 4288 4288 4288 4288 192 1152 1152 1152 1152 1152 1152 1152 1152 4288 4288 192 208 192 192 192 192 192 192 192 192 192 192 192 192 192 192 192 192 192 192 192 32784 32784 208 192 192 192 32768 32768 32768 32768 32768 32768 32768 32768 32768 32768 32768 32768 32768 32768 32768 32768 32768 32768 32768 32768 32768 32768 32768 32768
32768 32768 32768 32768 32768 32768 32768 32768 32768 32768 32768 32768 32768 32768 32768 32768 32768 32768 32768 32768 32768 32768 32768 32768 32768 32768 32768 32768 192 192 192 192 192 192 32784 32784 32784 32784 32784 32768 32768 192 192 192 192 192 192 192 192 192 192 664 640 640 640 640 640 640 640 640 640 640 640 640 640 640 4736 4736 4736 4736 4736 640 640 640 640 640 192 192 192 192 192 2176 192 192 192 192 192 192 4288 4288 4288 4288 4288 192 208 208 216 200 664 640 640 640 640 640 640 4736 21144 21144 4736 4288 208 208 192 192 192 192 192 192 192 192 192 192 192 4288 4288 4288 4288 4288 208 208 208 208 192 192 192 4288 4288 4288 1152 1152 1152 1152 1152 1152 1152 5248 5248 1152 4288 192 208 192 192 192 192 192 192 192 192 192 192 192 192 192 192 192 192 192 192 208 208 210 208 208 208 20688 20688 32768 32768 192 32768 32768 32768 32768 32768 32768 32768 32768 32768 32768 32768 32768 32768 32768 32768 32768 32768 32768 32768 32768
32768 32768 32768 32768 32768 32768 32768 32768 32768 32768 32768 32768 32768 32768 32768 32768 32768 32768 32768 32768 32768 32768 32768 32768 32768 32768 32768 32768 32768 192 192 192 192 192 212 32784 32784 208 192 192 32768 192 192 192 192 192 192 192 192 192 192 656 640 640 640 640 640 640 640 640 640 640 640 640 640 640 640 4736 4736 4736 4736 4736 640 640 640 192 192 192 192 192 2176 2176 2176 192 216 192 192 4288 20688 20688 20688 20688 208 208 192 192 192 216 640 640 640 640 640 640 640 640 4736 4736 4736 4736 4288 192 208 208 208 192 192 192 192 192 192 192 192 192 4288 4288 4288 4288 4288 208 208 208 192 192 4288 4288 192 192 1152 1152 1152 1152 1152 1152 5248 5248 1152 1152 4288 208 192 192 192 192 192 192 192 192 192 192 192 192 192 192 192 192 192 192 208 208 210 20690 20690 20690 20690 20690 21136 4736 4736 32768 32768 32768 32768 32768 32768 32768 32768 32768 32768 32768 32768 32768 32768 32768 32768 32768 32768 32768 32768 32768
32768 32768 32768 32768 32768 32768 32768 32768 32768 32768 32768 32768 32768 32768 32768 32768 32768 32768 32768 32768 32768 32768 32768 32768 32768 32768 32768 32768 32768 192 192 192 212 212 212 212 212 192 192 192 192 192 192 192 192 192 192 192 192 192 640 656 640 640 640 640 640 640 640 640 640 640 640 640 640 640 640 640 4736 4736 4736 4736 4736 640 640 192 192 2176 192 192 2176 2176 2176 2200 216 216 20688 20688 4288 4288 4288 192 192 192 192 192 192 192 640 640 640 640 640 640 2688 640 640 4736 4736 4736 4736 640 192 192 192 208 208 192 192 192 192 192 192 192 4288 4288 4288 4288 4288 20688 208 208 208 192 5248 5248 192 1152 1152 1152 1152 1152 1152 1152 5248 1152 1152 1152 192 20688 2176 192 192 192 192 192 192 192 192 192 192 192 192 192 192 192 192 192 208 20690 20690 20690 20690 20690 20690 21138 21136 4736 32768 32768 32768 32768 32768 32768 32768 32768 32768 32768 32768 32768 32768 32768 32768 32768 32768 32768 32768 32768 32768 32768
32768 32768 32768 32768 32768 32768 32768 32768 32768 32768 32768 32768 32768 32768 32768 32768 32768 32768 32768 32768 32768 32768 32768 32768 32768 192 32768 32768 192 192 192 212 212 212 212 212 208 192 192 192 192 192 192 4288 4288 4288 192 192 192 192 640 656 640 640 640 640 640 640 640 640 640 640 640 640 640 640 640 640 640 4736 4736 4736 4736 4736 640 2176 2176 2176 2176 2176 2176 2176 2200 2200 2184 20696 4288 4288 4288 4288 192 192 192 192 192 192 192 192 640 640 640 640 640 640 2688 640 640 640 4736 4736 4736 4736 640 192 192 192 192 208 208 192 192 216 216 192 192 4288 4288 4288 4288 20688 20688 208 208 1152 1152 5248 1152 1152 1152 1152 1152 1152 1152 5248 1152 1152 1152 1152 1152 2192 6272 2176 192 192 192 192 192 192 192 192 192 192 192 192 192 192 192 192 20688 20690 20690 20690 20690 21138 21138 21136 21136 640 640 32768 32768 32768 32768 32768 32768 32768 32768 32768 32768 32768 32768 32768 32768 32768 32768 32768 32768 32768 32768 32768
32768 32768 32768 32768 32768 32768 32768 32768 32768 32768 32768 32768 32768 32768 32768 32768 32768 32768 32768 32768 32768 32768 32768 32768 32768 32768 192 192 192 192 192 192 212 212 212 212 208 192 192 192 192 192 192 4288 4288 4288 4288 4288 192 192 192 656 192 640 640 640 640 640 640 640 640 640 640 640 640 640 640 640 640 640 4736 4736 4736 4736 4736 192 2176 2176 2176 2176 2176 2176 2176 2200 22680 6272 4288 4288 4288 192 192 192 192 192 192 192 192 192 640 640 640 640 640 2688 2688 2688 640 640 4736 4736 4736 4736 4736 192 192 192 192 192 192 208 216 216 200 216 192 192 4288 4288 4288 4288 20688 208 208 1152 1152 5248 1152 1152 1152 1152 1152 1152 5248 1152 1152 1152 1152 1152 1152 3216 2176 2176 192 192 192 192 192 192 192 192 192 192 192 192 192 192 192 4288 20688 20688 20690 20690 21138 21138 21138 656 640 640 32768 32768 32768 32768 32768 32768 32768 32768 32768 32768 32768 32768 32768 32768 32768 32768 32768 32768 32768 32768 32768 32768
32768 32768 32768 32768 32768 32768 32768 32768 32768 32768 32768 32768 32768 32768 32768 32768 32768 32768 32768 32768 32768 32768 32768 32768 32768 32768 32768 192 192 192 192 192 192 192 212 208 208 192 192 192 192 192 192 4288 4288 4288 4288 4288 4288 4288 192 656 640 640 640 640 640 640 640 640 640 640 640 640 640 640 640 640 640 640 640 4736 4736 4736 4288 6272 2176 2176 2176 2176 2176 2176 2176 6272 6272 22672 4288 4288 192 192 192 192 192 192 192 4288 4288 4736 4736 4736 4736 4736 4736 6784 6784 6784 4736 4736 4736 4736 4736 4736 4736 4288 4288 4288 4288 4288 4288 4288 4288 20696 22680 2200 2192 208 192 4288 4288 4288 20688 208 208 208 1152 5248 1152 1152 1152 1152 1152 5248 1152 1152 1152 3200 1152 3200 3216 2176 2176 2176 192 192 192 192 192 192 192 192 192 192 192 192 192 192 192 4288 4288 20688 20690 658 658 658 656 656 640 32768 32768 32768 32768 32768 32768 32768 32768 32768 32768 32768 32768 32768 32768 32768 32768 32768 32768 32768 32768 32768 32768 32768
32768 32768 32768 32768 32768 32768 32768 32768 32768 32768 32768 32768 32768 32768 32768 32768 32768 32768 32768 32768 32768 32768 32768 32768 32768 32768 32768 192 32768 192 192 192 192 192 208 208 208 192 192 192 192 192 192 192 4288 4288 4288 4288 4288 4288 4736 656 640 640 640 640 640 640 640 640 640 640 640 640 640 640 640 640 640 640 4736 4736 4736 4288 4288 4288 6272 6272 6272 6272 6272 6272 6272 6272 6272 22672 6272 4288 4288 4288 4288 4288 4288 4288 4288 4288 4288 4736 4736 4736 4736 4736 6784 6784 6784 6784 6784 4736 4736 4736 4736 4736 4736 4736 4288 4288 4288 4288 4288 4288 4288 6272 6272 6272 2176 6272 20688 20688 20688 20688 20688 20688 20688 20688 4288 4288 5248 5248 5248 5248 5248 1152 1152 1152 3200 3200 3200 3200 2192 2176 2176 2176 192 192 192 192 192 192 192 192 192 192 192 192 192 192 4288 4288 4288 20688 656 658 658 656 656 640 640 32768 32768 32768 32768 32768 32768 32768 32768 32768 32768 32768 32768 32768 32768 32768 32768 32768 32768 32768 32768 32768 32768 32768
32768 32768 32768 32768 32768 32768 32768 32768 32768 32768 32768 32768 32768 32768 32768 32768 32768 32768 32768 32768 32768 32768 32768 32768 32768 32768 32768 192 192 32768 32768 192 192 192 208 208 208 192 192 192 192 192 192 192 192 4288 4288 4288 4288 4288 20696 21144 21144 640 640 640 640 640 640 640 640 640 640 640 640 664 640 640 640 640 640 192 192 4288 4288 4288 4288 2176 2176 2176 2176 6272 6272 6272 6272 6272 2192 192 192 192 192 192 192 192 192 4288 4736 4736 4736 4736 4736 4736 6784 6784 6784 6784 6784 6784 4736 4736 4736 4736 4736 4736 4288 4288 4288 4288 4288 4288 4288 6272 6272 2176 6272 6272 192 4288 4288 4288 192 208 208 20688 20688 20688 208 1168 192 1152 1152 1152 1152 1152 3200 3200 3200 3200 3224 2176 2176 2176 192 192 192 192 192 192 192 192 192 192 192 192 192 4288 4288 4288 20688 21136 656 656 656 656 32768 32768 32768 32768 32768 32768 32768 32768 32768 32768 32768 32768 32768 32768 32768 32768 32768 32768 32768 32768 32768 32768 32768 32768 32768 32768
32768 32768 32768 32768 32768 32768 32768 32768 32768 32768 32768 32768 32768 32768 32768 32768 32768 32768 32768 32768 32768 32768 32768 32768 32768 32768 32768 32768 32768 32768 32768 192 192 192 208 208 208 192 192 192 192 192 192 192 192 192 192 4288 4288 20696 4296 20696 20696 4288 640 640 640 640 640 640 640 640 640 640 640 664 664 640 640 640 640 192 192 192 4288 4288 4288 192 2176 2176 6272 6272 6272 6272 6272 2176 192 216 192 192 192 192 192 192 192 192 640 640 640 640 640 640 6784 6784 6784 6784 6784 6784 2688 640 640 640 4736 640 192 192 4288 4288 4288 192 192 192 2176 2176 2176 192 192 4288 4288 192 192 208 208 208 192 4288 4288 192 208 1168 1168 1168 1168 3216 3200 3200 3200 3224 3224 2200 2176 192 192 192 192 192 192 192 192 192 192 192 192 192 4288 4288 4288 4288 21136 656 656 656 640 640 32768 32768 32768 32768 32768 32768 32768 32768 32768 32768 32768 32768 32768 32768 32768 32768 32768 32768 32768 32768 32768 32768 32768 32768 32768 32768
32768 32768 32768 32768 32768 32768 32768 32768 32768 32768 32768 32768 32768 32768 32768 32768 32768 32768 32768 32768 32768 32768 32768 32768 32768 32768 32768 32768 32784 32784 32784 192 192 192 208 208 208 192 192 192 192 192 192 192 192 192 192 192 192 4288 20696 20696 20696 4288 4288 640 640 192 192 192 640 640 640 640 664 664 664 640 640 640 640 640 192 192 192 192 4288 192 2200 6272 6272 6272 6272 6272 2176 192 216 216 216 192 192 192 192 192 192 640 640 640 640 640 640 640 640 2688 2688 2688 2688 2688 640 4736 4736 4736 4736 4736 4288 4288 4288 4288 4288 4288 4288 4288 4288 4288 4288 4288 4288 4288 4288 4288 4288 20688 20688 20688 20688 4288 4288 4288 4288 5248 1152 1152 1152 1152 3216 3216 3224 3224 2184 2200 208 208 208 208 192 192 192 192 192 212 192 192 192 4288 4288 4288 4288 21136 656 656 656 640 640 640 640 32768 32768 32768 32768 32768 32768 32768 32768 32768 32768 32768 32768 32768 32768 32768 32768 320 320 320 32768 32768 32768 32768 32768 32768
32768 32768 32768 32768 32768 32768 32768 32768 32768 32768 32768 32768 32768 32768 32768 32768 32768 32768 32768 32768 32768 32768 32768 32768 32768 32768 32768 32768 32784 210 208 208 208 208 208 208 208 192 192 192 192 192 192 192 192 192 192 192 192 192 4288 20696 4288 20688 4288 4288 192 192 192 192 640 640 640 640 656 648 664 656 656 656 656 640 640 192 192 192 4288 216 4296 22680 22672 22672 22672 2192 2192 208 216 200 216 192 192 192 192 192 192 640 640 640 640 640 640 640 640 640 640 640 640 640 640 4736 4736 4736 4736 4736 4736 4288 4288 4288 4288 4288 4288 4288 4288 4288 4288 4288 4288 4288 4288 4288 4288 20688 20688 20688 20688 4288 4288 4288 4288 4288 5248 1152 1152 1152 3200 3200 3200 3224 3224 2176 192 192 192 192 208 208 208 208 212 212 212 212 4288 4288 4288 4288 21136 656 656 656 656 640 640 640 640 640 32768 32768 32768 32768 32768 32768 32768 32768 32768 32768 32768 32768 32768 32768 320 320 320 320 32768 32768 32768 32768 32768 32768
32768 32768 32768 32768 32768 32768 32768 32768 32768 32768 32768 32768 32768 32768 32768 32768 32768 32768 32768 32768 32768 32768 32768 32768 32768 32768 32784 32784 32784 210 210 210 210 210 210 210 208 192 192 192 192 192 192 192 192 192 192 192 192 192 192 208 4288 4288 20688 20688 4288 192 192 192 640 640 640 656 640 640 640 640 640 640 640 656 656 656 208 208 216 20696 20696 20696 4288 4288 2176 2176 192 192 192 216 192 192 192 192 192 192 640 640 640 640 640 640 640 640 640 640 640 640 640 640 640 4736 4736 4736 4736 4736 4288 4288 4288 4288 4288 4288 4288 4288 4288 4288 4288 4288 4288 4288 4288 4288 4288 4288 20688 20688 20688 4288 4288 4288 4288 4288 5248 5248 5248 1152 1152 3200 3200 3200 2192 192 192 192 192 192 192 192 192 192 212 212 212 4292 20692 4288 4736 21136 656 656 656 656 640 640 640 640 32768 32768 32768 32768 32768 32768 32768 32768 32768 32768 32768 32768 32768 32768 32768 320 320 320 320 320 32768 32768 32768 32768 32768 32768
32768 32768 32768 32768 32768 32768 32768 32768 32768 32768 32768 32768 32768 32768 32768 32768 32768 32768 32768 32768 32768 32768 32768 32768 32768 32768 32784 210 210 210 210 210 210 210 210 210 208 192 192 192 192 192 192 192 192 192 192 192 192 192 192 208 192 4288 4288 4288 20688 4288 192 192 640 640 640 656 192 640 640 640 640 640 640 640 640 192 192 192 192 20696 20696 4288 4288 192 192 192 192 192 192 192 208 192 192 192 192 192 640 640 640 640 640 640 640 640 640 640 640 640 640 640 640 640 4736 4736 4736 4288 192 192 192 4288 192 192 192 192 192 192 192 192 192 192 4288 192 192 192 208 20688 20688 20688 4288 192 4288 4288 4288 5248 5248 5248 1152 1152 2176 2176 2192 192 192 192 192 192 192 192 192 192 212 212 20692 20692 4288 4736 4736 656 656 656 656 640 640 640 640 640 32768 32768 32768 32768 32768 32768 32768 32768 32768 32768 32768 32768 32768 32768 32768 32768 320 320 320 32768 32768 32768 32768 32768 32768 32768
32768 32768 32768 32768 32768 32768 32768 32768 32768 32768 32768 32768 32768 32768 32768 32768 32768 32768 32768 32768 32768 32768 32768 32768 32768 32768 32784 32784 210 210 210 210 210 210 210 208 208 192 192 192 192 192 192 192 192 192 192 1152 192 192 208 192 192 192 4288 4288 4288 20688 4288 192 192 640 656 640 192 192 192 192 640 640 640 192 192 192 192 192 4288 4288 4288 4288 192 192 192 192 192 192 192 192 208 192 192 192 192 192 640 640 640 640 640 640 640 640 640 640 640 640 640 640 640 640 640 640 192 192 192 192 192 192 4288 192 192 192 192 192 192 192 192 192 4288 192 192 192 208 208 208 208 20688 208 192 4288 5248 5248 5248 5248 5248 5248 1152 2176 208 192 192 192 192 192 192 192 192 192 192 20692 4288 4736 4736 4736 656 656 656 656 640 640 640 640 640 640 640 32768 32768 32768 32768 32768 32768 32768 32768 32768 32768 32768 32768 32768 32768 32768 32768 320 32768 32768 32768 32768 32768 32768 32768 32768
32768 32768 32768 32768 32768 32768 32768 32768 32768 32768 32768 32768 32768 32768 32768 32768 32768 32768 32768 32768 32768 32768 32768 32768 32768 32768 32768 32784 32784 210 210 210 210 210 210 210 208 208 208 192 192 192 192 192 192 192 1152 1152 1152 1152 208 192 192 192 192 4288 4288 4288 20688 20688 192 664 664 2688 2688 2176 192 192 192 640 192 192 192 192 192 4288 4288 4288 4288 4288 4288 192 192 192 192 192 192 192 192 208 192 192 192 192 640 640 640 640 640 640 640 640 640 640 640 640 640 640 640 640 640 192 192 192 192 192 192 192 192 192 192 192 192 192 192 192 192 192 4288 192 192 192 208 208 210 210 210 20688 208 192 1152 5248 5248 5248 5248 5248 4288 192 208 192 192 192 192 192 192 192 192 192 4288 4288 4736 4736 4736 656 656 656 656 656 640 640 640 640 640 640 32768 32768 32768 32768 32768 32768 32768 32768 32768 32768 32768 32768 32768 32768 32768 32768 32768 32768 32768 32768 32768 32768 32768 32768 32768 32768
32768 32768 32768 32768 32768 32768 32768 32768 32768 32768 32768 32768 32768 32768 32768 32768 32768 32768 32768 32768 32768 32768 32768 32768 32768 32768 32768 32768 32784 32784 210 210 210 210 210 208 208 208 208 208 192 192 1152 192 192 192 1152 1152 1152 1152 1168 192 192 192 192 192 4288 4288 6272 6272 23192 664 2696 2712 2200 2176 2176 192 192 192 192 192 192 192 4288 4288 4288 4288 4288 4288 4288 192 192 192 192 192 192 192 192 192 208 192 192 192 640 640 640 640 640 640 640 640 640 640 640 640 640 640 640 640 640 640 192 192 192 192 192 192 192 192 192 192 192 192 192 192 192 192 4288 192 192 192 208 210 210 210 210 20690 208 192 192 1152 5248 5248 5248 4288 4288 4288 208 192 192 192 192 192 192 192 192 4736 4736 4736 4736 4736 656 656 656 656 656 640 640 640 640 640 640 32768 32768 32768 32768 32768 32768 32768 32768 32768 32768 32768 32768 32768 32768 32768 32768 32768 32768 32768 32768 32768 32768 32768 32768 32768 32768 32768
32768 32768 32768 32768 32768 32768 32768 32768 32768 32768 32768 32768 32768 32768 32768 32768 32768 32768 32768 32768 32768 32768 32768 32768 32768 32768 32768 32768 32768 32784 32784 210 210 210 208 208 208 208 208 208 208 1168 1152 1152 1152 192 1152 1152 1152 1152 1168 192 1152 192 192 1152 192 6272 6272 6272 6272 23192 2712 2200 2176 2192 192 192 192 192 192 192 192 4288 4288 4288 4288 4288 4288 192 192 4288 192 192 192 192 192 192 192 192 208 192 192 192 640 640 640 640 640 640 640 640 640 640 640 640 640 640 640 640 640 640 640 192 192 192 192 192 192 192 192 192 192 192 192 192 192 192 4288 192 192 192 208 208 210 210 210 210 20688 192 1152 1152 1152 1152 4288 4288 4288 4288 20688 192 192 192 192 192 192 640 4736 4736 4736 4736 4736 640 656 656 656 656 640 640 640 640 640 640 640 32768 32768 32768 32768 32768 32768 32768 32768 32768 32768 32768 32768 32768 32768 32768 32768 32768 32768 32768 32768 32768 32768 32768 32768 32768 32768 32768
32768 32768 32768 32768 32768 32768 32768 32768 32768 32768 32768 32768 32768 32768 32768 32768 32768 32768 32768 32768 32768 32768 32768 32768 32768 32768 32768 32768 32768 32768 208 210 208 208 208 192 192 208 208 208 208 1168 1168 1168 1152 1152 1152 1152 1152 1168 1152 1152 1152 1152 3200 3200 3200 2176 6272 6272 6272 6272 6272 2176 2176 2176 2192 192 192 192 192 192 4288 4288 4288 4288 4288 192 192 192 4288 192 192 192 192 192 192 192 192 192 192 208 192 192 640 640 640 640 640 640 640 640 640 640 640 640 640 640 640 640 640 640 640 640 192 192 192 192 192 192 192 192 192 192 192 192 192 192 4288 4288 192 192 192 208 210 210 210 210 208 4288 640 1664 1664 640 640 4736 4736 4736 21136 4736 4736 640 640 640 640 4736 4736 4736 4736 4736 640 656 656 656 656 640 640 640 640 640 640 640 640 32768 32768 32768 32768 32768 32768 32768 32768 32768 32768 32768 32768 32768 32768 32768 32768 32768 32768 32768 32768 32768 32768 32768 32768 32768 32768 32768
32768 32768 32768 32768 32768 32768 32768 32768 32768 32768 32768 32768 32768 32768 32768 32768 32768 32768 32768 32768 32768 32768 32768 32768 32768 32768 32768 32768 32768 192 208 208 208 192 192 192 192 192 216 216 216 1168 1168 1168 1168 1152 1172 1172 1172 1172 1152 1152 1152 1152 3200 3200 3200 3200 3200 6272 6272 7296 7296 6272 2176 2176 192 208 208 192 192 4288 4288 4288 4288 4288 192 192 192 192 4288 192 192 192 192 192 192 192 192 192 192 192 208 640 640 640 640 640 640 640 640 640 640 640 640 640 640 640 640 640 640 640 640 640 192 192 192 192 192 192 192 192 192 192 192 192 192 192 4288 192 192 192 192 208 208 210 210 210 208 640 4736 640 640 4736 4736 4736 4736 4736 21136 4736 4736 4736 640 4736 4736 4736 4736 4736 4736 640 656 656 656 656 656 640 640 640 640 640 640 640 640 32768 32768 32768 32768 32768 32768 32768 32768 32768 32768 32768 32768 32768 32768 32768 32768 32768 32768 32768 32768 32768 32768 32768 32768 32768 32768 32768
32768 32768 32768 32768 32768 32768 32768 32768 32768 32768 32768 32768 32768 32768 32768 32768 32768 32768 32768 32768 32768 32768 32768 32768 32768 32768 32768 32768 32768 32768 192 192 192 192 192 192 192 200 216 216 216 1168 1168 1168 1168 1172 1172 1172 1172 1172 1172 1152 1152 1152 3200 3200 3200 3200 3200 3200 7296 7296 7296 7296 6272 2176 192 192 192 208 4288 4288 4288 4288 4288 192 192 192 192 192 4288 192 192 192 192 192 192 192 192 192 192 192 208 640 640 640 640 640 640 640 640 640 640 640 640 640 640 640 640 640 640 656 656 656 192 192 192 192 192 192 192 192 192 192 192 192 192 192 4288 192 192 192 192 192 208 210 210 208 208 640 4736 640 4736 4736 4736 4736 4736 4736 21136 4736 4736 4736 4736 4736 4736 4736 4736 4736 640 656 656 656 656 656 640 640 640 640 640 640 32768 32768 32768 32768 32768 32768 32768 32768 32768 32768 32768 32768 32768 32768 32768 32768 32768 32768 32768 32768 32768 32768 32768 32768 32768 32768 32768 32768 32768 32768
32768 32768 32768 32768 32768 32768 32768 32768 32768 32768 32768 32768 32768 32768 32768 32768 32768 32768 32768 32768 32768 32768 32768 32768 32768 32768 32768 32768 32768 32768 192 192 192 192 192 192 192 216 216 216 192 192 1168 1168 1168 1168 1172 1172 1172 1172 1152 1152 1152 3200 3200 3200 3200 3200 3200 3200 3200 7296 7296 7296 6272 4288 192 192 192 4288 20688 4288 4288 4288 192 192 192 192 192 192 4288 192 192 192 192 192 192 192 192 192 192 192 640 656 640 640 640 640 640 640 640 640 640 640 640 640 640 640 640 640 656 656 658 208 208 192 192 192 192 192 192 192 192 192 192 192 192 4288 4288 192 192 192 192 192 20688 20690 20690 20688 4288 4736 4736 4736 4736 4736 4736 4736 4736 4736 21136 4736 4736 4736 4736 4736 4736 4736 4736 640 640 656 656 656 656 640 640 640 640 640 640 640 640 640 32768 32768 32768 32768 32768 32768 32768 32768 32768 32768 32768 32768 32768 32768 32768 32768 32768 32768 32768 32768 32768 32768 32768 32768 32768 32768 32768 32768
32768 32768 32768 32768 32768 32768 32768 32768 32768 32768 32768 32768 32768 32768 32768 32768 32768 32768 32768 32768 32768 32768 32768 32768 32768 32768 32768 32768 32768 192 192 192 192 192 192 192 192 192 192 192 192 1152 1152 1168 1168 1168 1168 1172 1172 1168 1152 1152 3200 3200 3200 3200 3200 3200 3200 3200 3200 3200 7296 7296 7296 4288 4288 192 4288 4288 4288 20696 20696 192 192 192 192 192 192 192 192 192 192 192 192 192 192 192 192 192 192 192 640 640 656 640 640 640 640 640 640 640 640 640 640 640 640 640 192 656 208 210 210 210 208 192 192 192 192 192 192 192 192 192 192 192 192 192 4288 192 192 192 192 192 20688 20690 20690 20688 4288 4736 4736 4736 4736 4736 4736 4736 4736 4736 21136 4736 4736 4736 4736 4736 4736 640 640 656 656 656 656 656 640 640 640 640 640 640 640 640 640 640 32768 32768 32768 32768 32768 32768 32768 32768 32768 32768 32768 32768 32768 32768 32768 32768 32768 32768 32768 32768 32768 32768 32768 32768 32768 32768 32768 32768
32768 32768 32768 32768 32768 32768 32768 32768 32768 32768 32768 32768 32768 32768 32768 32768 32768 32768 32768 32768 32768 32768 32768 32768 32768 32768 32768 32768 192 32768 192 192 192 192 192 192 192 192 192 192 192 1152 1152 1152 1152 1168 1168 1168 1168 1168 1168 1152 1152 3200 3200 3200 3200 3200 3200 3200 3200 3200 3200 7296 4288 4288 4288 4288 4288 4288 20696 4296 216 192 192 192 192 192 192 192 192 192 192 192 192 192 192 192 192 192 192 192 640 640 656 640 640 640 640 640 32768 640 640 640 640 656 656 656 208 208 210 210 210 210 208 208 192 192 192 192 192 192 192 192 192 192 192 4288 4288 192 192 192 192 192 20688 20690 20690 20688 4288 4736 4736 4736 4736 4736 640 4736 4736 4736 21144 4736 4736 4736 4736 4736 640 640 656 656 658 658 656 656 640 640 640 640 640 640 640 640 640 640 640 32768 32768 32768 32768 32768 32768 32768 32768 32768 32768 32768 32768 32768 32768 32768 32768 32768 32768 32768 32768 32768 32768 32768 32768 32768 32768 32768
32768 32768 32768 32768 32768 32768 32768 32768 32768 32768 32768 32768 32768 32768 32768 32768 32768 32768 32768 32768 32768 32768 32768 32768 32768 32768 32768 32768 32768 192 192 192 192 192 192 192 192 192 192 192 1152 1152 1152 1152 1152 1152 1168 1168 1168 1168 1168 1168 1168 1152 3200 3200 3200 3200 3200 3200 3200 3200 5248 5248 4288 4288 4288 4288 4288 4288 4288 216 216 192 192 192 192 192 192 192 192 192 192 192 192 192 192 192 192 192 192 192 192 640 640 656 640 640 640 656 32784 656 656 32784 656 656 656 656 208 210 210 210 210 210 210 208 208 208 208 208 208 208 208 208 208 208 208 208 20688 2192 2192 2192 2192 2192 208 210 210 208 208 21136 21136 21136 21136 656 21136 656 656 21136 21144 21144 640 4736 4736 4736 640 640 656 658 658 658 658 656 656 656 640 640 640 640 640 640 32768 32768 32768 32768 32768 32768 32768 32768 32768 32768 32768 32768 32768 32768 32768 32768 32768 32768 32768 32768 32768 32768 32768 32768 32768 32768 32768 32768 32768 32768
32768 32768 32768 32768 32768 32768 32768 32768 32768 32768 32768 32768 32768 32768 32768 32768 32768 32768 32768 32768 32768 32768 32768 32768 32768 32768 32768 32768 32768 192 32768 192 192 192 192 192 192 192 192 1152 1152 1152 1152 1152 1152 1152 1152 1152 1168 1168 1168 1168 1168 1168 1168 3200 3200 1152 3200 3200 3200 7296 5248 5248 5248 4288 4288 4288 4288 4288 192 192 192 192 192 192 192 192 192 192 192 192 192 192 192 192 192 192 192 192 192 192 192 208 656 656 656 656 656 32784 32784 32784 32784 32784 656 656 656 656 208 208 210 210 210 210 210 210 208 208 208 208 208 208 208 208 208 208 208 208 22672 2192 2192 2192 2192 2192 2192 2194 2194 2192 208 656 656 656 656 656 656 21136 656 21144 21144 21144 21144 656 656 656 656 656 656 658 658 658 658 658 658 656 656 640 640 640 640 640 32768 32768 32768 32768 32768 32768 32768 32768 32768 32768 32768 32768 32768 32768 32768 32768 32768 32768 32768 32768 32768 32768 32768 32768 32768 32768 32768 32768 32768 32768
32768 32768 32768 32768 32768 32768 32768 32768 32768 32768 32768 32768 32768 32768 32768 32768 32768 32768 32768 32768 32768 32768 32768 32768 32768 32768 32768 32768 32768 32768 32768 192 192 192 192 192 192 32768 32768 1152 1152 1152 1152 1152 1152 1152 1152 1152 1152 1168 1168 1168 1168 1168 1168 1168 1152 1152 1152 3200 3200 5248 5248 5248 5248 5248 4288 4288 4288 4288 4288 192 192 192 192 192 192 192 192 192 192 192 192 192 192 192 192 208 208 208 208 208 208 208 208 656 656 656 656 208 32784 32784 32784 208 208 208 656 192 192 208 208 210 210 210 210 208 208 208 208 208 208 208 208 208 208 208 208 208 2192 2192 2192 2192 2192 2192 2192 2194 2194 2192 2192 656 656 656 656 656 656 656 21136 21136 21144 21144 21136 21136 656 656 656 656 658 658 658 658 658 658 658 658 656 640 640 640 640 640 32768 32768 32768 32768 32768 32768 32768 32768 32768 32768 32768 32768 32768 32768 32768 32768 32768 32768 32768 32768 32768 32768 32768 32768 32768 32768 32768 32768 32768 32768
32768 32768 32768 32768 32768 32768 32768 32768 32768 32768 32768 32768 32768 32768 32768 32768 32768 32768 32768 32768 32768 32768 32768 32768 32768 32768 32768 32768 32768 32768 32768 32768 192 192 192 192 32768 192 32768 1152 1152 1152 1152 1152 1152 1152 1152 1152 1152 1152 1152 1168 1168 1168 1168 1168 1168 1168 21648 21648 5248 5248 5248 5248 1152 1152 192 4288 4288 4288 4288 4288 4288 4288 192 192 192 192 192 192 192 208 208 208 208 208 208 208 208 208 208 208 208 208 208 656 656 32784 208 32784 32784 32768 192 32768 192 192 192 192 192 208 210 210 210 210 208 208 192 192 192 192 192 192 192 192 192 192 192 2176 2176 2176 2176 2176 2176 2176 2192 2194 2194 2192 2176 2688 640 640 640 640 640 640 656 656 21136 21136 21136 21136 656 656 656 656 656 658 658 658 658 658 658 658 656 640 640 640 640 32768 32768 32768 32768 32768 32768 32768 32768 32768 32768 32768 32768 32768 32768 32768 32768 32768 32768 32768 32768 32768 32768 32768 32768 32768 32768 32768 32768 32768 32768 32768
32768 32768 32768 32768 32768 32768 32768 32768 32768 32768 32768 32768 32768 32768 32768 32768 32768 32768 32768 32768 32768 32768 32768 32768 32768 32768 32768 32768 32768 32768 32768 32768 32768 192 32768 192 32768 32768 32768 1152 1152 1152 1152 1152 1152 1152 1152 1152 1152 1152 1152 1152 1152 1168 1168 1168 1168 21648 21650 21648 21648 5248 5248 5248 1152 192 192 192 4288 4288 4288 4288 4288 4288 4288 208 208 208 208 208 208 208 208 208 208 208 208 208 208 208 208 208 208 208 208 192 640 208 32768 32768 32768 192 192 192 192 192 192 192 192 208 208 210 210 210 208 192 192 192 192 192 192 192 192 192 192 192 192 192 2176 2176 2176 2176 32768 2176 2192 2194 2194 2192 2688 640 640 640 640 640 640 640 640 640 640 4736 4736 4736 640 640 640 640 656 656 656 658 658 658 658 658 656 640 640 640 32768 32768 32768 32768 32768 32768 32768 32768 32768 32768 32768 32768 32768 32768 32768 32768 32768 32768 32768 32768 32768 32768 32768 32768 32768 32768 32768 32768 32768 32768 32768 32768
32768 32768 32768 32768 32768 32768 32768 32768 32768 32768 32768 32768 32768 32768 32768 32768 32768 32768 32768 32768 32768 32768 32768 32768 32768 32768 32768 32768 32768 32768 32768 32768 32768 32768 32768 32768 32768 32768 32768 1152 1152 1152 1152 1152 1152 1152 1152 1152 1152 1152 1152 1152 1152 1152 1168 1168 1168 21650 21650 21650 21648 5248 5248 1152 1152 1152 192 1152 192 20688 20688 20688 20688 20688 20688 20688 208 208 208 208 208 208 208 208 208 208 208 208 208 192 192 32768 32768 32768 192 192 192 32768 32784 32768 32768 32768 32768 192 192 192 192 192 192 208 210 210 210 210 208 192 192 192 192 192 192 192 192 192 192 192 192 192 192 32768 192 32768 32768 32768 2192 2194 2194 2192 640 640 640 640 640 640 640 640 640 640 640 640 640 640 4736 640 640 640 640 640 656 658 658 658 658 656 656 640 640 32768 32768 32768 32768 32768 32768 32768 32768 32768 32768 32768 32768 32768 32768 32768 32768 32768 32768 32768 32768 32768 32768 32768 32768 32768 32768 32768 32768 32768 32768 32768 32768 32768
32768 32768 32768 32768 32768 32768 32768 32768 32768 32768 32768 32768 32768 32768 32768 32768 32768 32768 32768 32768 32768 32768 32768 32768 32768 32768 32768 32768 32768 32768 32768 32768 32768 32768 32768 32768 32768 32768 192 32768 1152 32768 1152 1152 1152 1152 1152 1152 1152 1152 1152 1152 1152 1152 1152 1168 1168 21650 21650 21650 21648 5248 1152 1168 1168 1168 1168 1168 1168 1168 21648 20688 20688 20688 20688 20688 20688 32784 208 208 208 208 208 192 192 192 192 192 192 192 192 192 32768 32768 32768 32768 32768 32768 32768 32784 32768 32768 32768 192 192 192 192 192 192 208 208 210 210 208 208 192 192 192 192 192 192 192 32768 192 192 192 192 192 192 192 32768 32768 32768 32768 2192 32784 210 656 640 640 640 32768 32768 640 640 640 640 640 640 640 640 640 640 4736 640 640 640 640 656 656 658 658 658 656 640 640 640 640 640 32768 32768 32768 32768 32768 32768 32768 32768 32768 32768 32768 32768 32768 32768 32768 32768 32768 32768 32768 32768 32768 32768 32768 32768 32768 32768 32768 32768 32768 32768 32768
32768 32768 32768 32768 32768 32768 32768 32768 32768 32768 32768 32768 32768 32768 32768 32768 32768 32768 32768 32768 32768 32768 32768 32768 32768 32768 32768 32768 32768 32768 32768 32768 32768 32768 32768 32768 32768 32768 32768 192 1152 192 32768 1152 1152 1152 1152 1152 1152 1152 1152 1152 1152 1152 1168 1168 1170 1170 1170 1170 1168 1168 1168 1168 1168 1168 1168 1168 1168 1168 1168 21648 20688 20688 20688 20688 20688 4288 32768 192 192 192 192 192 192 192 192 192 192 192 32768 32768 32768 32768 32768 32768 32768 32768 32768 32784 32768 32768 32768 32768 192 192 192 192 192 192 208 208 208 208 192 192 192 192 192 192 192 32768 192 192 192 192 192 192 32768 192 32768 32768 32768 32768 32768 32784 32784 656 640 640 640 32768 32768 640 640 640 640 640 640 640 640 640 640 4736 640 640 640 640 640 656 656 32784 656 656 640 640 640 32768 32768 32768 32768 32768 32768 32768 32768 32768 32768 32768 32768 32768 32768 32768 32768 32768 32768 32768 32768 32768 32768 32768 32768 32768 32768 32768 32768 32768 32768 32768 32768 32768
32768 32768 32768 32768 32768 32768 32768 32768 32768 32768 32768 32768 32768 32768 32768 32768 32768 32768 32768 32768 32768 32768 32768 32768 32768 32768 32768 32768 32768 32768 32768 32768 32768 32768 32768 32768 32768 32768 32768 32768 192 192 32768 32768 1152 1152 1152 1152 1152 1152 1152 1152 1152 1168 1168 1170 1170 1170 1170 1170 1170 1168 1168 1168 1168 1168 1168 1168 1168 1168 1168 1152 1152 192 4288 4288 4288 32768 32768 32768 32768 32768 32768 192 192 192 192 192 32768 32768 32768 32768 32768 32768 32768 32768 32768 32768 32768 32768 32784 32768 32768 32768 192 192 192 192 192 192 208 192 192 192 192 192 192 192 192 192 192 32768 192 192 192 192 192 192 192 32768 32768 32768 32768 32768 32768 32768 32768 32768 640 640 32768 32768 32768 640 640 640 640 640 640 640 640 640 640 640 640 640 640 640 640 640 32768 192 32768 640 640 32768 32768 32768 32768 32768 32768 32768 32768 32768 32768 32768 32768 32768 32768 32768 32768 32768 32768 32768 32768 32768 32768 32768 32768 32768 32768 32768 32768 32768 32768 32768 32768 32768 32768 32768
32768 32768 32768 32768 32768 32768 32768 32768 32768 32768 32768 32768 32768 32768 32768 32768 32768 32768 32768 32768 32768 32768 32768 32768 32768 32768 32768 32768 32768 32768 32768 32768 32768 32768 32768 32768 32768 32768 32768 32768 192 32768 192 32768 32768 1152 1152 1152 1152 32768 1152 1152 1168 1168 1170 1170 1170 1170 1170 1170 1170 1168 1168 1168 1168 1152 1152 1152 1152 32768 1152 1152 192 192 192 4288 4288 4288 32768 32768 32768 192 32768 32768 192 192 192 192 32768 32768 32768 32768 32768 32768 32768 32768 32768 32768 32768 32768 32768 32784 32768 32768 32768 32768 192 192 192 208 192 32768 192 192 192 192 192 192 192 192 192 32768 32768 32768 192 192 192 192 192 192 32768 32768 32768 32768 32768 192 640 640 640 640 32768 32768 32768 32768 640 640 640 640 640 32768 640 640 640 640 640 640 640 640 640 640 32768 32768 32768 32768 32768 32768 32768 32768 32768 32768 32768 32768 32768 32768 32768 32768 32768 32768 32768 32768 32768 32768 32768 32768 32768 32768 32768 32768 32768 32768 32768 32768 32768 32768 32768 32768 32768 32768 32768 32768
32768 32768 32768 32768 32768 32768 32768 32768 32768 32768 32768 32768 32768 32768 32768 32768 32768 32768 32768 32768 32768 32768 32768 32768 32768 32768 32768 32768 32768 32768 32768 32768 32768 32768 32768 32768 32768 32768 32768 32768 32768 32768 192 192 192 32768 1152 1152 1152 1152 32768 32768 32784 1170 1170 1170 1170 1170 1170 1170 1170 1168 1152 1152 1152 1152 1152 1152 32768 32768 192 32768 192 192 192 4288 4288 32768 32768 32768 32768 32768 192 192 192 32768 192 192 32768 32768 32768 32768 32768 32768 32768 32768 32768 32768 32768 32768 32768 32784 32768 32768 32768 32768 192 192 32768 208 32768 192 192 192 192 192 192 192 192 192 32768 192 32768 192 192 192 192 192 32768 32768 32768 32768 32768 32768 32768 32768 32768 640 32768 640 32768 32768 32768 640 640 640 640 640 32768 640 640 640 32768 32768 32768 32768 640 640 640 32768 32768 32768 32768 32768 32768 32768 32768 32768 32768 32768 32768 32768 32768 32768 320 320 320 32768 32768 32768 32768 32768 32768 32768 32768 32768 32768 32768 32768 32768 32768 32768 32768 32768 32768 32768 32768 32768 32768 32768
32768 32768 32768 32768 32768 32768 32768 32768 32768 32768 32768 32768 32768 32768 32768 32768 32768 32768 32768 32768 32768 32768 32768 32768 32768 32768 32768 32768 32768 32768 32768 32768 32768 32768 32768 32768 32768 32768 32768 32768 32768 32768 32768 32768 32768 1152 1152 1152 1152 32768 32768 32768 32784 1170 1170 1170 32784 1170 1170 1170 1170 1168 32768 32768 32768 1152 32768 1152 1152 32768 32768 32768 192 192 192 4288 4288 32768 32768 32768 32768 32768 32768 192 192 32768 192 32768 32768 32768 32768 32768 32768 32768 32768 32768 32768 32768 32768 32768 32768 32768 32784 32768 32768 32768 32768 32768 32784 32768 32768 192 32768 32768 192 192 192 32768 192 32768 32768 32768 32768 192 192 192 192 192 192 32768 32768 32768 32768 32768 32768 32768 32768 32768 32768 640 32768 32768 32768 32768 32768 640 32768 640 640 32768 640 640 32768 32768 32768 32768 640 640 32768 32768 32768 32768 32768 32768 32768 32768 32768 32768 32768 32768 32768 32768 32768 320 320 320 320 320 32768 32768 32768 32768 32768 32768 32768 32768 32768 32768 32768 32768 32768 32768 32768 32768 32768 32768 32768 32768 32768 32768
32768 32768 32768 32768 32768 32768 32768 32768 32768 32768 32768 32768 32768 32768 32768 32768 32768 32768 32768 32768 32768 32768 32768 32768 32768 32768 32768 32768 32768 32768 32768 32768 32768 32768 32768 32768 32768 32768 32768 32768 32768 32768 32768 32768 32768 32768 32768 1152 32768 32768 32768 32768 32784 32784 1170 32784 32784 32784 32784 1170 1168 32784 32768 32768 32768 1152 192 32768 192 32768 32768 32768 32768 192 32768 32768 4288 4288 32768 32768 32768 32768 32768 192 32768 32768 32768 32768 32768 32768 32768 32768 32768 32768 32768 32768 32768 32768 32768 32768 32768 32768 32768 32784 32768 32768 32768 32768 32784 32768 32768 32768 32768 32768 32768 32768 32768 32768 32768 32768 32768 32768 32768 32768 192 192 192 192 192 192 32768 32768 32768 32768 32768 32768 32768 32768 640 640 32768 32768 32768 32768 32768 32768 32768 32768 32768 192 32768 32768 32768 32768 32768 32768 32768 32768 1152 32768 32768 32768 32768 32768 32768 32768 32768 32768 32768 32768 32768 32768 320 320 320 320 320 32768 32768 32768 32768 32768 32768 32768 32768 32768 32768 32768 32768 32768 32768 32768 32768 32768 32768 32768 32768 32768 32768 32768
32768 32768 32768 32768 32768 32768 32768 32768 32768 32768 32768 32768 32768 32768 32768 32768 32768 32768 32768 32768 32768 32768 32768 32768 32768 32768 32768 32768 32768 32768 32768 32768 32768 32768 32768 32768 32768 32768 32768 32768 32768 32768 32768 32768 32768 32768 32768 32768 32768 32768 32768 32768 32768 208 32784 32784 32768 32768 32784 32784 32784 192 32768 32768 192 192 32768 192 32768 32768 32768 32768 32768 32768 32768 32768 32768 32768 32768 32768 32768 32768 32768 32768 32768 32768 32768 32768 32768 32768 32768 32768 32768 32768 32768 32768 32768 32768 32768 32768 32768 32768 32768 32784 32768 32768 32768 32784 32768 32768 32768 32768 32768 32768 32768 32768 32768 32768 32768 32768 32768 32768 32768 192 192 192 192 32768 192 192 192 192 32768 32768 32768 32768 32768 640 640 32768 32768 32768 32768 32768 32768 32768 32768 32768 32768 32768 32768 32768 32768 32768 32768 32768 32768 32768 32768 32768 32768 32768 32768 32768 32768 32768 32768 32768 32768 32768 32768 32768 32768 32768 320 32768 32768 32768 32768 32768 32768 32768 32768 32768 32768 32768 32768 32768 32768 32768 32768 32768 32768 32768 32768 32768 32768 32768 32768 32768
32768 32768 32768 32768 32768 32768 32768 32768 32768 32768 32768 32768 32768 32768 32768 32768 32768 32768 32768 32768 32768 32768 32768 32768 32768 32768 32768 32768 32768 32768 32768 32768 32768 32768 32768 32768 32768 32768 32768 32768 32768 32768 32768 32768 32768 32768 32768 32768 32768 32768 32768 32768 32768 32768 32768 32768 32768 32768 32768 32768 32768 32768 32768 32768 32768 32768 32768 32768 32768 32768 32768 32768 32768 32768 32768 32768 32768 32768 32768 32768 32768 32768 32768 32768 32768 32768 32768 32768 32768 32768 32768 32768 32768 32768 32768 32768 32768 32768 32768 32768 32768 32768 32768 32768 32784 32768 32768 32784 32768 32768 32768 32768 32768 32768 32768 32768 32768 32768 32768 32768 32768 192 192 32768 192 32768 32768 32768 32768 32768 32768 32768 32768 32768 32768 32768 32768 32768 32768 32768 32768 32768 32768 32768 32768 32768 32768 32768 32768 32768 32768 32768 32768 32768 32768 32768 32768 32768 32768 32768 32768 32768 32768 32768 32768 32768 32768 32768 32768 32768 32768 32768 32768 32768 32768 32768 32768 32768 32768 32768 32768 32768 32768 32768 32768 32768 32768 32768 32768 32768 32768 32768 32768 32768 32768 32768 32768 32768 32768 32768
32768 32768 32768 32768 32768 32768 32768 32768 32768 32768 32768 32768 32768 32768 32768 32768 32768 32768 32768 32768 32768 32768 32768 32768 32768 32768 32768 32768 32768 32768 32768 32768 32768 32768 32768 32768 32768 32768 32768 32768 32768 32768 32768 32768 32768 32768 32768 32768 32768 32768 32768 32768 32768 32768 32768 32768 32768 32768 32768 32768 32768 32768 32768 32768 32768 32768 32768 32768 32768 32768 32768 32768 32768 32768 32768 32768 32768 32768 32768 32768 32768 32768 32768 32768 32768 32768 32768 32768 32768 32768 32768 32768 32768 32768 32768 32768 32768 32768 32768 32768 32768 32768 32768 32768 32768 32784 32784 32768 32768 32768 32768 32768 32768 32768 32768 32768 32768 32768 32768 32768 192 192 32768 192 32768 32768 32768 32768 32768 32768 32768 32768 32768 32768 32768 32768 32768 32768 32768 32768 32768 32768 32768 32768 32768 32768 32768 32768 32768 32768 32768 32768 32768 32768 32768 32768 32768 32768 32768 32768 32768 32768 32768 32768 32768 32768 32768 32768 32768 32768 32768 32768 32768 32768 32768 32768 32768 32768 32768 32768 32768 32768 32768 32768 32768 32768 32768 32768 32768 32768 32768 32768 32768 32768 32768 32768 32768 32768 32768 32768
32768 32768 32768 32768 32768 32768 32768 32768 32768 32768 32768 32768 32768 32768 32768 32768 32768 32768 32768 32768 32768 32768 32768 32768 32768 32768 32768 32768 32768 32768 32768 32768 32768 32768 32768 32768 32768 32768 32768 32768 32768 32768 32768 32768 32768 32768 32768 32768 32768 32768 32768 32768 32768 32768 32768 32768 32768 32768 32768 32768 32768 32768 32768 32768 32768 32768 32768 32768 32768 32768 32768 32768 32768 32768 32768 32768 32768 32768 32768 32768 32768 32768 32768 32768 32768 32768 32768 32768 32768 32768 32768 32768 32768 32768 32768 32768 32768 32768 32768 32768 32768 32768 32768 32768 32768 32784 32784 32768 32768 32768 320 32768 32768 32768 32768 32768 32768 32768 32768 32768 192 32768 192 192 32768 32768 32768 32768 32768 32768 32768 32768 32768 32768 32768 32768 32768 32768 32768 32768 32768 32768 32768 32768 32768 32768 32768 32768 32768 32768 32768 32768 32768 32768 32768 32768 32768 32768 32768 32768 32768 32768 32768 32768 32768 32768 32768 32768 32768 32768 32768 32768 32768 32768 32768 32768 32768 32768 32768 32768 32768 32768 32768 32768 32768 32768 32768 32768 32768 32768 32768 32768 32768 32768 32768 32768 32768 32768 32768 32768
32768 32768 32768 32768 32768 32768 32768 32768 32768 32768 32768 32768 32768 32768 32768 32768 32768 32768 32768 32768 32768 32768 32768 32768 32768 32768 32768 32768 32768 32768 32768 32768 32768 32768 32768 32768 32768 32768 32768 32768 32768 32768 32768 32768 32768 32768 32768 32768 32768 32768 32768 32768 32768 32768 32768 32768 32768 32768 32768 32768 32768 32768 32768 32768 32768 32768 32768 32768 32768 32768 32768 32768 32768 32768 32768 32768 32768 32768 32768 32768 32768 32768 32768 32768 32768 32768 32768 32768 32768 32768 32768 32768 32768 32768 32768 32768 32768 32768 32768 32768 32768 32768 32768 32768 32768 32784 344 32768 32768 320 320 320 32768 32768 32768 32768 32768 32768 32768 32768 32768 32768 32768 32768 32768 32768 32768 32768 32768 32768 32768 32768 32768 32768 32768 32768 32768 32768 32768 32768 32768 32768 32768 32768 32768 32768 32768 32768 32768 32768 32768 32768 32768 32768 32768 32768 32768 32768 32768 32768 32768 32768 32768 32768 32768 32768 32768 32768 32768 32768 32768 32768 32768 32768 32768 32768 32768 32768 32768 32768 32768 32768 32768 32768 32768 32768 32768 32768 32768 32768 32768 32768 32768 32768 32768 32768 32768 32768 32768 32768
32768 32768 32768 32768 32768 32768 32768 32768 32768 32768 32768 32768 32768 32768 32768 32768 32768 32768 32768 32768 32768 32768 32768 32768 32768 32768 32768 32768 32768 32768 32768 32768 32768 32768 32768 32768 32768 32768 32768 32768 32768 32768 32768 32768 32768 32768 32768 32768 32768 32768 32768 32768 32768 32768 32768 32768 32768 32768 32768 32768 32768 32768 32768 32768 32768 32768 32768 32768 32768 32768 32768 32768 32768 32768 32768 32768 32768 32768 32768 32768 32768 32768 32768 32768 32768 32768 32768 32768 32768 32768 32768 32768 32768 32768 32768 32768 32768 32768 32768 32768 32768 32768 32768 32768 32768 344 344 328 344 320 320 320 32768 32768 32768 32768 32768 32768 32768 32768 32768 32768 32768 32768 32768 32768 32768 32768 32768 32768 32768 32768 32768 32768 32768 32768 32768 32768 32768 32768 32768 32768 32768 32768 32768 32768 32768 32768 32768 32768 32768 32768 32768 32768 32768 32768 32768 32768 32768 32768 32768 32768 32768 32768 32768 32768 32768 32768 32768 32768 32768 32768 32768 32768 32768 32768 32768 32768 32768 32768 32768 32768 32768 32768 32768 32768 32768 32768 32768 32768 32768 32768 32768 32768 32768 32768 32768 32768 32768 32768
32768 32768 32768 32768 32768 32768 32768 32768 32768 32768 32768 32768 32768 32768 32768 32768 32768 32768 32768 32768 32768 32768 32768 32768 32768 32768 32768 32768 32768 32768 32768 32768 32768 32768 32768 32768 32768 32768 32768 32768 32768 32768 32768 32768 32768 32768 32768 32768 32768 32768 32768 32768 32768 32768 32768 32768 32768 32768 32768 32768 32768 32768 32768 32768 32768 32768 32768 32768 32768 32768 32768 32768 32768 32768 32768 32768 32768 32768 32768 32768 32768 32768 32768 32768 32768 32768 32768 32768 32768 32768 32768 32768 32768 32768 32768 32768 32768 32768 32768 32768 32768 32768 32768 32768 32784 320 344 344 344 320 320 320 32768 32768 32768 32768 32768 32768 32768 32768 32768 32768 32768 32768 32768 32768 32768 32768 32768 32768 32768 32768 32768 32768 32768 32768 32768 32768 32768 32768 32768 32768 32768 32768 32768 32768 32768 32768 32768 32768 32768 32768 32768 32768 32768 32768 32768 32768 32768 32768 32768 32768 32768 32768 32768 320 32768 32768 32768 32768 32768 32768 32768 32768 32768 32768 32768 32768 32768 32768 32768 32768 32768 32768 32768 32768 32768 32768 32768 32768 32768 32768 32768 32768 32768 32768 32768 32768 32768 32768
32768 32768 32768 32768 32768 32768 32768 32768 32768 32768 32768 32768 32768 32768 32768 32768 32768 32768 32768 32768 32768 32768 32768 32768 32768 32768 32768 32768 32768 32768 32768 32768 32768 32768 32768 32768 32768 32768 32768 32768 32768 32768 32768 32768 32768 32768 32768 32768 32768 32768 32768 32768 32768 32768 32768 32768 32768 32768 32768 32768 32768 32768 32768 32768 32768 32768 32768 32768 32768 32768 32768 32768 32768 32768 32768 32768 32768 32768 32768 32768 32768 32768 32768 32768 32768 32768 32768 32768 32768 32768 32768 32768 32768 32768 32768 32768 32768 32768 32768 32768 32768 32768 320 32768 336 336 320 344 320 320 320 320 32768 32768 32768 32768 32768 32768 32768 32768 32768 32768 32768 32768 32768 32768 32768 32768 32768 32768 32768 32768 32768 32768 32768 32768 32768 32768 32768 32768 32768 32768 32768 32768 32768 32768 32768 32768 32768 32768 32768 32768 32768 32768 32768 32768 32768 32768 32768 32768 32768 32768 32768 32768 320 320 320 32768 32768 32768 32768 32768 32768 32768 32768 32768 32768 32768 32768 32768 32768 32768 32768 32768 32768 32768 32768 32768 32768 32768 32768 32768 32768 32768 32768 32768 32768 32768 32768 32768
32768 32768 32768 32768 32768 32768 32768 32768 32768 32768 32768 32768 32768 32768 32768 32768 32768 32768 32768 32768 32768 32768 32768 32768 32768 32768 32768 32768 32768 32768 32768 32768 32768 32768 32768 32768 32768 32768 32768 32768 32768 32768 32768 32768 32768 32768 32768 32768 32768 32768 32768 32768 32768 32768 32768 32768 32768 32768 32768 32768 32768 32768 32768 32768 32768 32768 32768 32768 32768 32768 32768 32768 32768 32768 32768 32768 32768 32768 32768 32768 32768 32768 32768 32768 32768 32768 32768 32768 32768 32768 32768 32768 32768 32768 32768 32768 32768 32768 32768 32768 32768 320 320 8528 320 320 320 320 320 320 320 32768 32768 32768 32768 32768 32768 32768 32768 32768 32768 32768 32768 32768 32768 32768 32768 32768 32768 32768 32768 32768 32768 32768 32768 32768 32768 32768 32768 32768 32768 32768 32768 32768 32768 32768 32768 32768 32768 32768 32768 32768 32768 32768 32768 32768 32768 32768 32768 32768 32768 32768 32768 32768 320 320 320 32768 32768 32768 32768 32768 32768 32768 32768 32768 32768 32768 32768 32768 32768 32768 32768 32768 32768 32768 32768 32768 32768 32768 32768 32768 32768 32768 32768 32768 32768 32768 32768 32768
32768 32768 32768 32768 32768 32768 32768 32768 32768 32768 32768 32768 32768 32768 32768 32768 32768 32768 32768 32768 32768 32768 32768 32768 32768 32768 32768 32768 32768 32768 32768 32768 32768 32768 32768 32768 32768 32768 32768 32768 32768 32768 32768 32768 32768 32768 32768 32768 32768 32768 32768 32768 32768 32768 32768 32768 32768 32768 32768 32768 32768 32768 32768 32768 32768 32768 32768 32768 32768 32768 32768 32768 32768 32768 32768 32768 32768 32768 32768 32768 32768 32768 32768 32768 32768 32768 32768 32768 32768 32768 32768 32768 32768 32768 32768 32768 32768 32768 32768 32768 320 320 320 320 320 320 320 320 320 320 320 320 32768 32768 32768 32768 32768 32768 32768 32768 32768 32768 32768 32768 32768 32768 32768 32768 32768 32768 32768 32768 32768 32768 32768 32768 32768 32768 32768 32768 32768 32768 32768 32768 32768 32768 32768 32768 32768 32768 32768 32768 32768 32768 32768 32768 32768 32768 32768 32768 32768 32768 32768 32768 320 320 320 320 32768 32768 32768 32768 32768 32768 32768 32768 32768 32768 32768 32768 32768 32768 32768 32768 32768 32768 32768 32768 32768 32768 32768 32768 32768 32768 32768 32768 32768 32768 32768 32768
32768 32768 32768 32768 32768 32768 32768 32768 32768 32768 32768 32768 32768 32768 32768 32768 32768 32768 32768 32768 32768 32768 32768 32768 32768 32768 32768 32768 32768 32768 32768 32768 32768 32768 32768 32768 32768 32768 32768 32768 32768 32768 32768 32768 32768 32768 32768 32768 32768 32768 32768 32768 32768 32768 32768 32768 32768 32768 32768 32768 32768 32768 32768 32768 32768 32768 32768 32768 32768 32768 32768 32768 32768 32768 32768 32768 32768 32768 32768 32768 32768 32768 32768 32768 32768 32768 32768 32768 32768 32768 32768 32768 32768 32768 32768 32768 32768 32768 32768 32768 32768 320 320 320 320 320 320 320 320 320 320 32768 32768 32768 32768 32768 32768 32768 32768 32768 32768 32768 32768 32768 32768 32768 32768 32768 32768 32768 32768 32768 32768 32768 32768 32768 32768 32768 32768 32768 32768 32768 32768 32768 32768 32768 32768 32768 32768 32768 32768 32768 32768 32768 32768 32768 32768 32768 32768 32768 32768 32768 32768 32768 32768 320 320 32768 32768 32768 32768 32768 32768 32768 32768 32768 32768 32768 32768 32768 32768 32768 32768 32768 32768 32768 32768 32768 32768 32768 32768 32768 32768 32768 32768 32768 32768 32768 32768 32768
