{"cameraMode":{"drawMode":0,"name":"Shaded","section":"Shading Mode"},"sceneLighting":false,"audioPlay":false,"sceneViewState":{"m_AlwaysRefresh":false,"showFog":true,"showSkybox":true,"showFlares":true,"showImageEffects":true,"showParticleSystems":true,"showVisualEffectGraphs":true,"m_FxEnabled":false},"in2DMode":false,"pivot":{"x":1.7304859161376954,"y":-5.379875659942627,"z":-14.843250274658204},"rotation":{"x":-0.15555478632450105,"y":0.0513412281870842,"z":0.008114106953144074,"w":0.9864911437034607},"size":4.9458723068237309,"orthographic":false}